,Player,Age_x,W,L,MP,FGM,FGA,FG%,3PM,3PA,3P%,FTM,FTA,FT%_x,OREB,DREB_x,REB,AST,TOV,PF,FP,DD2,TD3,+/-,DEF_RTG,DREB_y,DREB%,T_DREB%_x,STL,T_STL%_x,BLK,T_BLK%_x,OP_TOV,OP_2NDPTS,OP_PAINT,DEF_WS,USG%,T_FGM%,T_FGA%,T_3PM%,T_3PA%,T_FTM%,T_FTA%,T_OREB%,T_DREB%_y,T_REB%,T_AST%,T_TOV%,T_STL%_y,T_BLK%_y,T_BLKA%,T_PF%,T_PFD%,T_PTS%,Age_y,FGA_2P%,FGA_3P%,2PT%,2PT_MR%,3PT%,FBPTS%,FT%_y,OFFTOV%,PAINTPTS%,AST_2FGM%,UAST_2FGM%,AST_3FGM%,UAST_3FGM%,FGM_AST%,FGM_UAST%,PTS_TOV,2ND_CH_PTS,FB_PTS,PAINT_PTS,OPP_PTS_TOV,OPP_2ND_PTS,OPP_FBPTS,OPP_PAINT_PTS,BLKA,PFD,Team,Minutes,BSR Off.,BSR Def.,BSR Total,OOR Off.,OOR Def.,OOR Total,OVR Off.,OVR Def.,OVR total,WAR,Unnamed: 0,salary
2,Luka Doncic,20,14,6,33.8,9.8,20.3,48.4,3.2,9.6,33.5,7.9,9.6,82.3,1.6,8.8,10.3,9.4,4.6,2.5,57.4,15,7,6.1,8.8,23.6,34.0,1.5,31.9,0.2,4.8,11.1,9.7,10.7,33.7,0.078,35.3,34.2,32.8,30.0,31.9,49.7,47.2,20.3,34.0,30.9,56.6,47.9,31.9,4.8,22.4,18.6,45.8,36.6,20,52.8,47.2,43.0,2.9,31.3,8.6,25.7,9.4,40.1,18.9,81.1,26.6,73.4,21.4,78.6,2.9,3.0,2.7,12.3,11.1,9.7,10.7,33.7,0.6,7.4,Mavericks,676.0,10.8,1.3,12.1,5.8,-4.2,1.6,10.2,0.3,10.4,4.6,,
26,Bojan Bogdanovic,30,12,8,33.1,7.3,15.3,47.4,3.1,6.8,44.9,3.4,3.9,87.0,0.7,3.7,4.4,2.1,2.8,2.0,29.4,0,0,3.8,3.7,10.3,14.4,0.8,18.8,0.2,6.9,12.2,9.5,9.5,31.8,0.118,25.1,26.8,26.4,33.9,31.1,24.0,21.1,12.2,14.4,14.0,13.4,25.6,18.8,6.9,43.1,14.2,18.6,27.1,30,55.6,44.4,40.2,3.3,43.8,14.1,16.0,20.6,36.8,48.8,51.2,88.5,11.5,65.5,34.5,4.3,1.7,3.0,7.7,12.2,9.5,9.5,31.8,1.4,3.0,Jazz,662.0,1.3,-1.4,-0.1,7.8,-2.2,5.6,2.7,-1.6,1.1,1.3,,
41,Marcus Morris Sr.,30,4,15,33.0,6.0,14.2,42.4,2.8,5.4,52.4,3.8,4.6,83.9,1.2,4.9,6.2,1.3,1.9,3.3,30.8,1,0,-4.4,4.9,15.2,22.7,0.9,16.1,0.6,20.0,11.4,8.2,10.6,29.2,0.056,22.3,22.8,23.3,37.8,28.5,34.9,28.1,13.1,22.7,19.8,9.0,18.8,16.1,20.0,16.1,18.6,23.8,26.3,30,61.7,38.3,33.8,17.5,45.6,8.5,20.6,15.8,16.3,38.3,61.7,77.8,22.2,57.0,43.0,2.9,1.9,1.6,3.1,11.4,8.2,10.6,29.2,0.5,3.3,Knicks,628.0,0.7,0.1,0.9,4.2,1.6,5.8,1.6,0.5,2.1,1.5,,
52,Kelly Oubre Jr.,23,9,10,31.4,6.2,13.4,46.1,1.6,4.6,34.1,3.9,4.8,80.4,1.3,4.5,5.8,1.6,1.6,3.2,31.4,2,0,1.1,4.5,14.1,20.7,1.4,27.7,0.6,20.8,10.1,8.6,8.4,32.9,0.074,22.5,23.2,23.2,19.7,20.8,28.2,28.4,23.5,20.7,21.2,9.0,17.2,27.7,20.8,34.7,21.6,23.5,23.7,23,65.4,34.6,51.5,5.9,26.6,15.4,21.9,24.0,45.6,58.6,41.4,96.7,3.3,68.4,31.6,4.3,2.4,2.7,8.1,10.1,8.6,8.4,32.9,1.3,4.1,Suns,596.0,1.4,1.9,3.4,-1.7,-1.9,-3.7,0.8,1.3,2.1,1.5,,
58,Nikola Vucevic,29,6,8,30.8,6.8,15.1,45.0,1.1,3.6,32.0,2.4,2.8,84.6,2.9,8.6,11.6,3.5,1.4,1.9,39.9,10,0,4.2,8.6,27.5,36.7,0.6,12.3,1.1,26.8,8.8,6.9,6.3,28.0,0.120,25.0,26.3,26.7,17.2,18.7,21.7,21.0,44.1,36.7,38.3,21.7,19.6,12.3,26.8,28.9,17.8,21.8,24.7,29,76.3,23.7,66.1,7.5,20.1,2.9,13.8,10.9,58.6,72.2,27.8,100,0.0,76.8,23.2,1.9,1.4,0.5,10.0,8.8,6.9,6.3,28.0,0.8,2.7,Magic,431.0,-0.2,1.9,1.7,4.9,-0.2,4.7,0.9,1.5,2.4,1.1,,
65,Kristaps Porzingis,24,13,6,30.5,5.9,15.1,39.2,2.2,6.2,35.0,2.7,3.8,69.9,1.7,7.4,9.1,1.4,1.7,2.9,36.3,7,0,2.8,7.4,21.7,30.8,0.6,13.3,2.2,64.6,9.8,8.7,11.1,27.7,0.089,24.9,23.5,26.7,25.2,24.0,20.9,22.7,24.6,30.8,29.4,9.8,19.0,13.3,64.6,24.4,23.9,20.7,23.2,24,59.1,40.9,44.9,12.7,38.9,7.9,16.1,8.5,32.3,66.2,33.8,97.6,2.4,77.7,22.3,1.4,2.7,1.3,5.4,9.8,8.7,11.1,27.7,0.5,2.8,Mavericks,579.0,-2.6,1.1,-1.5,-4.3,2.3,-2.0,-3.3,1.4,-1.8,0.3,,
71,Goran Dragic,33,13,5,28.7,5.4,11.6,46.6,2.2,5.3,40.6,3.0,4.2,71.1,0.3,2.9,3.2,5.0,2.6,1.8,27.4,0,0,1.8,2.9,9.4,14.1,0.7,14.8,0.2,8.5,12.3,8.7,7.7,28.1,0.074,23.1,23.7,24.0,26.4,25.7,20.6,22.6,6.6,14.1,12.6,34.7,23.3,14.8,8.5,23.1,12.8,19.0,23.3,33,53.8,46.2,40.4,4.9,40.8,13.9,18.8,13.2,35.5,25.9,74.1,53.8,46.2,37.1,62.9,2.1,0.6,2.2,5.7,12.3,8.7,7.7,28.1,0.5,2.9,Heat,517.0,3.4,-2.2,1.2,0.9,-7.9,-7.0,3.1,-3.5,-0.4,0.6,,
72,Jaren Jackson Jr.,20,6,13,26.7,5.7,12.3,46.2,2.1,5.3,38.6,2.3,2.8,83.0,1.3,3.5,4.8,1.4,1.8,4.1,26.5,1,0,-7.2,3.5,12.7,18.2,0.5,12.3,1.1,42.0,10.8,8.6,8.7,26.4,0.009,23.8,25.0,24.3,29.3,27.2,31.4,29.4,23.5,18.2,19.4,9.3,20.2,12.3,42.0,33.3,30.1,31.5,26.3,20,56.8,43.2,46.2,2.0,39.1,7.0,14.7,8.0,44.1,68.1,31.9,89.7,10.3,75.9,24.1,1.3,2.2,1.1,6.9,10.8,8.6,8.7,26.4,1.2,3.4,Grizzlies,508.0,-0.5,-1.0,-1.5,-0.5,-10.0,-10.4,-0.5,-2.9,-3.4,-0.2,,
75,Dennis Schroder,26,8,11,28.8,6.0,13.6,44.2,1.4,4.8,29.7,2.1,2.7,76.5,0.4,3.5,3.9,3.9,2.9,2.2,26.3,0,0,2.1,3.5,11.1,16.7,0.8,18.8,0.3,7.9,9.9,8.7,7.0,25.9,0.143,25.9,25.8,27.0,22.3,25.7,18.3,18.3,9.2,16.7,15.3,30.5,31.6,18.8,7.9,20.0,17.4,19.0,24.1,26,64.7,35.3,59.2,19.0,27.6,9.9,13.3,14.6,40.1,32.2,67.8,88.9,11.1,45.6,54.4,2.3,0.7,1.5,6.2,9.9,8.7,7.0,25.9,0.6,2.6,Thunder,547.0,-1.9,0.4,-1.5,-2.0,13.3,11.3,-2.0,3.1,1.1,1.1,,
76,Nikola Jokic,24,13,5,31.2,6.2,13.8,45.2,0.9,3.9,22.5,2.1,2.7,77.6,2.1,7.9,10.1,6.1,2.8,3.3,39.1,7,3,5.7,7.9,25.0,34.5,1.2,22.4,0.5,18.4,8.9,6.8,8.7,28.8,0.152,24.4,23.6,23.8,13.7,20.0,21.3,22.3,31.4,34.5,33.8,37.3,31.8,22.4,18.4,14.3,26.3,30.2,22.4,24,71.4,28.6,69.1,14.4,17.3,5.0,13.7,12.9,54.7,52.1,47.9,93.8,6.3,58.0,42.0,2.0,2.6,0.8,8.4,8.9,6.8,8.7,28.8,0.4,4.1,Nuggets,561.0,0.5,0.2,0.7,1.5,-1.9,-0.5,0.7,-0.4,0.4,0.9,,
79,JJ Redick,35,6,14,28.6,4.8,10.9,43.8,3.4,7.4,45.9,2.2,2.6,84.3,0.2,3.0,3.2,2.0,1.3,1.6,22.7,0,0,-2.4,3.0,9.9,14.6,0.5,8.8,0.3,8.8,11.7,9.2,8.6,30.1,0.030,18.3,18.8,19.6,38.0,32.2,21.7,19.4,3.0,14.6,11.7,13.0,13.4,8.8,8.8,15.1,12.3,19.2,21.7,35,31.8,68.2,17.9,11.3,67.8,17.9,14.3,14.0,6.6,88.9,11.1,91.2,8.8,90.5,9.5,2.1,1.4,2.7,1.0,11.7,9.2,8.6,30.1,0.4,2.3,Pelicans,573.0,1.9,-2.2,-0.3,0.3,-0.3,0.0,1.6,-1.9,-0.2,0.7,,
82,Bogdan Bogdanovic,27,8,10,27.5,5.2,12.7,40.6,2.8,7.2,38.5,1.7,2.3,71.4,0.2,2.5,2.7,4.7,1.9,1.8,27.7,2,0,-1.3,2.5,9.5,14.1,1.4,34.2,0.1,3.7,9.0,6.1,4.9,24.4,0.068,24.5,24.3,26.4,37.0,35.2,18.3,20.1,4.0,14.1,11.7,35.7,21.8,34.2,3.7,33.3,14.3,19.8,25.0,27,43.2,56.8,32.3,15.0,56.4,12.8,11.3,14.3,17.3,18.6,81.4,80.0,20.0,51.6,48.4,2.1,1.4,1.9,2.6,9.0,6.1,4.9,24.4,0.8,2.3,Kings,495.0,3.3,-0.2,3.2,-0.5,-0.1,-0.7,2.8,-0.1,2.6,1.3,,
89,Marvin Bagley III,20,0,1,27.7,6.0,16.0,37.5,0.0,0.0,0.0,2.0,4.0,50.0,4.0,6.0,10.0,0.0,1.0,1.0,31.0,1,0,-21.0,6.0,18.8,24.0,1.0,50.0,1.0,33.3,17.0,10.0,22.0,48.0,-0.029,25.7,27.3,31.4,0.0,0.0,28.6,33.3,50.0,24.0,30.3,0.0,5.9,50.0,33.3,50.0,7.7,30.0,24.1,20,100,0.0,85.7,28.6,0.0,0.0,14.3,14.3,57.1,66.7,33.3,0.0,0.0,66.7,33.3,2.0,7.0,0.0,8.0,17.0,10.0,22.0,48.0,3.0,3.0,Kings,28.0,-7.2,0.9,-6.3,-11.8,-6.9,-18.7,-8.5,-0.6,-9.2,-0.1,,
99,Davis Bertans,27,6,13,28.3,4.5,9.8,46.2,3.5,7.8,44.6,1.1,1.3,87.5,0.8,3.7,4.5,1.7,0.7,2.6,24.5,0,0,-0.9,3.7,12.9,19.7,0.6,14.8,0.6,22.4,10.2,9.7,7.0,29.7,0.019,15.5,16.9,17.6,37.7,33.3,11.4,10.9,15.6,19.7,18.8,9.7,8.0,14.8,22.4,8.5,18.1,9.4,18.8,27,20.4,79.6,15.4,2.3,76.4,17.4,8.1,22.4,13.1,70.0,30.0,89.4,10.6,84.9,15.1,3.1,0.8,2.4,1.8,10.2,9.7,7.0,29.7,0.3,1.2,Wizards,537.0,3.6,-1.0,2.6,4.6,0.3,4.9,4.0,-0.7,3.3,1.7,,
101,Jonas Valanciunas,27,5,13,24.6,5.7,10.3,55.4,0.6,1.7,33.3,1.6,1.8,84.8,2.6,7.2,9.8,1.9,2.2,2.6,29.5,11,0,-3.8,7.2,27.1,37.7,0.3,8.3,0.9,38.1,10.7,6.0,7.4,24.8,0.058,21.6,27.2,22.1,10.0,11.1,21.2,19.8,43.1,37.7,39.0,14.6,23.5,8.3,38.1,17.9,24.9,19.4,24.6,27,83.9,16.1,76.2,4.1,12.3,7.0,11.5,12.3,72.1,54.8,45.2,100,0.0,59.2,40.8,1.7,3.5,0.9,9.8,10.7,6.0,7.4,24.8,0.7,1.8,Grizzlies,444.0,-0.7,0.9,0.2,-1.8,0.3,-1.4,-0.9,0.9,0.0,0.6,,
107,Taurean Prince,25,10,10,30.2,4.7,11.8,39.6,2.8,7.1,39.0,1.0,1.4,70.4,0.9,5.1,6.0,1.9,2.2,2.8,24.5,4,0,1.7,5.1,15.3,23.1,0.8,18.0,0.4,12.7,9.5,8.0,6.4,30.9,0.072,19.5,17.8,20.4,29.6,28.1,8.6,9.1,13.0,23.1,20.7,12.6,23.8,18.0,12.7,19.0,21.6,11.0,17.9,25,40.0,60.0,29.2,3.8,63.5,10.4,7.3,13.8,25.4,63.2,36.8,83.6,16.4,75.3,24.7,1.8,1.1,1.4,3.3,9.5,8.0,6.4,30.9,0.6,1.5,Nets,605.0,-1.7,0.2,-1.5,4.6,-2.3,2.3,-0.5,-0.3,-0.8,0.6,,
113,Tim Hardaway Jr.,27,14,6,24.4,4.3,10.4,41.5,2.3,6.3,36.0,1.8,2.3,80.0,0.3,1.9,2.1,1.8,0.6,2.0,19.5,0,0,5.6,1.9,6.5,9.5,0.6,16.9,0.2,6.5,6.2,7.0,7.2,23.4,0.086,19.9,20.6,22.3,29.6,29.3,15.7,15.5,4.6,9.5,8.4,14.8,10.3,16.9,6.5,22.9,18.9,14.0,20.8,27,39.6,60.4,32.4,11.9,53.4,11.1,14.2,11.1,20.6,51.2,48.8,93.3,6.7,73.3,26.7,1.4,1.9,1.4,2.6,6.2,7.0,7.2,23.4,0.4,1.7,Mavericks,489.0,1.7,1.4,3.1,1.0,2.5,3.5,1.6,1.7,3.3,1.5,,
115,Wendell Carter Jr.,20,7,14,29.3,4.9,8.7,56.6,0.1,0.7,14.3,2.7,3.9,69.1,3.7,6.0,9.7,0.9,1.5,4.0,28.5,11,0,0.0,6.0,20.4,29.7,0.7,12.6,0.8,42.1,10.9,7.0,9.4,29.0,0.091,16.8,20.6,15.9,1.2,3.1,23.5,25.9,52.4,29.7,35.5,6.4,15.9,12.6,42.1,27.6,28.1,25.2,18.8,20,92.3,7.7,76.5,3.8,2.3,8.0,21.2,19.3,72.7,63.4,36.6,100,0.0,64.1,35.9,2.4,4.4,1.0,9.1,10.9,7.0,9.4,29.0,1.0,3.4,Bulls,616.0,-2.0,-1.0,-3.0,5.6,1.9,7.5,-0.5,-0.5,-0.9,0.6,,
117,Danuel House Jr.,26,9,5,29.7,3.9,8.3,47.4,2.6,5.8,44.4,1.9,2.4,79.4,1.1,3.4,4.6,1.1,0.9,2.0,24.6,0,0,4.9,3.4,10.3,15.0,1.3,23.4,0.7,18.9,13.9,7.4,9.7,31.0,0.099,13.3,15.4,14.7,27.7,21.0,13.0,12.6,15.4,15.0,15.1,7.5,8.8,23.4,18.9,9.3,14.7,14.4,16.5,26,30.2,69.8,22.0,1.2,62.4,19.1,15.6,15.6,20.8,84.2,15.8,100,0.0,94.5,5.5,1.9,1.7,2.4,2.6,13.9,7.4,9.7,31.0,0.3,2.1,Rockets,416.0,1.3,3.4,4.7,1.9,0.8,2.8,1.4,3.1,4.5,1.6,,
129,P.J. Washington,21,8,14,27.6,4.5,8.9,50.5,1.3,3.0,43.9,1.5,2.2,66.7,0.9,4.1,5.0,1.6,1.2,2.7,24.5,1,0,-4.9,4.1,15.6,22.4,1.1,28.7,0.7,33.3,10.9,6.7,7.4,31.4,0.024,16.9,20.2,17.9,17.2,15.2,17.8,20.0,15.0,22.4,20.6,10.7,12.3,28.7,33.3,16.4,25.0,21.0,19.5,21,66.3,33.7,54.1,0.8,33.6,15.1,12.4,15.4,53.3,85.7,14.3,96.6,3.4,88.9,11.1,1.8,0.9,1.8,6.3,10.9,6.7,7.4,31.4,0.4,2.3,Hornets,608.0,-0.8,-2.6,-3.3,-0.6,-1.7,-2.2,-0.7,-2.4,-3.2,-0.1,,
130,Glenn Robinson III,25,4,18,32.1,4.6,10.2,45.1,1.3,3.3,38.9,1.1,1.4,83.3,1.6,3.0,4.6,2.0,0.9,1.6,22.8,1,0,-7.1,3.0,8.9,13.8,0.9,17.4,0.3,10.4,12.9,10.0,8.2,33.9,0.021,15.0,17.8,17.4,19.4,17.1,9.1,8.9,22.9,13.8,16.0,11.5,9.3,17.4,10.4,20.9,11.4,8.5,16.4,25,67.9,32.1,57.3,15.7,32.9,20.0,9.8,25.1,41.6,78.1,21.9,89.3,10.7,81.2,18.8,2.9,1.4,2.3,4.8,12.9,10.0,8.2,33.9,0.8,1.0,Warriors,706.0,-1.0,-1.9,-2.9,2.5,-5.8,-3.3,-0.4,-2.7,-3.1,-0.1,,
135,Otto Porter Jr.,26,3,6,25.1,3.9,9.3,41.7,1.8,4.4,40.0,1.7,2.2,75.0,0.9,2.6,3.4,1.6,0.8,2.2,20.9,0,0,0.8,2.6,10.3,16.5,1.0,22.5,0.3,16.7,7.9,7.9,6.0,28.4,0.062,18.4,18.7,20.4,26.7,24.4,16.7,16.4,19.0,16.5,17.1,12.4,11.5,22.5,16.7,10.3,22.2,16.0,19.3,26,52.4,47.6,37.6,4.0,47.5,15.8,14.9,18.8,33.7,21.1,78.9,87.5,12.5,51.4,48.6,2.1,1.4,1.8,3.8,7.9,7.9,6.0,28.4,0.3,1.9,Bulls,226.0,0.8,-0.3,0.5,1.7,-1.6,0.0,1.1,-0.6,0.5,0.4,,
142,Dario Saric,25,9,10,28.0,3.9,9.3,41.8,1.7,4.7,36.0,1.4,1.6,87.1,1.7,5.5,7.2,2.0,1.4,2.5,25.6,4,0,2.3,5.5,19.3,27.9,0.9,22.2,0.5,23.8,9.6,7.6,6.8,28.7,0.070,16.8,16.1,17.9,21.5,21.7,13.0,12.2,30.5,27.9,28.5,12.0,15.5,22.2,23.8,20.0,19.4,13.8,16.2,25,49.7,50.3,40.6,3.9,46.4,7.7,13.0,16.9,36.7,71.4,28.6,96.9,3.1,82.4,17.6,1.8,0.5,0.8,4.0,9.6,7.6,6.8,28.7,0.6,2.0,Suns,533.0,-1.4,1.1,-0.4,4.0,-0.6,3.4,-0.4,0.8,0.4,0.9,,
144,Larry Nance Jr.,26,5,13,25.9,4.2,7.8,53.6,1.3,3.3,39.0,1.2,1.7,71.0,2.0,5.4,7.4,1.5,0.9,1.6,25.7,3,0,-7.1,5.4,21.1,30.9,1.1,23.8,0.5,27.3,8.8,8.3,6.8,27.2,0.011,15.3,20.6,16.2,20.9,17.4,13.1,14.2,35.0,30.9,31.9,13.4,12.2,23.8,27.3,4.5,15.8,16.1,19.4,26,57.9,42.1,53.3,3.1,35.4,5.1,11.3,13.8,50.3,61.5,38.5,95.7,4.3,72.0,28.0,1.5,2.2,0.6,5.4,8.8,8.3,6.8,27.2,0.2,1.8,Cavaliers,467.0,1.1,-2.4,-1.2,-1.3,-5.6,-6.8,0.7,-3.1,-2.4,0.1,,
154,Damion Lee,27,2,9,21.9,3.2,8.3,38.5,1.1,3.2,34.3,2.5,3.0,84.8,0.8,3.1,3.9,1.8,1.2,1.6,18.4,1,0,-1.8,3.1,12.5,18.4,0.7,20.5,0.0,0.0,9.4,6.9,7.1,21.5,0.049,18.8,18.5,20.1,23.5,22.6,21.2,21.7,14.8,18.4,17.5,18.9,17.1,20.5,0.0,18.5,21.2,28.1,19.6,27,61.5,38.5,41.8,10.9,32.7,21.8,25.5,19.1,30.9,60.9,39.1,91.7,8.3,71.4,28.6,1.9,1.3,2.2,3.1,9.4,6.9,7.1,21.5,0.5,3.3,Warriors,241.0,-0.4,-0.6,-0.9,-1.1,0.5,-0.6,-0.5,-0.3,-0.8,0.2,,
164,Tomas Satoransky,28,7,14,26.6,3.5,7.6,45.6,1.3,3.1,41.5,1.3,1.5,90.3,0.9,2.4,3.3,5.2,2.1,2.1,23.9,0,0,-1.0,2.4,9.1,13.5,1.4,29.1,0.1,7.0,11.1,7.6,8.0,30.4,0.057,16.2,15.8,15.7,17.6,16.3,12.7,10.7,15.4,13.5,13.9,39.4,23.2,29.1,7.0,10.7,17.5,17.4,15.5,28,59.4,40.6,45.8,3.0,40.3,13.9,13.9,15.4,42.8,17.4,82.6,96.3,3.7,46.6,53.4,1.5,0.7,1.3,4.1,11.1,7.6,8.0,30.4,0.4,2.1,Bulls,558.0,0.9,1.9,2.8,6.0,-2.9,3.1,2.1,1.0,3.1,1.7,,
178,Kadeem Allen,26,0,1,15.5,3.0,6.0,50.0,3.0,4.0,75.0,0.0,0.0,0.0,0.0,0.0,0.0,2.0,1.0,1.0,14.0,0,0,-5.0,0.0,0.0,0.0,1.0,50.0,0.0,0.0,6.0,2.0,9.0,20.0,0.002,20.0,25.0,20.7,60.0,26.7,0.0,0.0,0.0,0.0,0.0,33.3,33.3,50.0,0.0,100,25.0,0.0,29.0,26,33.3,66.7,0.0,0.0,100,33.3,0.0,33.3,0.0,0.0,0.0,66.7,33.3,66.7,33.3,3.0,0.0,3.0,0.0,6.0,2.0,9.0,20.0,1.0,0.0,Knicks,16.0,2.4,1.1,3.5,1.5,-6.8,-5.3,2.6,-0.3,2.3,0.0,,
181,Ky Bowman,22,4,18,23.6,3.5,7.9,45.1,1.0,2.5,40.0,0.9,0.9,95.0,0.6,2.2,2.8,2.8,1.2,2.0,18.7,0,0,-1.9,2.2,9.0,13.5,1.0,25.3,0.1,6.4,8.3,5.7,6.2,23.6,0.058,16.7,19.3,18.3,22.4,19.1,8.4,7.5,12.0,13.5,13.1,26.2,17.9,25.3,6.4,12.1,21.8,13.1,17.4,22,68.2,31.8,56.9,19.3,33.5,11.2,9.6,12.7,37.6,33.9,66.1,77.3,22.7,46.2,53.8,1.1,0.6,1.0,3.4,8.3,5.7,6.2,23.6,0.3,1.3,Warriors,519.0,-1.7,-1.4,-3.0,0.3,3.8,4.0,-1.3,-0.3,-1.6,0.3,,
215,Kevin Knox II,20,4,16,20.1,2.5,6.8,37.0,1.3,3.7,35.1,1.6,2.4,66.0,0.5,2.5,3.0,1.3,0.8,1.8,15.1,0,0,-5.6,2.5,12.2,17.8,0.5,16.4,0.3,15.0,7.7,4.6,5.6,18.7,0.032,17.8,16.9,18.8,27.1,26.4,20.7,21.4,11.6,17.8,16.3,16.0,12.1,16.4,15.0,12.1,16.7,19.3,18.7,20,45.2,54.8,30.6,10.2,49.7,15.3,19.7,21.7,20.4,41.7,58.3,96.2,3.8,70.0,30.0,1.7,1.0,1.2,1.6,7.7,4.6,5.6,18.7,0.2,1.7,Knicks,402.0,-1.5,-4.1,-5.7,-6.1,-3.9,-10.0,-2.5,-4.3,-6.8,-0.8,,
225,James Ennis III,29,15,6,17.2,2.6,5.1,50.5,1.0,2.2,42.6,1.4,1.8,76.3,1.2,2.3,3.5,0.8,0.7,1.9,14.8,0,0,1.8,2.3,13.5,17.6,0.6,17.1,0.3,18.2,6.8,3.5,3.9,18.0,0.059,15.2,16.9,16.1,22.5,20.1,19.9,19.7,33.3,17.6,21.1,7.3,11.6,17.1,18.2,21.9,19.3,18.4,18.0,29,56.1,43.9,43.3,2.5,38.2,22.9,18.5,19.1,40.8,67.6,32.4,100,0.0,79.6,20.4,1.4,1.1,1.7,3.0,6.8,3.5,3.9,18.0,0.3,1.4,76ers,361.0,2.2,-0.1,2.1,4.9,-2.1,2.7,2.9,-0.6,2.3,0.9,,
243,Tremont Waters,21,1,0,19.7,2.0,7.0,28.6,1.0,5.0,20.0,2.0,2.0,100,0.0,2.0,2.0,3.0,2.0,2.0,20.9,0,0,20.0,2.0,8.7,14.3,1.0,25.0,2.0,66.7,5.0,9.0,3.0,6.0,0.120,21.3,10.5,18.9,16.7,31.3,16.7,16.7,0.0,14.3,9.5,30.0,40.0,25.0,66.7,0.0,25.0,11.1,12.5,21,28.6,71.4,28.6,0.0,42.9,0.0,28.6,0.0,28.6,0.0,100,0.0,100,0.0,100,0.0,0.0,0.0,2.0,5.0,9.0,3.0,6.0,0.0,1.0,Celtics,20.0,3.5,6.9,10.3,20.0,4.0,24.0,7.1,6.6,13.7,0.2,,
246,Troy Brown Jr.,20,5,11,21.1,2.9,6.6,43.8,0.4,1.7,25.9,0.7,0.9,78.6,1.4,3.8,5.1,1.8,1.1,1.4,18.8,1,0,-3.9,3.8,17.6,27.5,1.3,32.3,0.1,10.0,6.8,6.6,6.7,24.6,0.012,15.2,14.8,16.0,9.6,12.4,9.8,9.9,29.3,27.5,28.0,15.7,15.6,32.3,10.0,23.9,15.0,11.0,13.7,20,74.3,25.7,70.9,16.4,19.1,14.5,10.0,21.8,54.5,51.3,48.7,100,0.0,58.7,41.3,1.5,0.5,1.0,3.8,6.8,6.6,6.7,24.6,0.7,0.9,Wizards,337.0,-1.0,0.7,-0.2,-5.3,0.7,-4.6,-2.0,0.9,-1.1,0.3,,
252,Boban Marjanovic,31,6,3,12.0,2.8,5.4,51.0,0.0,0.1,0.0,1.1,1.3,83.3,1.4,2.9,4.3,0.6,0.8,1.7,12.9,0,0,5.6,2.9,20.6,29.5,0.2,16.7,0.1,11.1,4.3,2.9,4.0,11.3,0.041,22.9,22.9,23.0,0.0,1.2,29.4,30.8,40.6,29.5,32.5,8.6,25.0,16.7,11.1,38.5,30.6,42.5,20.4,31,98.0,2.0,83.3,3.3,0.0,3.3,16.7,10.0,80.0,44.0,56.0,0.0,0.0,44.0,56.0,0.7,2.6,0.2,5.3,4.3,2.9,4.0,11.3,0.6,1.9,Mavericks,108.0,0.6,-2.8,-2.2,14.4,-1.8,12.6,3.3,-2.8,0.6,0.2,,
253,Ersan Ilyasova,32,16,3,16.1,2.4,4.9,48.4,0.7,2.4,30.4,1.2,1.4,81.5,1.3,3.5,4.7,0.6,0.3,1.7,15.1,1,0,-0.3,3.5,18.8,26.2,0.4,20.0,0.3,18.2,4.4,3.2,4.9,12.8,0.051,14.8,16.8,15.7,17.9,18.5,20.6,18.8,37.5,26.2,28.5,7.4,8.0,20.0,18.2,5.4,24.6,22.0,17.5,32,50.5,49.5,49.2,6.3,33.3,11.1,17.5,15.1,42.9,67.7,32.3,100,0.0,77.8,22.2,1.0,1.5,0.7,2.8,4.4,3.2,4.9,12.8,0.1,1.4,Bucks,305.0,2.1,2.1,4.2,-1.4,-4.4,-5.8,1.4,0.8,2.2,0.8,,
256,Kevin Porter Jr.,19,5,14,20.5,2.5,6.4,39.3,0.5,2.2,23.8,1.0,1.3,76.0,0.4,2.8,3.2,1.8,1.3,2.5,14.7,0,0,-7.7,2.8,13.2,20.6,0.7,20.0,0.2,14.3,7.2,7.2,6.1,19.4,0.017,17.0,17.0,17.7,11.6,14.9,14.5,14.5,10.8,20.6,18.4,21.6,20.3,20.0,14.3,16.7,31.3,13.0,16.0,19,65.6,34.4,60.8,11.2,24.0,19.2,15.2,14.4,49.6,34.2,65.8,70.0,30.0,41.7,58.3,0.9,0.7,1.3,3.3,7.2,7.2,6.1,19.4,0.6,1.1,Cavaliers,389.0,-2.4,-4.0,-6.4,-9.2,-4.3,-13.5,-4.0,-4.2,-8.2,-1.1,,
264,Skal Labissiere,23,8,13,17.0,2.8,4.9,57.3,0.1,0.3,28.6,0.7,1.0,68.2,2.1,3.2,5.3,1.1,1.1,2.8,17.2,1,0,-1.3,3.2,15.7,23.7,0.2,11.4,1.0,51.2,5.6,5.4,4.8,17.9,0.053,15.7,19.9,15.3,2.1,2.7,12.7,14.3,55.7,23.7,30.7,15.9,21.7,11.4,51.2,11.8,31.5,14.7,16.7,23,93.2,6.8,84.4,20.7,4.4,8.1,11.1,6.7,63.7,73.7,26.3,100,0.0,74.6,25.4,0.4,1.6,0.5,4.1,5.6,5.4,4.8,17.9,0.2,1.1,Trail Blazers,357.0,-0.4,0.4,-0.1,-1.7,0.2,-1.5,-0.7,0.4,-0.4,0.4,,
265,CJ Miles,32,4,6,16.1,1.9,5.9,32.2,1.1,3.5,31.4,1.5,2.0,75.0,0.4,0.8,1.2,1.2,0.4,1.4,13.4,0,0,-0.8,0.8,5.0,7.5,1.0,40.0,0.4,22.2,6.1,4.1,3.7,16.8,0.016,16.9,12.6,17.7,24.4,25.2,23.4,26.7,10.8,7.5,8.4,12.8,9.1,40.0,22.2,12.5,16.5,18.7,15.6,32,40.7,59.3,25.0,3.1,51.6,14.1,23.4,18.8,21.9,75.0,25.0,90.9,9.1,84.2,15.8,1.2,1.3,0.9,1.4,6.1,4.1,3.7,16.8,0.2,1.4,Wizards,161.0,0.7,-0.3,0.4,0.7,-5.1,-4.4,0.7,-1.2,-0.5,0.2,,
272,Nicolo Melli,28,6,13,16.4,2.1,4.9,41.9,1.2,3.4,34.4,0.8,1.1,80.0,0.7,2.2,2.9,1.2,0.8,1.9,13.2,0,0,-4.0,2.2,13.7,20.5,0.6,27.3,0.2,14.3,6.3,5.4,5.5,18.2,0.016,15.6,16.5,16.5,21.6,23.3,15.5,15.4,25.9,20.5,21.6,16.2,14.6,27.3,14.3,0.0,27.3,19.2,17.1,28,31.2,68.8,29.3,6.9,56.9,3.4,13.8,21.6,22.4,52.9,47.1,100,0.0,79.5,20.5,1.3,0.9,0.2,1.4,6.3,5.4,5.5,18.2,0.0,1.3,Pelicans,311.0,-1.5,-2.7,-4.2,-4.3,-4.3,-8.7,-2.2,-3.1,-5.3,-0.4,,
276,Dennis Smith Jr.,22,2,12,17.9,2.2,6.3,35.2,0.6,2.0,32.1,0.8,1.4,57.9,0.7,0.9,1.6,2.9,1.6,2.3,12.8,0,0,-8.1,0.9,4.7,7.2,0.4,24.0,0.3,17.4,7.4,5.9,4.9,16.9,0.013,19.7,18.0,20.2,16.4,17.1,12.4,15.0,18.5,7.2,9.8,44.1,24.4,24.0,17.4,16.7,25.0,16.3,16.8,22,68.2,31.8,53.7,9.8,32.9,12.2,13.4,12.2,43.9,18.2,81.8,55.6,44.4,29.0,71.0,0.7,0.6,0.7,2.6,7.4,5.9,4.9,16.9,0.3,1.2,Knicks,250.0,-3.9,-1.8,-5.7,-7.4,-5.8,-13.2,-4.8,-2.7,-7.5,-0.6,,
279,Jakob Poeltl,24,8,14,19.0,2.5,4.4,57.3,0.0,0.0,0.0,0.7,1.3,55.2,2.3,3.9,6.2,1.5,1.0,1.9,20.2,1,0,1.7,3.9,18.9,28.9,0.6,22.6,1.3,49.1,4.8,5.4,5.0,17.5,0.051,12.7,14.0,11.8,0.0,0.0,11.9,16.8,51.0,28.9,34.5,14.7,19.4,22.6,49.1,26.5,24.6,20.9,12.5,24,100,0.0,87.3,1.6,0.0,10.3,12.7,11.1,85.7,72.7,27.3,0.0,0.0,72.7,27.3,0.6,1.8,0.6,4.9,4.8,5.4,5.0,17.5,0.6,1.6,Spurs,417.0,0.2,4.9,5.1,8.1,2.2,10.3,1.9,4.8,6.6,2.0,,
282,Svi Mykhailiuk,22,6,10,16.8,1.9,4.4,44.3,1.5,3.3,46.2,0.3,0.4,83.3,0.3,1.0,1.3,1.3,0.9,1.3,9.3,0,0,3.7,1.0,6.0,9.0,0.3,14.3,0.1,2.9,5.1,5.1,4.3,18.3,0.045,13.9,12.9,14.7,28.9,28.0,5.3,4.5,7.3,9.0,8.6,13.1,18.3,14.3,2.9,6.3,17.2,7.6,13.9,22,25.7,74.3,15.4,0.0,79.1,24.2,5.5,12.1,15.4,71.4,28.6,91.7,8.3,87.1,12.9,0.7,0.9,1.4,0.9,5.1,5.1,4.3,18.3,0.1,0.5,Pistons,268.0,-0.7,-3.0,-3.6,7.8,-0.1,7.7,1.0,-2.5,-1.5,0.2,,
290,Derrick Jones Jr.,22,5,1,12.3,2.2,3.8,56.5,0.2,0.8,20.0,1.0,1.3,75.0,0.5,1.3,1.8,0.5,0.5,2.3,10.5,0,0,2.0,1.3,8.6,12.7,0.7,44.4,0.2,12.5,4.5,4.5,4.5,12.7,0.071,15.3,19.7,16.1,4.8,8.9,18.8,19.5,33.3,12.7,15.3,7.5,12.5,44.4,12.5,25.0,32.6,27.3,17.8,22,78.3,21.7,72.7,0.0,9.1,6.1,18.2,18.2,72.7,83.3,16.7,100,0.0,84.6,15.4,1.0,1.2,0.3,4.0,4.5,4.5,4.5,12.7,0.2,1.5,Heat,74.0,-0.3,5.1,4.8,1.5,2.6,4.1,0.0,4.8,4.8,0.3,,
304,Dzanan Musa,20,8,7,16.0,1.7,5.1,32.9,0.5,2.5,18.4,1.3,1.7,73.1,0.5,2.3,2.7,1.3,1.4,0.9,10.4,0,0,-2.5,2.3,11.8,18.0,0.5,21.2,0.1,3.2,7.5,5.0,6.1,14.3,0.051,18.4,13.2,17.2,14.0,21.0,19.8,20.3,17.1,18.0,17.8,15.3,25.0,21.2,3.2,30.4,12.1,22.3,14.5,20,50.0,50.0,47.4,0.0,27.6,14.5,25.0,21.1,47.4,66.7,33.3,85.7,14.3,72.0,28.0,1.1,0.7,0.7,2.4,7.5,5.0,6.1,14.3,0.5,1.7,Nets,240.0,-4.7,1.0,-3.8,-6.8,-0.1,-6.9,-5.4,0.8,-4.6,-0.2,,
310,Chris Clemons,22,9,5,9.1,1.7,4.1,41.4,1.3,3.3,39.1,0.2,0.3,75.0,0.1,0.5,0.6,0.4,0.4,1.0,6.8,0,0,-0.1,0.5,4.7,7.4,0.2,20.0,0.1,14.3,3.1,2.9,2.1,9.0,0.033,21.4,23.8,24.4,40.9,32.6,7.0,7.5,7.7,7.4,7.4,11.3,16.2,20.0,14.3,21.4,22.6,15.9,23.9,22,20.7,79.3,17.4,2.9,78.3,10.1,4.3,18.8,14.5,0.0,100,66.7,33.3,50.0,50.0,0.9,0.4,0.5,0.7,3.1,2.9,2.1,9.0,0.2,0.5,Rockets,127.0,1.8,0.5,2.3,-1.7,-2.2,-3.9,1.1,-0.0,1.1,0.3,,
321,Naz Mitrou-Long,26,2,1,14.2,2.0,5.3,37.5,0.7,3.7,18.2,0.0,0.0,0.0,0.0,2.0,2.0,2.3,0.7,0.3,11.9,0,0,6.0,2.0,11.5,14.3,0.3,25.0,0.3,16.7,4.7,2.0,2.7,10.7,0.164,17.3,17.6,19.0,22.2,37.9,0.0,0.0,0.0,14.3,11.5,38.9,22.2,25.0,16.7,0.0,6.3,13.6,15.6,26,31.3,68.8,57.1,0.0,42.9,28.6,0.0,21.4,57.1,25.0,75.0,100,0.0,50.0,50.0,1.0,0.0,1.3,2.7,4.7,2.0,2.7,10.7,0.0,1.0,Pacers,43.0,-1.0,7.1,6.1,-1.4,15.0,13.6,-1.1,9.1,8.0,0.2,,
332,Kelan Martin,24,4,4,14.5,1.9,5.5,34.1,0.6,3.0,20.8,0.0,0.0,0.0,0.3,2.9,3.1,0.3,0.4,2.3,8.9,0,0,-3.0,2.9,15.9,24.5,0.1,6.7,0.1,6.3,5.6,4.5,2.8,13.8,0.055,16.0,18.5,20.7,17.9,25.0,0.0,0.0,6.9,24.5,20.3,4.5,7.5,6.7,6.3,0.0,30.0,1.9,15.1,24,45.5,54.5,57.1,17.1,42.9,14.3,0.0,14.3,40.0,50.0,50.0,100,0.0,66.7,33.3,0.6,0.9,0.6,1.8,5.6,4.5,2.8,13.8,0.0,0.1,Timberwolves,116.0,-4.8,-2.7,-7.5,-9.2,4.7,-4.5,-5.9,-1.3,-7.3,-0.3,,
334,Ante Zizic,22,0,6,11.7,1.8,3.5,52.4,0.0,0.0,0.0,0.7,0.8,80.0,0.8,1.8,2.7,0.0,0.2,1.3,8.4,0,0,-2.0,1.8,15.5,23.4,0.2,14.3,0.2,33.3,2.8,3.3,2.8,12.3,-0.008,14.2,19.0,16.7,0.0,0.0,13.8,11.9,42.9,23.4,27.9,0.0,5.3,14.3,33.3,30.0,28.6,25.0,15.9,22,100,0.0,84.6,0.0,0.0,7.7,15.4,15.4,84.6,81.8,18.2,0.0,0.0,81.8,18.2,0.7,1.2,0.3,3.7,2.8,3.3,2.8,12.3,0.5,1.3,Cavaliers,70.0,-4.5,-2.2,-6.6,0.1,-6.0,-5.9,-3.7,-3.0,-6.7,-0.1,,
336,Chris Silva,23,14,4,10.3,1.6,2.3,68.3,0.0,0.1,0.0,1.1,1.6,71.4,2.0,2.3,4.3,0.7,1.3,2.8,12.2,0,0,1.9,2.3,20.4,30.6,0.3,16.1,0.8,70.0,5.6,3.2,3.3,8.0,0.051,16.5,17.4,12.5,0.0,1.5,31.7,33.3,63.2,30.6,40.3,12.5,26.7,16.1,70.0,33.3,49.0,38.4,17.1,23,95.1,4.9,73.7,5.3,0.0,0.0,26.3,14.5,68.4,60.7,39.3,0.0,0.0,60.7,39.3,0.6,1.6,0.0,2.9,5.6,3.2,3.3,8.0,0.2,1.6,Heat,186.0,-1.1,2.0,0.9,4.3,0.6,4.9,-0.1,1.6,1.5,0.4,,
337,Lonnie Walker IV,20,6,9,7.7,1.7,3.8,45.6,0.4,0.9,42.9,0.3,0.9,38.5,0.3,0.9,1.1,0.4,0.3,0.7,7.0,0,0,0.3,0.9,10.2,15.3,0.3,23.5,0.1,12.5,2.4,1.9,1.3,6.4,0.030,23.3,26.0,26.5,35.3,27.5,11.1,19.1,13.3,15.3,14.8,10.0,14.7,23.5,12.5,15.4,21.3,13.3,24.0,20,75.4,24.6,63.5,3.2,28.6,22.2,7.9,17.5,60.3,65.0,35.0,100,0.0,73.1,26.9,0.7,0.1,0.9,2.5,2.4,1.9,1.3,6.4,0.1,0.5,Spurs,116.0,-1.0,-1.1,-2.1,-3.0,6.2,3.2,-1.5,0.4,-1.1,0.1,,
339,Robert Williams III,22,12,5,13.9,1.9,2.6,71.1,0.0,0.0,0.0,0.4,0.7,58.3,1.1,3.2,4.4,1.2,0.9,1.8,16.7,0,0,-0.3,3.2,22.0,35.7,0.9,29.1,1.2,58.8,5.1,5.1,3.3,12.4,0.025,11.7,15.6,10.4,0.0,0.0,7.6,10.5,37.3,35.7,36.1,18.9,24.2,29.1,58.8,0.0,25.9,12.8,12.7,22,100,0.0,90.1,5.6,0.0,5.6,9.9,14.1,84.5,75.0,25.0,0.0,0.0,75.0,25.0,0.6,1.0,0.2,3.5,5.1,5.1,3.3,12.4,0.0,0.8,Celtics,237.0,-2.4,2.4,0.0,3.6,-7.4,-3.8,-1.3,0.4,-0.9,0.2,,
342,TJ Leaf,22,9,6,10.5,1.7,3.9,44.8,0.3,0.7,45.5,0.3,0.5,62.5,1.3,2.5,3.8,0.4,0.4,0.9,10.9,1,0,0.7,2.5,20.0,29.1,0.5,35.0,0.2,15.0,3.9,2.3,2.8,9.9,0.073,17.1,19.4,18.8,17.2,12.1,13.5,16.3,46.5,29.1,33.5,7.3,10.5,35.0,15.0,25.0,23.3,14.0,18.6,22,81.0,19.0,67.7,0.0,24.2,12.9,8.1,12.9,67.7,66.7,33.3,100,0.0,73.1,26.9,0.5,0.7,0.5,2.8,3.9,2.3,2.8,9.9,0.3,0.5,Pacers,158.0,0.2,0.9,1.1,-6.6,5.8,-0.8,-1.2,1.9,0.7,0.3,,
349,Tacko Fall,23,1,0,3.6,2.0,4.0,50.0,0.0,0.0,0.0,0.0,0.0,0.0,0.0,3.0,3.0,0.0,1.0,2.0,6.6,0,0,-2.0,3.0,60.0,60.0,0.0,0.0,0.0,0.0,3.0,0.0,0.0,0.0,0.036,62.5,66.7,80.0,0.0,0.0,0.0,0.0,0.0,60.0,60.0,0.0,50.0,0.0,0.0,0.0,100,0.0,66.7,23,100,0.0,100,0.0,0.0,0.0,0.0,0.0,100,100,0.0,0.0,0.0,100,0.0,0.0,0.0,0.0,4.0,3.0,0.0,0.0,0.0,0.0,0.0,Celtics,4.0,-32.3,-0.4,-32.7,-13.8,2.2,-11.6,-30.4,-0.1,-30.6,-0.1,,
352,Yuta Watanabe,25,0,1,2.9,2.0,2.0,100,0.0,0.0,0.0,0.0,0.0,0.0,0.0,1.0,1.0,0.0,0.0,1.0,5.2,0,0,5.0,1.0,50.0,50.0,0.0,0.0,0.0,0.0,2.0,0.0,2.0,2.0,0.076,22.2,40.0,25.0,0.0,0.0,0.0,0.0,0.0,50.0,50.0,0.0,0.0,0.0,0.0,0.0,100,0.0,40.0,25,100,0.0,100,50.0,0.0,0.0,0.0,50.0,50.0,0.0,100,0.0,0.0,0.0,100,2.0,0.0,0.0,2.0,2.0,0.0,2.0,2.0,0.0,0.0,Grizzlies,3.0,15.3,4.2,19.4,6.1,34.7,40.8,14.4,10.9,25.3,0.0,,
360,Gary Trent Jr.,20,3,8,8.5,1.4,3.0,45.5,1.0,2.1,47.8,0.0,0.0,0.0,0.3,0.8,1.1,0.5,0.2,0.6,6.6,0,0,-2.1,0.8,9.0,14.8,0.2,16.7,0.2,16.7,3.1,2.5,3.4,10.2,-0.002,15.5,19.5,18.5,35.5,29.9,0.0,0.0,16.7,14.8,15.2,14.7,8.0,16.7,16.7,9.1,15.9,8.1,19.2,20,30.3,69.7,19.5,4.9,80.5,0.0,0.0,7.3,14.6,50.0,50.0,90.9,9.1,80.0,20.0,0.3,0.5,0.0,0.5,3.1,2.5,3.4,10.2,0.1,0.3,Trail Blazers,93.0,4.0,-2.4,1.5,-0.6,-8.3,-8.9,3.3,-3.8,-0.5,0.1,,
361,Michael Porter Jr.,21,8,2,9.0,1.5,3.4,44.1,0.2,1.0,20.0,0.5,0.8,62.5,0.8,1.5,2.3,0.4,0.6,1.3,7.4,0,0,-2.8,1.5,14.7,22.7,0.0,0.0,0.3,25.0,2.5,2.9,4.0,8.4,0.032,19.7,21.7,20.4,14.3,20.4,17.2,17.4,44.4,22.7,27.4,8.9,20.7,0.0,25.0,30.8,31.0,12.2,20.4,21,70.6,29.4,70.3,21.6,16.2,13.5,13.5,10.8,48.6,61.5,38.5,50.0,50.0,60.0,40.0,0.4,0.9,0.5,1.8,2.5,2.9,4.0,8.4,0.4,0.5,Nuggets,90.0,-3.5,-0.3,-3.8,-9.1,-5.2,-14.3,-4.9,-1.4,-6.3,-0.2,,
369,Juancho Hernangomez,24,8,3,12.9,1.3,2.9,43.8,0.6,1.8,35.0,0.3,0.6,42.9,0.5,1.9,2.5,0.6,0.6,0.7,7.8,0,0,0.0,1.9,13.8,20.0,0.1,4.3,0.3,15.8,4.3,3.3,3.2,12.9,0.064,11.9,11.6,11.6,20.0,22.2,9.7,13.5,19.4,20.0,19.9,8.4,16.3,4.3,15.8,0.0,12.3,25.5,12.3,24,37.5,62.5,36.8,0.0,55.3,23.7,7.9,7.9,36.8,71.4,28.6,100,0.0,85.7,14.3,0.3,1.3,0.8,1.3,4.3,3.3,3.2,12.9,0.0,1.3,Nuggets,142.0,-2.1,1.9,-0.2,-0.5,2.3,1.8,-1.9,2.0,0.1,0.2,,
370,Harry Giles III,21,3,4,7.4,1.6,3.6,44.0,0.0,0.0,0.0,0.3,0.3,100,0.4,0.6,1.0,0.7,0.7,1.9,7.1,0,0,-3.7,0.6,9.8,14.8,0.3,20.0,0.4,42.9,2.0,1.3,1.9,6.9,0.008,27.0,29.7,28.1,0.0,0.0,16.7,11.8,37.5,14.8,20.0,21.7,29.4,20.0,42.9,20.0,39.4,23.8,25.3,21,100,0.0,91.7,33.3,0.0,8.3,8.3,25.0,58.3,81.8,18.2,0.0,0.0,81.8,18.2,0.9,0.3,0.3,2.0,2.0,1.3,1.9,6.9,0.1,0.7,Kings,52.0,-8.5,-3.1,-11.6,-12.6,-2.1,-14.7,-9.8,-3.1,-12.9,-0.3,,
371,Willy Hernangomez,25,1,6,8.1,1.3,2.9,45.0,0.3,0.7,40.0,0.6,1.1,50.0,1.3,1.7,3.0,0.3,0.7,0.6,8.5,0,0,-4.1,1.7,21.1,30.8,0.1,14.3,0.4,60.0,5.3,1.4,2.7,8.6,0.002,20.9,23.1,19.8,22.2,12.8,16.7,21.1,64.3,30.8,39.6,8.7,26.3,14.3,60.0,50.0,18.2,22.6,21.6,25,75.0,25.0,58.3,0.0,25.0,0.0,16.7,29.2,58.3,71.4,28.6,100,0.0,77.8,22.2,1.0,0.7,0.0,2.0,5.3,1.4,2.7,8.6,0.3,1.0,Hornets,57.0,-4.8,-2.7,-7.5,-11.8,-5.7,-17.5,-6.4,-3.3,-9.7,-0.2,,
377,Wes Iwundu,24,5,5,14.2,0.8,3.3,24.2,0.1,0.9,11.1,1.5,1.8,83.3,0.4,1.7,2.1,0.7,0.4,0.8,8.5,0,0,-1.8,1.7,12.6,17.5,0.5,18.5,0.2,13.3,4.7,5.3,4.3,14.8,0.046,13.5,7.0,12.4,3.4,10.6,34.1,30.0,12.9,17.5,16.4,11.9,10.5,18.5,13.3,23.5,17.0,16.3,10.6,24,72.7,27.3,43.8,18.8,9.4,28.1,46.9,40.6,25.0,71.4,28.6,100,0.0,75.0,25.0,1.3,0.3,0.9,0.8,4.7,5.3,4.3,14.8,0.4,0.8,Magic,142.0,-4.4,1.1,-3.4,-1.6,-2.5,-4.1,-4.1,0.4,-3.7,-0.1,,
385,Norvel Pelle,26,1,0,12.6,0.0,0.0,0.0,0.0,0.0,0.0,3.0,4.0,75.0,0.0,2.0,2.0,1.0,2.0,3.0,16.9,0,0,-6.0,2.0,13.3,25.0,0.0,0.0,4.0,80.0,10.0,5.0,2.0,14.0,0.060,15.4,0.0,0.0,0.0,0.0,50.0,50.0,0.0,25.0,22.2,20.0,28.6,0.0,80.0,0.0,30.0,33.3,15.8,26,0.0,0.0,0.0,0.0,0.0,0.0,100,0.0,0.0,0.0,0.0,0.0,0.0,0.0,0.0,0.0,2.0,0.0,0.0,10.0,5.0,2.0,14.0,0.0,2.0,76ers,13.0,-12.6,8.8,-3.8,-22.4,2.6,-19.9,-15.4,7.9,-7.6,-0.0,,
389,Drew Eubanks,22,3,1,7.8,1.3,2.5,50.0,0.0,0.0,0.0,0.3,0.3,100,1.3,2.0,3.3,0.5,1.0,1.0,7.2,0,0,-8.5,2.0,36.4,44.4,0.0,0.0,0.3,100,3.8,2.5,3.8,11.5,-0.052,17.1,23.8,16.9,0.0,0.0,7.1,6.3,62.5,44.4,50.0,14.3,40.0,0.0,100,100,44.4,16.7,18.0,22,100,0.0,90.9,0.0,0.0,0.0,9.1,0.0,90.9,80.0,20.0,0.0,0.0,80.0,20.0,0.0,0.5,0.0,2.5,3.8,2.5,3.8,11.5,0.5,0.5,Spurs,31.0,-5.9,-9.8,-15.7,-15.9,-19.6,-35.6,-8.4,-12.3,-20.6,-0.3,,
390,Jordan McLaughlin,23,2,2,14.3,1.0,3.8,26.7,0.3,2.0,12.5,0.5,0.5,100,0.3,1.5,1.8,2.0,1.0,1.0,7.6,0,0,-6.3,1.5,10.2,17.1,0.3,10.0,0.0,0.0,5.5,4.8,5.5,18.0,0.037,12.6,9.5,12.8,7.7,15.4,10.0,6.9,6.7,17.1,14.0,28.6,23.5,10.0,0.0,50.0,14.3,17.2,9.4,23,46.7,53.3,54.5,0.0,27.3,0.0,18.2,54.5,54.5,66.7,33.3,100,0.0,75.0,25.0,1.5,0.8,0.0,1.5,5.5,4.8,5.5,18.0,0.8,1.3,Timberwolves,57.0,-7.8,-4.7,-12.5,-11.2,-4.0,-15.1,-9.0,-4.9,-13.8,-0.3,,
396,Devon Hall,24,0,2,7.3,0.5,2.0,25.0,0.0,1.0,0.0,1.5,2.0,75.0,0.0,0.5,0.5,1.0,0.5,0.5,4.1,0,0,8.0,0.5,5.6,7.7,0.0,0.0,0.0,0.0,1.0,2.0,1.0,10.0,0.055,19.4,7.1,15.4,0.0,16.7,23.1,25.0,0.0,7.7,5.9,22.2,25.0,0.0,0.0,0.0,12.5,18.2,10.4,24,50.0,50.0,40.0,0.0,0.0,0.0,60.0,40.0,40.0,0.0,100,0.0,0.0,0.0,100,1.0,0.0,0.0,1.0,1.0,2.0,1.0,10.0,0.0,1.0,Thunder,15.0,-4.8,-15.8,-20.6,29.9,-0.2,29.7,2.2,-13.5,-11.2,-0.1,,
413,Frank Mason,25,2,0,5.1,0.5,2.0,25.0,0.5,1.0,50.0,0.5,1.0,50.0,0.0,0.0,0.0,1.0,0.0,0.5,3.5,0,0,6.0,0.0,0.0,0.0,0.0,0.0,0.0,0.0,0.0,4.5,1.0,4.0,0.052,20.8,9.1,18.2,14.3,14.3,100,100,0.0,0.0,0.0,20.0,0.0,0.0,0.0,0.0,33.3,66.7,13.3,25,50.0,50.0,0.0,0.0,75.0,0.0,25.0,0.0,0.0,0.0,0.0,100,0.0,100,0.0,0.0,0.0,0.0,0.0,0.0,4.5,1.0,4.0,0.0,1.0,Bucks,10.0,-0.7,1.5,0.8,15.8,17.8,33.5,2.5,4.8,7.3,0.1,,
414,Jalen McDaniels,21,0,1,2.7,1.0,2.0,50.0,0.0,0.0,0.0,0.0,0.0,0.0,1.0,0.0,1.0,0.0,0.0,0.0,3.2,0,0,0.0,0.0,0.0,0.0,0.0,0.0,0.0,0.0,0.0,2.0,0.0,4.0,0.015,28.6,50.0,33.3,0.0,0.0,0.0,0.0,50.0,0.0,33.3,0.0,0.0,0.0,0.0,0.0,0.0,0.0,33.3,21,100,0.0,100,0.0,0.0,0.0,0.0,0.0,100,0.0,100,0.0,0.0,0.0,100,0.0,2.0,0.0,2.0,0.0,2.0,0.0,4.0,0.0,0.0,Hornets,3.0,12.5,-24.5,-12.0,4.6,-6.0,-1.4,11.8,-22.0,-10.3,-0.0,,
415,Josh Magette,30,0,2,3.8,1.0,2.5,40.0,0.0,0.0,0.0,0.0,0.0,0.0,0.5,0.5,1.0,1.0,0.0,0.0,7.7,0,0,0.0,0.5,16.7,33.3,1.0,66.7,0.0,0.0,1.0,2.5,1.0,4.0,-0.001,23.8,22.2,27.8,0.0,0.0,0.0,0.0,25.0,33.3,28.6,33.3,0.0,66.7,0.0,0.0,0.0,0.0,20.0,30,100,0.0,100,0.0,0.0,50.0,0.0,50.0,100,0.0,100,0.0,0.0,0.0,100,1.0,1.0,1.0,2.0,1.0,2.5,1.0,4.0,0.0,0.0,Magic,8.0,6.1,11.0,17.2,3.8,-16.6,-12.8,6.2,6.0,12.2,0.1,,
416,Moses Brown,20,3,1,3.8,0.8,1.8,42.9,0.0,0.0,0.0,0.5,1.0,50.0,0.5,1.8,2.3,0.0,0.3,1.0,5.2,0,0,-3.5,1.8,38.9,53.8,0.3,33.3,0.0,0.0,0.5,1.3,1.3,4.0,-0.025,22.7,23.1,23.3,0.0,0.0,33.3,44.4,50.0,53.8,52.9,0.0,25.0,33.3,0.0,0.0,44.4,50.0,23.5,20,100,0.0,75.0,0.0,0.0,0.0,25.0,0.0,75.0,66.7,33.3,0.0,0.0,66.7,33.3,0.0,1.5,0.0,1.5,0.5,1.3,1.3,4.0,0.0,0.5,Trail Blazers,15.0,-1.8,-7.4,-9.2,-4.8,-18.7,-23.6,-2.7,-10.3,-13.0,-0.1,,
418,Shamorie Ponds,21,2,0,3.8,1.0,2.0,50.0,0.0,0.5,0.0,0.0,0.0,0.0,0.0,0.5,0.5,1.0,0.0,1.0,5.6,0,0,0.0,0.5,20.0,33.3,0.0,0.0,0.5,50.0,1.0,2.0,1.5,2.0,-0.025,20.0,28.6,26.7,0.0,16.7,0.0,0.0,0.0,33.3,16.7,40.0,0.0,0.0,50.0,0.0,40.0,0.0,19.0,21,75.0,25.0,100,0.0,0.0,50.0,0.0,50.0,100,50.0,50.0,0.0,0.0,50.0,50.0,1.0,0.0,1.0,2.0,1.0,2.0,1.5,2.0,0.0,0.0,Raptors,8.0,6.2,-42.0,-35.8,16.5,-22.1,-5.6,8.6,-40.6,-32.0,-0.1,,
419,Tyler Cook,22,2,4,2.9,0.8,1.0,83.3,0.0,0.0,0.0,0.3,0.3,100,0.5,0.3,0.8,0.0,0.2,0.2,3.3,0,0,-1.0,0.3,13.3,28.6,0.2,14.3,0.0,0.0,1.7,1.3,0.5,1.7,0.008,19.5,38.5,19.4,0.0,0.0,28.6,22.2,60.0,28.6,41.7,0.0,25.0,14.3,0.0,0.0,20.0,28.6,34.3,22,100,0.0,83.3,16.7,0.0,16.7,16.7,33.3,66.7,60.0,40.0,0.0,0.0,60.0,40.0,0.7,0.7,0.3,1.3,1.7,1.3,0.5,1.7,0.0,0.3,Cavaliers,17.0,1.3,-1.4,-0.1,-5.8,0.8,-5.0,-0.0,-0.9,-0.9,0.0,,
420,Charles Brown Jr.,22,0,4,4.1,0.3,0.8,33.3,0.3,0.3,100,1.0,1.0,100,0.5,0.3,0.8,0.0,0.0,0.0,3.4,0,0,2.5,0.3,8.3,10.0,0.0,0.0,0.3,100,0.0,0.8,0.0,1.5,0.045,12.2,9.1,11.5,25.0,11.1,36.4,25.0,50.0,10.0,21.4,0.0,0.0,0.0,100,0.0,0.0,30.0,18.9,22,66.7,33.3,0.0,0.0,42.9,28.6,57.1,28.6,0.0,0.0,0.0,100,0.0,100,0.0,0.5,0.0,0.5,0.0,0.0,0.8,0.0,1.5,0.0,0.8,Hawks,16.0,2.7,6.9,9.6,3.5,11.8,15.2,3.1,8.4,11.6,0.1,,
425,Johnathan Motley,24,1,1,2.2,0.5,1.5,33.3,0.5,0.5,100,0.0,0.0,0.0,0.5,0.5,1.0,1.0,1.0,0.5,3.2,0,0,-1.5,0.5,14.3,20.0,0.0,0.0,0.0,0.0,1.0,0.5,1.0,2.0,0.006,45.5,33.3,37.5,33.3,25.0,0.0,0.0,100,20.0,33.3,66.7,66.7,0.0,0.0,100,25.0,0.0,33.3,24,66.7,33.3,0.0,0.0,100,0.0,0.0,0.0,0.0,0.0,0.0,100,0.0,100,0.0,0.0,0.0,0.0,0.0,1.0,0.5,1.0,2.0,0.5,0.0,Clippers,4.0,-9.2,-34.6,-43.8,-8.7,-9.5,-18.1,-9.8,-31.6,-41.4,-0.1,,
429,Jordan Bone,22,1,2,2.1,0.7,1.7,40.0,0.0,0.3,0.0,0.0,0.0,0.0,0.0,0.0,0.0,0.0,0.7,0.7,0.7,0,0,-0.3,0.0,0.0,0.0,0.0,0.0,0.0,0.0,0.0,0.0,0.0,0.7,0.016,41.2,66.7,55.6,0.0,33.3,0.0,0.0,0.0,0.0,0.0,0.0,100,0.0,0.0,0.0,66.7,0.0,33.3,22,80.0,20.0,100,50.0,0.0,0.0,0.0,50.0,50.0,50.0,50.0,0.0,0.0,50.0,50.0,0.7,0.0,0.0,0.7,0.0,0.0,0.0,0.7,0.0,0.0,Pistons,6.0,-30.2,-10.4,-40.6,-22.9,6.8,-16.1,-30.7,-7.4,-38.1,-0.1,,
431,Chris Chiozza,24,1,4,9.6,0.4,2.2,18.2,0.4,0.8,50.0,0.0,0.0,0.0,0.0,1.0,1.0,1.8,1.0,1.2,7.7,0,0,2.4,1.0,10.9,13.9,0.8,44.4,0.4,40.0,3.2,1.8,1.6,7.6,0.121,13.1,5.7,12.4,15.4,10.0,0.0,0.0,0.0,13.9,11.6,40.9,22.7,44.4,40.0,33.3,21.4,8.7,6.3,24,63.6,36.4,0.0,0.0,100,50.0,0.0,0.0,0.0,0.0,0.0,100,0.0,100,0.0,0.0,0.0,0.6,0.0,3.2,1.8,1.6,7.6,0.4,0.4,Wizards,48.0,-4.6,5.9,1.4,-13.8,23.7,9.9,-6.8,10.1,3.3,0.1,,
434,DaQuan Jeffries,22,0,2,5.4,0.5,0.5,100,0.0,0.0,0.0,0.0,0.0,0.0,0.5,0.0,0.5,0.5,0.0,0.5,2.4,0,0,2.5,0.0,0.0,0.0,0.0,0.0,0.0,0.0,1.0,2.0,1.0,3.0,0.083,3.6,9.1,4.0,0.0,0.0,0.0,0.0,50.0,0.0,10.0,14.3,0.0,0.0,0.0,0.0,16.7,33.3,8.3,22,100,0.0,100,0.0,0.0,0.0,0.0,0.0,100,100,0.0,0.0,0.0,100,0.0,0.0,0.0,0.0,1.0,1.0,2.0,1.0,3.0,0.0,0.5,Kings,11.0,-0.8,11.0,10.2,-8.8,21.2,12.4,-2.5,13.9,11.4,0.1,,
435,Daryl Macon,24,3,0,4.4,0.3,1.0,33.3,0.3,0.7,50.0,0.0,0.0,0.0,0.0,0.0,0.0,0.3,0.7,0.3,0.8,0,0,0.7,0.0,0.0,0.0,0.0,0.0,0.0,0.0,1.3,0.7,1.0,2.7,0.066,17.2,12.5,16.7,33.3,25.0,0.0,0.0,0.0,0.0,0.0,12.5,25.0,0.0,0.0,0.0,20.0,0.0,13.6,24,33.3,66.7,0.0,0.0,100,0.0,0.0,0.0,0.0,0.0,0.0,100,0.0,100,0.0,0.0,0.0,0.0,0.0,1.3,0.7,1.0,2.7,0.0,0.0,Heat,13.0,-9.2,0.2,-9.0,-13.8,22.7,8.9,-10.8,5.0,-5.8,-0.0,,
436,Dean Wade,23,0,3,6.1,0.3,0.7,50.0,0.3,0.3,100,0.0,0.0,0.0,0.0,0.7,0.7,0.0,0.0,1.0,2.8,0,0,1.0,0.7,11.1,28.6,0.3,33.3,0.0,0.0,1.3,3.7,1.3,8.7,-0.027,4.4,5.0,5.1,12.5,5.3,0.0,0.0,0.0,28.6,18.2,0.0,0.0,33.3,0.0,0.0,42.9,11.1,5.6,23,50.0,50.0,0.0,0.0,100,0.0,0.0,0.0,0.0,0.0,0.0,100,0.0,100,0.0,0.0,0.0,0.0,0.0,1.3,3.7,1.3,8.7,0.0,0.3,Cavaliers,18.0,-5.6,-7.0,-12.6,19.7,-8.2,11.5,-0.6,-7.4,-8.0,-0.0,,
438,Josh Gray,26,1,1,11.4,0.5,1.0,50.0,0.0,0.0,0.0,0.0,0.0,0.0,0.5,0.5,1.0,1.0,2.5,0.5,1.2,0,0,-3.5,0.5,4.0,6.7,0.0,0.0,0.0,0.0,7.0,4.0,5.5,11.0,0.082,13.7,7.1,6.1,0.0,0.0,0.0,0.0,50.0,6.7,11.8,20.0,31.3,0.0,0.0,0.0,11.1,25.0,5.6,26,100,0.0,100,0.0,0.0,0.0,0.0,0.0,100,0.0,100,0.0,0.0,0.0,100,0.0,0.0,0.0,1.0,7.0,4.0,5.5,11.0,0.0,0.5,Pelicans,23.0,-8.2,0.6,-7.6,-17.8,9.8,-7.9,-10.7,2.6,-8.1,-0.1,,
440,Zylan Cheatham,24,1,1,9.9,0.5,2.0,25.0,0.0,0.5,0.0,0.0,0.0,0.0,0.0,1.5,1.5,0.5,0.5,1.5,3.1,0,0,-11.5,1.5,15.0,25.0,0.0,0.0,0.0,0.0,4.0,5.5,3.0,12.0,-0.044,12.2,9.1,12.9,0.0,7.1,0.0,0.0,0.0,25.0,23.1,14.3,14.3,0.0,0.0,0.0,37.5,0.0,6.7,24,75.0,25.0,100,0.0,0.0,0.0,0.0,0.0,100,100,0.0,0.0,0.0,100,0.0,0.0,0.0,0.0,1.0,4.0,5.5,3.0,12.0,0.0,0.0,Pelicans,20.0,-8.1,-9.8,-17.9,-15.7,-17.3,-33.0,-10.2,-11.9,-22.1,-0.2,,
441,Derrick Walton Jr.,24,4,2,3.7,0.3,0.7,50.0,0.2,0.5,33.3,0.0,0.0,0.0,0.0,0.0,0.0,0.5,0.2,0.7,1.4,0,0,0.7,0.0,0.0,0.0,0.0,0.0,0.0,0.0,1.5,0.5,1.2,4.0,0.021,10.2,11.1,12.1,11.1,20.0,0.0,0.0,0.0,0.0,0.0,30.0,8.3,0.0,0.0,0.0,33.3,0.0,10.0,24,25.0,75.0,40.0,40.0,60.0,0.0,0.0,0.0,0.0,100,0.0,100,0.0,100,0.0,0.0,0.0,0.0,0.0,1.5,0.5,1.2,4.0,0.0,0.0,Clippers,22.0,-4.7,3.0,-1.7,2.3,3.2,5.5,-3.6,3.0,-0.5,0.0,,
443,Oshae Brissett,21,4,0,4.3,0.3,0.8,33.3,0.3,0.3,100,0.0,0.0,0.0,0.0,0.3,0.3,0.3,0.3,0.0,1.9,0,0,-0.5,0.3,6.3,8.3,0.3,33.3,0.0,0.0,3.0,1.5,0.8,3.5,-0.007,9.3,6.7,10.3,11.1,7.1,0.0,0.0,0.0,8.3,6.7,8.3,14.3,33.3,0.0,0.0,0.0,0.0,7.0,21,66.7,33.3,0.0,0.0,100,0.0,0.0,0.0,0.0,0.0,0.0,100,0.0,100,0.0,0.0,0.0,0.0,0.0,3.0,1.5,0.8,3.5,0.0,0.0,Raptors,17.0,-5.1,-3.7,-8.8,6.0,-14.2,-8.2,-3.2,-6.3,-9.4,-0.1,,
444,Brian Bowen II,21,2,1,3.2,0.3,1.3,25.0,0.0,0.3,0.0,0.0,0.0,0.0,0.0,0.3,0.3,0.0,0.0,0.0,2.1,0,0,1.0,0.3,10.0,12.5,0.0,0.0,0.3,50.0,0.0,0.0,0.7,2.0,0.016,16.0,10.0,20.0,0.0,20.0,0.0,0.0,0.0,12.5,9.1,0.0,0.0,0.0,50.0,0.0,0.0,20.0,8.7,21,75.0,25.0,100,0.0,0.0,0.0,0.0,0.0,100,100,0.0,0.0,0.0,100,0.0,0.0,0.0,0.0,0.7,0.0,0.0,0.7,2.0,0.0,0.3,Pacers,10.0,-7.4,9.0,1.6,-0.1,3.1,3.0,-6.3,8.3,2.0,0.0,,
445,Jaylen Hoard,20,3,0,3.6,0.3,0.7,50.0,0.0,0.0,0.0,0.0,0.0,0.0,0.3,1.0,1.3,0.3,0.0,0.3,3.8,0,0,-3.3,1.0,25.0,33.3,0.3,33.3,0.0,0.0,0.7,0.0,1.0,3.3,-0.022,5.9,10.0,9.1,0.0,0.0,0.0,0.0,25.0,33.3,30.8,33.3,0.0,33.3,0.0,0.0,11.1,0.0,8.0,20,100,0.0,100,0.0,0.0,100,0.0,100,100,0.0,100,0.0,0.0,0.0,100,0.7,0.0,0.7,0.7,0.7,0.0,1.0,3.3,0.0,0.0,Trail Blazers,11.0,6.8,-7.6,-0.8,-0.9,-15.0,-15.8,5.6,-9.7,-4.1,-0.0,,
446,Melvin Frazier Jr.,23,1,2,2.8,0.3,1.7,20.0,0.0,0.3,0.0,0.0,0.0,0.0,0.3,0.0,0.3,0.3,0.0,0.0,1.6,0,0,-0.7,0.0,0.0,0.0,0.0,0.0,0.0,0.0,1.0,1.7,0.7,2.7,0.001,20.8,11.1,26.3,0.0,33.3,0.0,0.0,25.0,0.0,14.3,16.7,0.0,0.0,0.0,100,0.0,0.0,10.0,23,80.0,20.0,100,100,0.0,0.0,0.0,100,0.0,100,0.0,0.0,0.0,100,0.0,0.7,0.7,0.0,0.0,1.0,1.7,0.7,2.7,0.3,0.0,Magic,8.0,-3.2,-23.8,-27.1,-2.3,-12.1,-14.4,-3.1,-22.8,-25.9,-0.1,,
448,Timothe Luwawu-Cabarrot,24,0,2,3.0,0.0,1.0,0.0,0.0,0.5,0.0,0.5,1.0,50.0,0.0,0.0,0.0,0.0,0.0,0.0,0.5,0,0,-1.0,0.0,0.0,0.0,0.0,0.0,0.0,0.0,0.0,1.5,1.0,4.0,0.021,21.4,0.0,22.2,0.0,16.7,50.0,33.3,0.0,0.0,0.0,0.0,0.0,0.0,0.0,100,0.0,33.3,11.1,24,50.0,50.0,0.0,0.0,0.0,0.0,100,0.0,0.0,0.0,0.0,0.0,0.0,0.0,0.0,0.0,0.0,0.0,0.0,0.0,1.5,1.0,4.0,0.5,0.5,Nets,6.0,-17.6,-9.3,-26.9,-21.1,2.0,-19.1,-19.3,-7.5,-26.8,-0.1,,
450,Brandon Goodwin,24,1,0,2.5,0.0,0.0,0.0,0.0,0.0,0.0,0.0,0.0,0.0,0.0,0.0,0.0,0.0,1.0,0.0,-1.0,0,0,-1.0,0.0,0.0,0.0,0.0,0.0,0.0,0.0,2.0,2.0,0.0,6.0,0.014,16.7,0.0,0.0,0.0,0.0,0.0,0.0,0.0,0.0,0.0,0.0,50.0,0.0,0.0,0.0,0.0,0.0,0.0,24,0.0,0.0,0.0,0.0,0.0,0.0,0.0,0.0,0.0,0.0,0.0,0.0,0.0,0.0,0.0,0.0,0.0,0.0,0.0,2.0,2.0,0.0,6.0,0.0,0.0,Hawks,2.0,-25.2,21.0,-4.2,-6.6,-13.3,-19.9,-22.9,15.1,-7.8,-0.0,,
451,Garrison Mathews,23,1,1,6.8,0.0,1.0,0.0,0.0,1.0,0.0,0.0,0.0,0.0,0.0,0.5,0.5,1.0,0.5,1.5,1.6,0,0,4.0,0.5,5.6,8.3,0.0,0.0,0.0,0.0,1.5,0.0,0.0,3.0,0.124,8.1,0.0,8.0,0.0,14.3,0.0,0.0,0.0,8.3,7.1,33.3,12.5,0.0,0.0,50.0,42.9,28.6,0.0,23,0.0,100,0.0,0.0,0.0,0.0,0.0,0.0,0.0,0.0,0.0,0.0,0.0,0.0,0.0,0.0,0.0,0.0,0.0,1.5,0.0,0.0,3.0,0.5,1.0,Wizards,14.0,-5.0,0.9,-4.1,-16.0,31.2,15.2,-7.7,7.3,-0.4,0.0,,
452,Henry Ellenson,22,1,0,3.3,0.0,0.0,0.0,0.0,0.0,0.0,0.0,0.0,0.0,0.0,0.0,0.0,0.0,0.0,0.0,0.0,0,0,-2.0,0.0,0.0,0.0,0.0,0.0,0.0,0.0,2.0,2.0,2.0,8.0,0.005,0.0,0.0,0.0,0.0,0.0,0.0,0.0,0.0,0.0,0.0,0.0,0.0,0.0,0.0,0.0,0.0,0.0,0.0,22,0.0,0.0,0.0,0.0,0.0,0.0,0.0,0.0,0.0,0.0,0.0,0.0,0.0,0.0,0.0,0.0,0.0,0.0,0.0,2.0,2.0,2.0,8.0,0.0,0.0,Nets,3.0,-1.1,-13.0,-14.1,-18.4,-3.4,-21.8,-5.0,-11.8,-16.8,-0.0,,
453,Jared Harper,22,1,0,2.0,0.0,1.0,0.0,0.0,1.0,0.0,0.0,0.0,0.0,0.0,0.0,0.0,0.0,0.0,0.0,0.0,0,0,-1.0,0.0,0.0,0.0,0.0,0.0,0.0,0.0,0.0,3.0,0.0,0.0,0.014,14.3,0.0,25.0,0.0,25.0,0.0,0.0,0.0,0.0,0.0,0.0,0.0,0.0,0.0,0.0,0.0,0.0,0.0,22,0.0,100,0.0,0.0,0.0,0.0,0.0,0.0,0.0,0.0,0.0,0.0,0.0,0.0,0.0,0.0,0.0,0.0,0.0,0.0,3.0,0.0,0.0,0.0,0.0,Suns,2.0,-12.9,-8.9,-21.8,-17.5,-1.5,-19.1,-14.8,-8.0,-22.8,-0.0,,
455,Jarrell Brantley,23,0,1,4.7,0.0,0.0,0.0,0.0,0.0,0.0,0.0,0.0,0.0,0.0,3.0,3.0,1.0,0.0,0.0,8.1,0,0,7.0,3.0,50.0,60.0,0.0,0.0,1.0,100,2.0,0.0,2.0,6.0,0.067,0.0,0.0,0.0,0.0,0.0,0.0,0.0,0.0,60.0,60.0,33.3,0.0,0.0,100,0.0,0.0,0.0,0.0,23,0.0,0.0,0.0,0.0,0.0,0.0,0.0,0.0,0.0,0.0,0.0,0.0,0.0,0.0,0.0,0.0,0.0,0.0,0.0,2.0,0.0,2.0,6.0,0.0,0.0,Jazz,5.0,5.0,-0.0,5.0,27.0,17.4,44.5,10.0,3.4,13.5,0.0,,
456,John Konchar,23,0,1,6.8,0.0,0.0,0.0,0.0,0.0,0.0,0.0,0.0,0.0,0.0,0.0,0.0,0.0,0.0,0.0,0.0,0,0,-3.0,0.0,0.0,0.0,0.0,0.0,0.0,0.0,10.0,0.0,5.0,6.0,-0.032,0.0,0.0,0.0,0.0,0.0,0.0,0.0,0.0,0.0,0.0,0.0,0.0,0.0,0.0,0.0,0.0,0.0,0.0,23,0.0,0.0,0.0,0.0,0.0,0.0,0.0,0.0,0.0,0.0,0.0,0.0,0.0,0.0,0.0,0.0,0.0,0.0,0.0,10.0,0.0,5.0,6.0,0.0,0.0,Grizzlies,7.0,-3.5,-6.0,-9.5,-4.7,-13.4,-18.1,-4.0,-7.8,-11.8,-0.0,,
457,Juwan Morgan,22,0,1,3.0,0.0,0.0,0.0,0.0,0.0,0.0,0.0,0.0,0.0,0.0,1.0,1.0,0.0,0.0,1.0,1.2,0,0,-1.0,1.0,14.3,33.3,0.0,0.0,0.0,0.0,3.0,3.0,0.0,4.0,0.045,0.0,0.0,0.0,0.0,0.0,0.0,0.0,0.0,33.3,33.3,0.0,0.0,0.0,0.0,0.0,50.0,0.0,0.0,22,0.0,0.0,0.0,0.0,0.0,0.0,0.0,0.0,0.0,0.0,0.0,0.0,0.0,0.0,0.0,0.0,0.0,0.0,0.0,3.0,3.0,0.0,4.0,0.0,0.0,Jazz,3.0,-2.5,-6.9,-9.4,-15.6,14.2,-1.3,-5.3,-3.0,-8.3,-0.0,,
460,Kostas Antetokounmpo,22,2,0,1.4,0.0,0.0,0.0,0.0,0.0,0.0,0.0,0.0,0.0,0.0,0.5,0.5,0.0,0.0,0.0,0.6,0,0,1.0,0.5,50.0,50.0,0.0,0.0,0.0,0.0,0.0,0.0,0.0,2.0,0.023,0.0,0.0,0.0,0.0,0.0,0.0,0.0,0.0,50.0,50.0,0.0,0.0,0.0,0.0,0.0,0.0,0.0,0.0,22,0.0,0.0,0.0,0.0,0.0,0.0,0.0,0.0,0.0,0.0,0.0,0.0,0.0,0.0,0.0,0.0,0.0,0.0,0.0,0.0,0.0,0.0,2.0,0.0,0.0,Lakers,3.0,-3.2,-14.5,-17.7,9.5,10.2,19.8,-0.7,-10.3,-11.1,-0.0,,
464,Vlatko Cancar,22,0,1,2.0,0.0,0.0,0.0,0.0,0.0,0.0,0.0,0.0,0.0,0.0,0.0,0.0,0.0,0.0,0.0,0.0,0,0,1.0,0.0,0.0,0.0,0.0,0.0,0.0,0.0,0.0,0.0,0.0,0.0,0.024,0.0,0.0,0.0,0.0,0.0,0.0,0.0,0.0,0.0,0.0,0.0,0.0,0.0,0.0,0.0,0.0,0.0,0.0,22,0.0,0.0,0.0,0.0,0.0,0.0,0.0,0.0,0.0,0.0,0.0,0.0,0.0,0.0,0.0,0.0,0.0,0.0,0.0,0.0,0.0,0.0,0.0,0.0,0.0,Nuggets,2.0,-10.0,-15.7,-25.8,-1.1,15.8,14.7,-8.6,-10.1,-18.7,-0.0,,
465,Zach Norvell Jr.,21,2,0,2.4,0.0,0.5,0.0,0.0,0.0,0.0,0.0,0.0,0.0,0.0,0.5,0.5,0.0,0.0,0.0,0.6,0,0,-2.0,0.5,25.0,25.0,0.0,0.0,0.0,0.0,0.0,0.0,0.0,2.0,-0.001,7.7,0.0,11.1,0.0,0.0,0.0,0.0,0.0,25.0,25.0,0.0,0.0,0.0,0.0,0.0,0.0,0.0,0.0,21,100,0.0,0.0,0.0,0.0,0.0,0.0,0.0,0.0,0.0,0.0,0.0,0.0,0.0,0.0,0.0,0.0,0.0,0.0,0.0,0.0,0.0,2.0,0.0,0.0,Lakers,5.0,-10.3,-11.9,-22.2,-7.5,-9.9,-17.5,-10.4,-12.3,-22.6,-0.1,,
466,Luol Deng,,,,,,,,,,,,,,,,,,,,,,,,,,,,,,,,,,,,,,,,,,,,,,,,,,,,,,,,,,,,,,,,,,,,,,,,,,,,,,,,,,,,,,,,,,,,4.0,"$4,990,000"
467,DeMarcus Cousins,,,,,,,,,,,,,,,,,,,,,,,,,,,,,,,,,,,,,,,,,,,,,,,,,,,,,,,,,,,,,,,,,,,,,,,,,,,,,,,,,,,,,,,,,,,,7.0,"$3,500,000"
468,Talen Horton-Tucker,,,,,,,,,,,,,,,,,,,,,,,,,,,,,,,,,,,,,,,,,,,,,,,,,,,,,,,,,,,,,,,,,,,,,,,,,,,,,,,,,,,,,,,,,,,,15.0,"$898,310"
469,Nikola Jokić,,,,,,,,,,,,,,,,,,,,,,,,,,,,,,,,,,,,,,,,,,,,,,,,,,,,,,,,,,,,,,,,,,,,,,,,,,,,,,,,,,,,,,,,,,,,17.0,"$26,573,595"
470,Michael Porter,,,,,,,,,,,,,,,,,,,,,,,,,,,,,,,,,,,,,,,,,,,,,,,,,,,,,,,,,,,,,,,,,,,,,,,,,,,,,,,,,,,,,,,,,,,,23.0,"$3,389,400"
471,Juan Hernangómez,,,,,,,,,,,,,,,,,,,,,,,,,,,,,,,,,,,,,,,,,,,,,,,,,,,,,,,,,,,,,,,,,,,,,,,,,,,,,,,,,,,,,,,,,,,,24.0,"$3,321,030"
472,Vlatko Čančar,,,,,,,,,,,,,,,,,,,,,,,,,,,,,,,,,,,,,,,,,,,,,,,,,,,,,,,,,,,,,,,,,,,,,,,,,,,,,,,,,,,,,,,,,,,,28.0,"$1,517,981"
473,Danuel House,,,,,,,,,,,,,,,,,,,,,,,,,,,,,,,,,,,,,,,,,,,,,,,,,,,,,,,,,,,,,,,,,,,,,,,,,,,,,,,,,,,,,,,,,,,,35.0,"$3,540,000"
474,Gerald Green,,,,,,,,,,,,,,,,,,,,,,,,,,,,,,,,,,,,,,,,,,,,,,,,,,,,,,,,,,,,,,,,,,,,,,,,,,,,,,,,,,,,,,,,,,,,37.0,"$2,564,753"
475,Nenê Hilário,,,,,,,,,,,,,,,,,,,,,,,,,,,,,,,,,,,,,,,,,,,,,,,,,,,,,,,,,,,,,,,,,,,,,,,,,,,,,,,,,,,,,,,,,,,,38.0,"$2,564,753"
476,Troy Williams,,,,,,,,,,,,,,,,,,,,,,,,,,,,,,,,,,,,,,,,,,,,,,,,,,,,,,,,,,,,,,,,,,,,,,,,,,,,,,,,,,,,,,,,,,,,45.0,"$122,741"
477,Derrick Walton,,,,,,,,,,,,,,,,,,,,,,,,,,,,,,,,,,,,,,,,,,,,,,,,,,,,,,,,,,,,,,,,,,,,,,,,,,,,,,,,,,,,,,,,,,,,59.0,"$1,445,697"
478,Bojan Bogdanović,,,,,,,,,,,,,,,,,,,,,,,,,,,,,,,,,,,,,,,,,,,,,,,,,,,,,,,,,,,,,,,,,,,,,,,,,,,,,,,,,,,,,,,,,,,,63.0,"$17,000,000"
479,William Howard,,,,,,,,,,,,,,,,,,,,,,,,,,,,,,,,,,,,,,,,,,,,,,,,,,,,,,,,,,,,,,,,,,,,,,,,,,,,,,,,,,,,,,,,,,,,76.0,"$50,000"
480,Kristaps Porziņģis,,,,,,,,,,,,,,,,,,,,,,,,,,,,,,,,,,,,,,,,,,,,,,,,,,,,,,,,,,,,,,,,,,,,,,,,,,,,,,,,,,,,,,,,,,,,77.0,"$27,285,000"
481,Tim Hardaway,,,,,,,,,,,,,,,,,,,,,,,,,,,,,,,,,,,,,,,,,,,,,,,,,,,,,,,,,,,,,,,,,,,,,,,,,,,,,,,,,,,,,,,,,,,,78.0,"$18,150,000"
482,Luka Dončić,,,,,,,,,,,,,,,,,,,,,,,,,,,,,,,,,,,,,,,,,,,,,,,,,,,,,,,,,,,,,,,,,,,,,,,,,,,,,,,,,,,,,,,,,,,,83.0,"$7,683,360"
483,Boban Marjanović,,,,,,,,,,,,,,,,,,,,,,,,,,,,,,,,,,,,,,,,,,,,,,,,,,,,,,,,,,,,,,,,,,,,,,,,,,,,,,,,,,,,,,,,,,,,86.0,"$3,500,000"
484,Isaiah Roby,,,,,,,,,,,,,,,,,,,,,,,,,,,,,,,,,,,,,,,,,,,,,,,,,,,,,,,,,,,,,,,,,,,,,,,,,,,,,,,,,,,,,,,,,,,,89.0,"$1,500,000"
485,Kelly Oubre,,,,,,,,,,,,,,,,,,,,,,,,,,,,,,,,,,,,,,,,,,,,,,,,,,,,,,,,,,,,,,,,,,,,,,,,,,,,,,,,,,,,,,,,,,,,95.0,"$15,625,000"
486,Dario Šarić,,,,,,,,,,,,,,,,,,,,,,,,,,,,,,,,,,,,,,,,,,,,,,,,,,,,,,,,,,,,,,,,,,,,,,,,,,,,,,,,,,,,,,,,,,,,101.0,"$3,481,986"
487,Jalen Lecque,,,,,,,,,,,,,,,,,,,,,,,,,,,,,,,,,,,,,,,,,,,,,,,,,,,,,,,,,,,,,,,,,,,,,,,,,,,,,,,,,,,,,,,,,,,,107.0,"$898,310"
488,Naz Reid,,,,,,,,,,,,,,,,,,,,,,,,,,,,,,,,,,,,,,,,,,,,,,,,,,,,,,,,,,,,,,,,,,,,,,,,,,,,,,,,,,,,,,,,,,,,122.0,"$898,310"
489,Cole Aldrich,,,,,,,,,,,,,,,,,,,,,,,,,,,,,,,,,,,,,,,,,,,,,,,,,,,,,,,,,,,,,,,,,,,,,,,,,,,,,,,,,,,,,,,,,,,,123.0,"$685,340"
490,Marvin Bagley,,,,,,,,,,,,,,,,,,,,,,,,,,,,,,,,,,,,,,,,,,,,,,,,,,,,,,,,,,,,,,,,,,,,,,,,,,,,,,,,,,,,,,,,,,,,128.0,"$8,556,120"
491,Bogdan Bogdanović,,,,,,,,,,,,,,,,,,,,,,,,,,,,,,,,,,,,,,,,,,,,,,,,,,,,,,,,,,,,,,,,,,,,,,,,,,,,,,,,,,,,,,,,,,,,129.0,"$8,529,386"
492,Harry Giles,,,,,,,,,,,,,,,,,,,,,,,,,,,,,,,,,,,,,,,,,,,,,,,,,,,,,,,,,,,,,,,,,,,,,,,,,,,,,,,,,,,,,,,,,,,,135.0,"$2,578,800"
493,Matt Barnes,,,,,,,,,,,,,,,,,,,,,,,,,,,,,,,,,,,,,,,,,,,,,,,,,,,,,,,,,,,,,,,,,,,,,,,,,,,,,,,,,,,,,,,,,,,,136.0,"$2,133,541"
494,Tyler Lydon,,,,,,,,,,,,,,,,,,,,,,,,,,,,,,,,,,,,,,,,,,,,,,,,,,,,,,,,,,,,,,,,,,,,,,,,,,,,,,,,,,,,,,,,,,,,140.0,"$50,000"
495,Tyler Ulis,,,,,,,,,,,,,,,,,,,,,,,,,,,,,,,,,,,,,,,,,,,,,,,,,,,,,,,,,,,,,,,,,,,,,,,,,,,,,,,,,,,,,,,,,,,,141.0,"$50,000"
496,Hollis Thompson,,,,,,,,,,,,,,,,,,,,,,,,,,,,,,,,,,,,,,,,,,,,,,,,,,,,,,,,,,,,,,,,,,,,,,,,,,,,,,,,,,,,,,,,,,,,142.0,"$50,000"
497,J.J. Redick,,,,,,,,,,,,,,,,,,,,,,,,,,,,,,,,,,,,,,,,,,,,,,,,,,,,,,,,,,,,,,,,,,,,,,,,,,,,,,,,,,,,,,,,,,,,145.0,"$13,486,300"
498,Zion Williamson,,,,,,,,,,,,,,,,,,,,,,,,,,,,,,,,,,,,,,,,,,,,,,,,,,,,,,,,,,,,,,,,,,,,,,,,,,,,,,,,,,,,,,,,,,,,146.0,"$9,757,440"
499,Darius Miller,,,,,,,,,,,,,,,,,,,,,,,,,,,,,,,,,,,,,,,,,,,,,,,,,,,,,,,,,,,,,,,,,,,,,,,,,,,,,,,,,,,,,,,,,,,,150.0,"$7,250,000"
500,Nicolò Melli,,,,,,,,,,,,,,,,,,,,,,,,,,,,,,,,,,,,,,,,,,,,,,,,,,,,,,,,,,,,,,,,,,,,,,,,,,,,,,,,,,,,,,,,,,,,152.0,"$3,902,439"
501,Pau Gasol,,,,,,,,,,,,,,,,,,,,,,,,,,,,,,,,,,,,,,,,,,,,,,,,,,,,,,,,,,,,,,,,,,,,,,,,,,,,,,,,,,,,,,,,,,,,165.0,"$5,100,000"
502,Pau Gasol,,,,,,,,,,,,,,,,,,,,,,,,,,,,,,,,,,,,,,,,,,,,,,,,,,,,,,,,,,,,,,,,,,,,,,,,,,,,,,,,,,,,,,,,,,,,219.0,"$2,564,753"
503,Jakob Pöltl,,,,,,,,,,,,,,,,,,,,,,,,,,,,,,,,,,,,,,,,,,,,,,,,,,,,,,,,,,,,,,,,,,,,,,,,,,,,,,,,,,,,,,,,,,,,166.0,"$3,754,886"
504,Lonnie Walker,,,,,,,,,,,,,,,,,,,,,,,,,,,,,,,,,,,,,,,,,,,,,,,,,,,,,,,,,,,,,,,,,,,,,,,,,,,,,,,,,,,,,,,,,,,,168.0,"$2,760,480"
505,Luka Šamanić,,,,,,,,,,,,,,,,,,,,,,,,,,,,,,,,,,,,,,,,,,,,,,,,,,,,,,,,,,,,,,,,,,,,,,,,,,,,,,,,,,,,,,,,,,,,169.0,"$2,689,920"
506,Dennis Schröder,,,,,,,,,,,,,,,,,,,,,,,,,,,,,,,,,,,,,,,,,,,,,,,,,,,,,,,,,,,,,,,,,,,,,,,,,,,,,,,,,,,,,,,,,,,,177.0,"$15,500,000"
507,Andre Roberson,,,,,,,,,,,,,,,,,,,,,,,,,,,,,,,,,,,,,,,,,,,,,,,,,,,,,,,,,,,,,,,,,,,,,,,,,,,,,,,,,,,,,,,,,,,,178.0,"$10,740,741"
508,Kyle Singler,,,,,,,,,,,,,,,,,,,,,,,,,,,,,,,,,,,,,,,,,,,,,,,,,,,,,,,,,,,,,,,,,,,,,,,,,,,,,,,,,,,,,,,,,,,,188.0,"$999,200"
509,Andre Iguodala,,,,,,,,,,,,,,,,,,,,,,,,,,,,,,,,,,,,,,,,,,,,,,,,,,,,,,,,,,,,,,,,,,,,,,,,,,,,,,,,,,,,,,,,,,,,190.0,"$17,185,185"
510,Jonas Valančiūnas,,,,,,,,,,,,,,,,,,,,,,,,,,,,,,,,,,,,,,,,,,,,,,,,,,,,,,,,,,,,,,,,,,,,,,,,,,,,,,,,,,,,,,,,,,,,191.0,"$16,000,000"
511,Miles Plumlee,,,,,,,,,,,,,,,,,,,,,,,,,,,,,,,,,,,,,,,,,,,,,,,,,,,,,,,,,,,,,,,,,,,,,,,,,,,,,,,,,,,,,,,,,,,,193.0,"$12,500,000"
512,Josh Jackson,,,,,,,,,,,,,,,,,,,,,,,,,,,,,,,,,,,,,,,,,,,,,,,,,,,,,,,,,,,,,,,,,,,,,,,,,,,,,,,,,,,,,,,,,,,,198.0,"$7,059,480"
513,Jaren Jackson,,,,,,,,,,,,,,,,,,,,,,,,,,,,,,,,,,,,,,,,,,,,,,,,,,,,,,,,,,,,,,,,,,,,,,,,,,,,,,,,,,,,,,,,,,,,199.0,"$6,927,480"
514,Dakari Johnson,,,,,,,,,,,,,,,,,,,,,,,,,,,,,,,,,,,,,,,,,,,,,,,,,,,,,,,,,,,,,,,,,,,,,,,,,,,,,,,,,,,,,,,,,,,,208.0,"$459,414"
515,Ivan Rabb,,,,,,,,,,,,,,,,,,,,,,,,,,,,,,,,,,,,,,,,,,,,,,,,,,,,,,,,,,,,,,,,,,,,,,,,,,,,,,,,,,,,,,,,,,,,209.0,"$371,758"
516,Jusuf Nurkić,,,,,,,,,,,,,,,,,,,,,,,,,,,,,,,,,,,,,,,,,,,,,,,,,,,,,,,,,,,,,,,,,,,,,,,,,,,,,,,,,,,,,,,,,,,,214.0,"$12,000,000"
517,Andrew Nicholson,,,,,,,,,,,,,,,,,,,,,,,,,,,,,,,,,,,,,,,,,,,,,,,,,,,,,,,,,,,,,,,,,,,,,,,,,,,,,,,,,,,,,,,,,,,,217.0,"$2,844,429"
518,Skal Labissière,,,,,,,,,,,,,,,,,,,,,,,,,,,,,,,,,,,,,,,,,,,,,,,,,,,,,,,,,,,,,,,,,,,,,,,,,,,,,,,,,,,,,,,,,,,,220.0,"$2,338,847"
519,Anderson Varejão,,,,,,,,,,,,,,,,,,,,,,,,,,,,,,,,,,,,,,,,,,,,,,,,,,,,,,,,,,,,,,,,,,,,,,,,,,,,,,,,,,,,,,,,,,,,224.0,"$1,913,345"
520,Gary Trent,,,,,,,,,,,,,,,,,,,,,,,,,,,,,,,,,,,,,,,,,,,,,,,,,,,,,,,,,,,,,,,,,,,,,,,,,,,,,,,,,,,,,,,,,,,,226.0,"$1,416,852"
521,Festus Ezeli,,,,,,,,,,,,,,,,,,,,,,,,,,,,,,,,,,,,,,,,,,,,,,,,,,,,,,,,,,,,,,,,,,,,,,,,,,,,,,,,,,,,,,,,,,,,227.0,"$333,333"
522,Klay Thompson,,,,,,,,,,,,,,,,,,,,,,,,,,,,,,,,,,,,,,,,,,,,,,,,,,,,,,,,,,,,,,,,,,,,,,,,,,,,,,,,,,,,,,,,,,,,229.0,"$32,742,000"
523,Glenn Robinson,,,,,,,,,,,,,,,,,,,,,,,,,,,,,,,,,,,,,,,,,,,,,,,,,,,,,,,,,,,,,,,,,,,,,,,,,,,,,,,,,,,,,,,,,,,,238.0,"$1,882,867"
524,Alen Smailagić,,,,,,,,,,,,,,,,,,,,,,,,,,,,,,,,,,,,,,,,,,,,,,,,,,,,,,,,,,,,,,,,,,,,,,,,,,,,,,,,,,,,,,,,,,,,240.0,"$898,310"
525,Shaun Livingston,,,,,,,,,,,,,,,,,,,,,,,,,,,,,,,,,,,,,,,,,,,,,,,,,,,,,,,,,,,,,,,,,,,,,,,,,,,,,,,,,,,,,,,,,,,,242.0,"$666,667"
526,Ersan İlyasova,,,,,,,,,,,,,,,,,,,,,,,,,,,,,,,,,,,,,,,,,,,,,,,,,,,,,,,,,,,,,,,,,,,,,,,,,,,,,,,,,,,,,,,,,,,,248.0,"$7,000,000"
527,Mirza Teletović,,,,,,,,,,,,,,,,,,,,,,,,,,,,,,,,,,,,,,,,,,,,,,,,,,,,,,,,,,,,,,,,,,,,,,,,,,,,,,,,,,,,,,,,,,,,250.0,"$3,500,000"
528,Jon Leuer,,,,,,,,,,,,,,,,,,,,,,,,,,,,,,,,,,,,,,,,,,,,,,,,,,,,,,,,,,,,,,,,,,,,,,,,,,,,,,,,,,,,,,,,,,,,251.0,"$3,169,348"
529,Spencer Hawes,,,,,,,,,,,,,,,,,,,,,,,,,,,,,,,,,,,,,,,,,,,,,,,,,,,,,,,,,,,,,,,,,,,,,,,,,,,,,,,,,,,,,,,,,,,,256.0,"$2,007,058"
530,Larry Sanders,,,,,,,,,,,,,,,,,,,,,,,,,,,,,,,,,,,,,,,,,,,,,,,,,,,,,,,,,,,,,,,,,,,,,,,,,,,,,,,,,,,,,,,,,,,,257.0,"$1,865,547"
531,Guerschon Yabusele,,,,,,,,,,,,,,,,,,,,,,,,,,,,,,,,,,,,,,,,,,,,,,,,,,,,,,,,,,,,,,,,,,,,,,,,,,,,,,,,,,,,,,,,,,,,271.0,"$3,117,240"
532,Robert Williams,,,,,,,,,,,,,,,,,,,,,,,,,,,,,,,,,,,,,,,,,,,,,,,,,,,,,,,,,,,,,,,,,,,,,,,,,,,,,,,,,,,,,,,,,,,,274.0,"$1,937,520"
533,Demetrius Jackson,,,,,,,,,,,,,,,,,,,,,,,,,,,,,,,,,,,,,,,,,,,,,,,,,,,,,,,,,,,,,,,,,,,,,,,,,,,,,,,,,,,,,,,,,,,,280.0,"$92,857"
534,Justin Hamilton,,,,,,,,,,,,,,,,,,,,,,,,,,,,,,,,,,,,,,,,,,,,,,,,,,,,,,,,,,,,,,,,,,,,,,,,,,,,,,,,,,,,,,,,,,,,293.0,"$1,000,000"
535,Cameron Payne,,,,,,,,,,,,,,,,,,,,,,,,,,,,,,,,,,,,,,,,,,,,,,,,,,,,,,,,,,,,,,,,,,,,,,,,,,,,,,,,,,,,,,,,,,,,297.0,"$150,000"
536,Isaiah Taylor,,,,,,,,,,,,,,,,,,,,,,,,,,,,,,,,,,,,,,,,,,,,,,,,,,,,,,,,,,,,,,,,,,,,,,,,,,,,,,,,,,,,,,,,,,,,298.0,"$50,000"
537,Goran Dragić,,,,,,,,,,,,,,,,,,,,,,,,,,,,,,,,,,,,,,,,,,,,,,,,,,,,,,,,,,,,,,,,,,,,,,,,,,,,,,,,,,,,,,,,,,,,300.0,"$19,217,900"
538,Dion Waiters,,,,,,,,,,,,,,,,,,,,,,,,,,,,,,,,,,,,,,,,,,,,,,,,,,,,,,,,,,,,,,,,,,,,,,,,,,,,,,,,,,,,,,,,,,,,303.0,"$12,100,000"
539,Derrick Jones,,,,,,,,,,,,,,,,,,,,,,,,,,,,,,,,,,,,,,,,,,,,,,,,,,,,,,,,,,,,,,,,,,,,,,,,,,,,,,,,,,,,,,,,,,,,310.0,"$1,645,357"
540,A.J. Hammons,,,,,,,,,,,,,,,,,,,,,,,,,,,,,,,,,,,,,,,,,,,,,,,,,,,,,,,,,,,,,,,,,,,,,,,,,,,,,,,,,,,,,,,,,,,,314.0,"$350,087"
541,Yante Maten,,,,,,,,,,,,,,,,,,,,,,,,,,,,,,,,,,,,,,,,,,,,,,,,,,,,,,,,,,,,,,,,,,,,,,,,,,,,,,,,,,,,,,,,,,,,315.0,"$100,000"
542,Zhaire Smith,,,,,,,,,,,,,,,,,,,,,,,,,,,,,,,,,,,,,,,,,,,,,,,,,,,,,,,,,,,,,,,,,,,,,,,,,,,,,,,,,,,,,,,,,,,,322.0,"$3,058,800"
543,James Ennis,,,,,,,,,,,,,,,,,,,,,,,,,,,,,,,,,,,,,,,,,,,,,,,,,,,,,,,,,,,,,,,,,,,,,,,,,,,,,,,,,,,,,,,,,,,,326.0,"$1,882,867"
544,Victor Oladipo,,,,,,,,,,,,,,,,,,,,,,,,,,,,,,,,,,,,,,,,,,,,,,,,,,,,,,,,,,,,,,,,,,,,,,,,,,,,,,,,,,,,,,,,,,,,331.0,"$21,000,000"
545,T.J. Leaf,,,,,,,,,,,,,,,,,,,,,,,,,,,,,,,,,,,,,,,,,,,,,,,,,,,,,,,,,,,,,,,,,,,,,,,,,,,,,,,,,,,,,,,,,,,,341.0,"$2,813,280"
546,Monta Ellis,,,,,,,,,,,,,,,,,,,,,,,,,,,,,,,,,,,,,,,,,,,,,,,,,,,,,,,,,,,,,,,,,,,,,,,,,,,,,,,,,,,,,,,,,,,,342.0,"$2,245,400"
547,Kevin Durant,,,,,,,,,,,,,,,,,,,,,,,,,,,,,,,,,,,,,,,,,,,,,,,,,,,,,,,,,,,,,,,,,,,,,,,,,,,,,,,,,,,,,,,,,,,,347.0,"$37,199,000"
548,Deron Williams,,,,,,,,,,,,,,,,,,,,,,,,,,,,,,,,,,,,,,,,,,,,,,,,,,,,,,,,,,,,,,,,,,,,,,,,,,,,,,,,,,,,,,,,,,,,352.0,"$5,474,787"
549,Taurean Waller-Prince,,,,,,,,,,,,,,,,,,,,,,,,,,,,,,,,,,,,,,,,,,,,,,,,,,,,,,,,,,,,,,,,,,,,,,,,,,,,,,,,,,,,,,,,,,,,354.0,"$3,481,986"
550,Wilson Chandler,,,,,,,,,,,,,,,,,,,,,,,,,,,,,,,,,,,,,,,,,,,,,,,,,,,,,,,,,,,,,,,,,,,,,,,,,,,,,,,,,,,,,,,,,,,,356.0,"$2,564,753"
551,Džanan Musa,,,,,,,,,,,,,,,,,,,,,,,,,,,,,,,,,,,,,,,,,,,,,,,,,,,,,,,,,,,,,,,,,,,,,,,,,,,,,,,,,,,,,,,,,,,,359.0,"$1,911,600"
552,Nikola Vučević,,,,,,,,,,,,,,,,,,,,,,,,,,,,,,,,,,,,,,,,,,,,,,,,,,,,,,,,,,,,,,,,,,,,,,,,,,,,,,,,,,,,,,,,,,,,364.0,"$28,000,000"
553,Timofey Mozgov,,,,,,,,,,,,,,,,,,,,,,,,,,,,,,,,,,,,,,,,,,,,,,,,,,,,,,,,,,,,,,,,,,,,,,,,,,,,,,,,,,,,,,,,,,,,373.0,"$5,573,333"
554,Wesley Iwundu,,,,,,,,,,,,,,,,,,,,,,,,,,,,,,,,,,,,,,,,,,,,,,,,,,,,,,,,,,,,,,,,,,,,,,,,,,,,,,,,,,,,,,,,,,,,376.0,"$1,618,520"
555,Melvin Frazier,,,,,,,,,,,,,,,,,,,,,,,,,,,,,,,,,,,,,,,,,,,,,,,,,,,,,,,,,,,,,,,,,,,,,,,,,,,,,,,,,,,,,,,,,,,,377.0,"$1,416,852"
556,C.J. Watson,,,,,,,,,,,,,,,,,,,,,,,,,,,,,,,,,,,,,,,,,,,,,,,,,,,,,,,,,,,,,,,,,,,,,,,,,,,,,,,,,,,,,,,,,,,,379.0,"$333,333"
557,John Wall,,,,,,,,,,,,,,,,,,,,,,,,,,,,,,,,,,,,,,,,,,,,,,,,,,,,,,,,,,,,,,,,,,,,,,,,,,,,,,,,,,,,,,,,,,,,380.0,"$37,800,000"
558,Ian Mahinmi,,,,,,,,,,,,,,,,,,,,,,,,,,,,,,,,,,,,,,,,,,,,,,,,,,,,,,,,,,,,,,,,,,,,,,,,,,,,,,,,,,,,,,,,,,,,382.0,"$15,450,051"
559,C.J. Miles,,,,,,,,,,,,,,,,,,,,,,,,,,,,,,,,,,,,,,,,,,,,,,,,,,,,,,,,,,,,,,,,,,,,,,,,,,,,,,,,,,,,,,,,,,,,383.0,"$8,730,158"
560,Dāvis Bertāns,,,,,,,,,,,,,,,,,,,,,,,,,,,,,,,,,,,,,,,,,,,,,,,,,,,,,,,,,,,,,,,,,,,,,,,,,,,,,,,,,,,,,,,,,,,,385.0,"$7,000,000"
561,Troy Brown,,,,,,,,,,,,,,,,,,,,,,,,,,,,,,,,,,,,,,,,,,,,,,,,,,,,,,,,,,,,,,,,,,,,,,,,,,,,,,,,,,,,,,,,,,,,388.0,"$3,219,480"
562,Jonathon Simmons,,,,,,,,,,,,,,,,,,,,,,,,,,,,,,,,,,,,,,,,,,,,,,,,,,,,,,,,,,,,,,,,,,,,,,,,,,,,,,,,,,,,,,,,,,,,393.0,"$1,000,000"
563,Jemerrio Jones,,,,,,,,,,,,,,,,,,,,,,,,,,,,,,,,,,,,,,,,,,,,,,,,,,,,,,,,,,,,,,,,,,,,,,,,,,,,,,,,,,,,,,,,,,,,396.0,"$199,000"
564,PJ Washington,,,,,,,,,,,,,,,,,,,,,,,,,,,,,,,,,,,,,,,,,,,,,,,,,,,,,,,,,,,,,,,,,,,,,,,,,,,,,,,,,,,,,,,,,,,,404.0,"$3,831,840"
565,Willy Hernangómez,,,,,,,,,,,,,,,,,,,,,,,,,,,,,,,,,,,,,,,,,,,,,,,,,,,,,,,,,,,,,,,,,,,,,,,,,,,,,,,,,,,,,,,,,,,,406.0,"$1,676,735"
566,Otto Porter,,,,,,,,,,,,,,,,,,,,,,,,,,,,,,,,,,,,,,,,,,,,,,,,,,,,,,,,,,,,,,,,,,,,,,,,,,,,,,,,,,,,,,,,,,,,411.0,"$27,250,576"
567,Tomáš Satoranský,,,,,,,,,,,,,,,,,,,,,,,,,,,,,,,,,,,,,,,,,,,,,,,,,,,,,,,,,,,,,,,,,,,,,,,,,,,,,,,,,,,,,,,,,,,,414.0,"$10,000,000"
568,Cristiano Felício,,,,,,,,,,,,,,,,,,,,,,,,,,,,,,,,,,,,,,,,,,,,,,,,,,,,,,,,,,,,,,,,,,,,,,,,,,,,,,,,,,,,,,,,,,,,415.0,"$8,156,500"
569,Wendell Carter,,,,,,,,,,,,,,,,,,,,,,,,,,,,,,,,,,,,,,,,,,,,,,,,,,,,,,,,,,,,,,,,,,,,,,,,,,,,,,,,,,,,,,,,,,,,419.0,"$5,201,400"
570,Ömer Aşık,,,,,,,,,,,,,,,,,,,,,,,,,,,,,,,,,,,,,,,,,,,,,,,,,,,,,,,,,,,,,,,,,,,,,,,,,,,,,,,,,,,,,,,,,,,,421.0,"$3,000,000"
571,Larry Nance,,,,,,,,,,,,,,,,,,,,,,,,,,,,,,,,,,,,,,,,,,,,,,,,,,,,,,,,,,,,,,,,,,,,,,,,,,,,,,,,,,,,,,,,,,,,431.0,"$12,727,273"
572,Ante Žižić,,,,,,,,,,,,,,,,,,,,,,,,,,,,,,,,,,,,,,,,,,,,,,,,,,,,,,,,,,,,,,,,,,,,,,,,,,,,,,,,,,,,,,,,,,,,437.0,"$2,281,800"
573,Dylan Windler,,,,,,,,,,,,,,,,,,,,,,,,,,,,,,,,,,,,,,,,,,,,,,,,,,,,,,,,,,,,,,,,,,,,,,,,,,,,,,,,,,,,,,,,,,,,438.0,"$2,035,800"
574,J.R. Smith,,,,,,,,,,,,,,,,,,,,,,,,,,,,,,,,,,,,,,,,,,,,,,,,,,,,,,,,,,,,,,,,,,,,,,,,,,,,,,,,,,,,,,,,,,,,440.0,"$1,456,667"
575,Kevin Porter,,,,,,,,,,,,,,,,,,,,,,,,,,,,,,,,,,,,,,,,,,,,,,,,,,,,,,,,,,,,,,,,,,,,,,,,,,,,,,,,,,,,,,,,,,,,441.0,"$1,290,960"
576,Josh Smith,,,,,,,,,,,,,,,,,,,,,,,,,,,,,,,,,,,,,,,,,,,,,,,,,,,,,,,,,,,,,,,,,,,,,,,,,,,,,,,,,,,,,,,,,,,,448.0,"$5,331,729"
577,Sviatoslav Mykhailiuk,,,,,,,,,,,,,,,,,,,,,,,,,,,,,,,,,,,,,,,,,,,,,,,,,,,,,,,,,,,,,,,,,,,,,,,,,,,,,,,,,,,,,,,,,,,,456.0,"$1,416,852"
578,Joe Johnson,,,,,,,,,,,,,,,,,,,,,,,,,,,,,,,,,,,,,,,,,,,,,,,,,,,,,,,,,,,,,,,,,,,,,,,,,,,,,,,,,,,,,,,,,,,,458.0,"$220,000"
579,Jaylen Adams,,,,,,,,,,,,,,,,,,,,,,,,,,,,,,,,,,,,,,,,,,,,,,,,,,,,,,,,,,,,,,,,,,,,,,,,,,,,,,,,,,,,,,,,,,,,474.0,"$100,000"
580,Marcus Morris,,,,,,,,,,,,,,,,,,,,,,,,,,,,,,,,,,,,,,,,,,,,,,,,,,,,,,,,,,,,,,,,,,,,,,,,,,,,,,,,,,,,,,,,,,,,477.0,"$15,000,000"
581,Joakim Noah,,,,,,,,,,,,,,,,,,,,,,,,,,,,,,,,,,,,,,,,,,,,,,,,,,,,,,,,,,,,,,,,,,,,,,,,,,,,,,,,,,,,,,,,,,,,482.0,"$6,431,666"
582,Dennis Smith,,,,,,,,,,,,,,,,,,,,,,,,,,,,,,,,,,,,,,,,,,,,,,,,,,,,,,,,,,,,,,,,,,,,,,,,,,,,,,,,,,,,,,,,,,,,484.0,"$4,463,640"
583,Kevin Knox,,,,,,,,,,,,,,,,,,,,,,,,,,,,,,,,,,,,,,,,,,,,,,,,,,,,,,,,,,,,,,,,,,,,,,,,,,,,,,,,,,,,,,,,,,,,485.0,"$4,380,120"
584,Reggie Bullock,,,,,,,,,,,,,,,,,,,,,,,,,,,,,,,,,,,,,,,,,,,,,,,,,,,,,,,,,,,,,,,,,,,,,,,,,,,,,,,,,,,,,,,,,,,,486.0,"$4,000,000"
