Player,AB_3U,MRU,paint_nonra,ra_usage,RC_3,LC_3,backcourt_usage,AB3%,MR%,paint_nonra%,RA%,RC3%,LC3%,BC%
James Harden,49.35,4.24,14.72,27.19,2.62,1.83,0.05,0.369,0.42,0.448,0.588,0.42,0.257,0
Paul George,39.47,19.39,10.53,23.17,4.03,2.91,0.5,0.38,0.415,0.371,0.594,0.446,0.404,0.25
Giannis Antetokounmpo,15.32,9.3,12.91,61.67,0.24,0.48,0.08,0.262,0.345,0.385,0.737,0,0.333,0
Joel Embiid,20.93,19.18,19.18,39.7,0.25,0.58,0.17,0.299,0.361,0.396,0.687,0,0.571,0
LeBron James,27.53,15.63,11.26,43.16,1.02,1.4,0,0.341,0.423,0.306,0.709,0.455,0.267,0
Stephen Curry,49.7,14.63,7.46,17.46,4.18,5.75,0.82,0.429,0.434,0.46,0.628,0.464,0.532,0.091
Kawhi Leonard,22.05,29.32,16.56,27.37,2.39,2.3,0,0.365,0.459,0.465,0.676,0.333,0.462,0
Devin Booker,30.12,23.27,17.93,25.82,1.12,1.27,0.48,0.325,0.449,0.52,0.627,0.357,0.375,0.167
Kevin Durant,25.81,33.33,18.08,20.54,1.3,0.94,0,0.364,0.551,0.492,0.729,0.222,0.231,0
Anthony Davis,12.96,22.81,21.25,41.81,0.49,0.58,0.1,0.316,0.355,0.422,0.716,0.2,0.833,0
Damian Lillard,39.66,18.53,8.15,31.38,1.17,0.91,0.2,0.373,0.461,0.384,0.551,0.278,0.357,0
Kemba Walker,40.38,16.09,12.59,27.91,1.31,1.13,0.59,0.357,0.469,0.401,0.551,0.545,0.211,0.1
Bradley Beal,31.45,21.45,10.38,31.07,2.39,3.21,0.06,0.338,0.428,0.424,0.67,0.421,0.431,0
Blake Griffin,31.4,8.02,18.41,34.53,1.99,5.42,0.23,0.35,0.267,0.361,0.677,0.346,0.465,0
Karl-Anthony Towns,23.44,14.49,24.9,33.85,1.16,2.08,0.08,0.398,0.399,0.48,0.697,0.467,0.407,0
Kyrie Irving,30.22,22.72,15.95,26.43,2.1,2.5,0.08,0.403,0.496,0.434,0.622,0.385,0.419,0
Donovan Mitchell,29.08,13.66,25.56,26.8,2.22,2.35,0.33,0.36,0.402,0.376,0.59,0.382,0.389,0.2
Zach LaVine,24.49,17.97,10.22,43.52,1.23,2.38,0.18,0.36,0.358,0.276,0.617,0.429,0.519,0
Russell Westbrook,24.37,24.1,10.52,37.54,1.09,2.38,0,0.279,0.318,0.316,0.631,0.438,0.343,0
Klay Thompson,33.1,31.95,9.99,15.34,4.64,4.99,0,0.388,0.453,0.429,0.702,0.523,0.386,0
Julius Randle,14.59,6.69,23.79,51.77,1.21,1.95,0,0.344,0.319,0.414,0.662,0.308,0.381,0
LaMarcus Aldridge,2.88,43.37,22.29,31.16,0.15,0.15,0,0.237,0.449,0.452,0.691,0,0.5,0
DeMar DeRozan,1.68,42.12,30.16,24.3,0.69,0.99,0.08,0.045,0.405,0.449,0.696,0.222,0.308,0
Jrue Holiday,27.44,12.68,19.24,37.01,1.55,1.98,0.09,0.314,0.388,0.453,0.636,0.278,0.478,0
D'Angelo Russell,38.37,20.04,22.21,15.89,1.25,2.18,0.07,0.359,0.434,0.478,0.548,0.632,0.394,0
Mike Conley,32.95,17.59,22.14,22.23,2.68,2.23,0.18,0.352,0.442,0.448,0.55,0.467,0.44,0
Luka Doncic,39.16,11.14,20.31,25.28,1.11,1.71,1.29,0.328,0.369,0.422,0.614,0.538,0.5,0.067
CJ McCollum,32.34,25.66,17.3,21.24,1.61,1.77,0.08,0.363,0.502,0.46,0.549,0.45,0.545,0
Nikola Vucevic,16.77,21.34,29.76,31.83,0.15,0.07,0.07,0.366,0.436,0.484,0.687,0.5,0,0
John Wall,27.36,20.47,8.15,40.76,1.99,1.27,0,0.291,0.389,0.356,0.596,0.455,0.286,0
Buddy Hield,37.71,21.23,9.58,21.53,4.23,5.57,0.15,0.406,0.437,0.318,0.617,0.491,0.533,0
Nikola Jokic,21.66,12.61,26.23,38.75,0.34,0.08,0.34,0.316,0.396,0.51,0.668,0.25,1,0
Tobias Harris,25.56,18.45,22.36,27.88,2.8,2.72,0.24,0.388,0.437,0.486,0.619,0.457,0.471,0
JaKarr Sampson,20.37,11.11,29.63,33.33,0,5.56,0,0.455,0.667,0.5,0.667,0,0,0
Lou Williams,22.79,27.08,21.45,25.74,1.16,1.79,0,0.353,0.363,0.45,0.531,0.538,0.35,0
Danilo Gallinari,39.06,21.54,10.83,25.92,1.38,1.04,0.23,0.431,0.39,0.447,0.591,0.5,0.222,0
John Collins,12.21,5.98,15.51,59.58,3.17,3.3,0.24,0.29,0.306,0.378,0.701,0.423,0.556,0
Trae Young,36.64,11.29,20.31,30.3,0.81,0.57,0.08,0.322,0.345,0.468,0.528,0.3,0.429,0
Victor Oladipo,33.16,28.4,10.2,24.66,2.55,0.85,0.17,0.349,0.425,0.35,0.572,0.267,0.4,0
Kyle Kuzma,30.22,9.24,17.44,34.51,3.92,4.57,0.09,0.299,0.394,0.449,0.651,0.31,0.347,0
Lauri Markkanen,36.6,13.08,20.25,25.03,2.39,2.39,0.25,0.364,0.337,0.416,0.603,0.368,0.368,0
Jimmy Butler,16.04,26.11,16.81,35.84,3.21,1.88,0.11,0.352,0.356,0.355,0.657,0.345,0.353,0
Brandon Ingram,7.27,25.38,21.67,40.19,3.57,1.92,0,0.321,0.378,0.481,0.631,0.346,0.357,0
Khris Middleton,35.98,21.6,16.9,20.21,2.44,2.87,0,0.385,0.435,0.454,0.565,0.393,0.273,0
Tim Hardaway Jr.,41.79,20.14,13.09,18.73,4.33,1.71,0.2,0.342,0.42,0.315,0.554,0.349,0.294,0
JJ Redick,50.63,27.36,3.89,9.93,5.45,2.73,0,0.39,0.48,0.45,0.588,0.357,0.571,0
Andrew Wiggins,23.55,26.49,15.31,29.44,1.85,3.2,0.17,0.311,0.349,0.33,0.583,0.273,0.579,0
Jamal Murray,31.28,22.7,20.54,21.66,1.47,2.17,0.17,0.346,0.427,0.422,0.568,0.412,0.6,0
Derrick Rose,15.67,28.15,20.19,32.4,0.66,2.52,0.4,0.356,0.462,0.395,0.623,0.6,0.421,0
T.J. Warren,20.13,16.86,21.28,32.41,3.44,5.89,0,0.415,0.35,0.438,0.641,0.381,0.5,0
Bojan Bogdanovic,25.52,15.14,14.48,33.62,4.67,6.57,0,0.388,0.428,0.421,0.64,0.449,0.551,0
Andre Drummond,2.31,3.47,22.08,70.78,0.29,0.39,0.68,0.167,0.25,0.384,0.619,0,0.25,0
De'Aaron Fox,18.14,19.61,25.23,33.89,1.57,1.57,0,0.386,0.376,0.372,0.628,0.353,0.235,0
RJ Hunter,76.92,7.69,0,15.38,0,0,0,0.4,1,0,0.5,0,0,0
Kevin Love,40.64,14.84,10.25,22.97,4.59,6.71,0,0.339,0.262,0.379,0.523,0.462,0.421,0
Pascal Siakam,6.67,5.08,24.02,48.25,7.3,8.47,0.21,0.27,0.438,0.427,0.706,0.391,0.438,0
Ben Simmons,0.63,6.98,26.35,66.04,0,0,0,0,0.209,0.399,0.67,0,0,0
Jordan Clarkson,29.58,19.24,20.17,22.88,3.31,4.75,0.08,0.315,0.498,0.429,0.63,0.282,0.411,0
Spencer Dinwiddie,35.99,5.68,17.03,32.61,5.19,2.9,0.6,0.319,0.404,0.362,0.641,0.465,0.292,0.2
Collin Sexton,21.38,30.65,15.08,29.91,1.08,1.82,0.08,0.419,0.392,0.335,0.537,0.154,0.409,0
Clint Capela,0,0.82,14.89,84.29,0,0,0,0,0,0.349,0.707,0,0,0
Montrezl Harrell,1.49,4.12,21.17,72.88,0,0.11,0.23,0.231,0.361,0.389,0.705,0,0,0
Josh Richardson,36.84,19.59,15.3,20.57,2.92,4.78,0,0.354,0.393,0.42,0.54,0.267,0.449,0
Harrison Barnes,29.7,13.76,19.11,24.06,7.33,5.84,0.2,0.373,0.324,0.316,0.609,0.459,0.407,0
Deandre Ayton,0.34,26.21,21.95,51.38,0,0.11,0,0,0.399,0.487,0.727,0,0,0
DeMarcus Cousins,24.26,7.28,19.41,47.71,0.27,1.08,0,0.278,0.37,0.361,0.655,0,0.25,0
Eric Gordon,55.97,2.13,10.45,23.45,5.22,2.77,0,0.356,0.4,0.224,0.627,0.367,0.423,0
Aaron Gordon,24,16.83,13.38,36.62,3.82,4.97,0.38,0.339,0.33,0.343,0.634,0.475,0.327,0
Eric Bledsoe,32.82,6.58,11.93,42.7,3.81,2.16,0,0.339,0.328,0.353,0.684,0.324,0.19,0
Rudy Gobert,0,1.54,10.53,87.92,0,0,0,0,0.091,0.347,0.717,0,0,0
Jayson Tatum,21.43,26.64,13.03,30.31,4.63,3.96,0,0.378,0.366,0.378,0.631,0.292,0.439,0
Malcolm Brogdon,26.24,4.95,9.37,53.01,3.21,3.21,0,0.408,0.405,0.271,0.606,0.583,0.417,0
Jusuf Nurkic,3.27,12.95,20.1,63.44,0.12,0.12,0,0.111,0.421,0.386,0.588,0,0,0
Chris Paul,40.42,19.86,21.11,10,5.14,3.06,0.42,0.357,0.476,0.454,0.556,0.297,0.409,0.333
Jonas Valanciunas,8.36,9.67,35.69,45.72,0.37,0.19,0,0.267,0.442,0.526,0.663,0.5,1,0
Dennis Schroder,27.81,21.01,18.48,27.45,2.36,2.45,0.45,0.339,0.427,0.382,0.515,0.308,0.444,0
Reggie Jackson,36.41,16.41,21.07,17.77,3.69,4.27,0.39,0.371,0.426,0.438,0.519,0.342,0.455,0
Jeremy Lamb,28.29,15.53,22.47,28.29,2.04,3.27,0.1,0.31,0.467,0.427,0.545,0.5,0.563,1
Kelly Oubre Jr.,30.52,6.65,16.03,37.17,5.7,3.8,0.12,0.323,0.464,0.393,0.601,0.354,0.25,0
Nikola Mirotic,48.52,12.92,6.83,21.59,4.06,5.72,0.37,0.361,0.357,0.595,0.641,0.409,0.387,0
Evan Fournier,34.14,17.12,15.62,25.16,1.78,5.99,0.19,0.332,0.421,0.407,0.628,0.316,0.422,0
Terrence Ross,48.78,31.55,5.45,7.89,2.14,3.51,0.68,0.381,0.435,0.536,0.642,0.545,0.389,0
Dwyane Wade,19.38,23.96,20.94,28.02,1.35,6.04,0.31,0.29,0.33,0.433,0.621,0.308,0.466,0.333
Serge Ibaka,17.1,25.09,25.31,30.33,0.8,1.37,0,0.287,0.491,0.5,0.737,0.286,0.333,0
Marvin Bagley III,10.59,16.88,28.76,40.63,1.72,1.29,0.14,0.351,0.373,0.448,0.658,0.25,0.111,0
Emmanuel Mudiay,23.21,19.7,17.54,34.68,2.56,2.29,0,0.314,0.459,0.469,0.521,0.316,0.471,0
Jabari Parker,18.94,20.57,12.67,40.6,3.13,3.95,0.14,0.273,0.384,0.409,0.688,0.348,0.483,0
Walter Lemon Jr.,5.75,20.69,13.79,59.77,0,0,0,0.4,0.333,0.333,0.5,0,0,0
Bobby Portis,26.77,16.61,21.45,31.61,1.45,2.1,0,0.41,0.359,0.398,0.566,0.111,0.462,0
Kyle Lowry,53.32,12.45,5.82,20.57,2.17,5.28,0.41,0.34,0.37,0.395,0.632,0.375,0.436,0
Bogdan Bogdanovic,37.63,16.65,19.23,21.1,2.7,2.34,0.35,0.358,0.415,0.409,0.55,0.348,0.4,0
Domantas Sabonis,2,18.4,23.11,56.06,0.14,0.29,0,0.571,0.38,0.469,0.71,0,0.5,0
Marcus Morris,37.68,20.73,12.56,20.62,3.44,4.5,0.47,0.412,0.44,0.425,0.626,0.172,0.263,0
Otto Porter Jr.,28.3,30.33,12.13,17.73,5.44,6.07,0,0.396,0.39,0.577,0.649,0.457,0.41,0
Steven Adams,0,3.09,27.56,69.1,0,0,0.25,0,0.6,0.448,0.655,0,0,0
Jaren Jackson Jr.,18.17,4.58,32.6,38.71,3.06,2.89,0,0.411,0.296,0.422,0.693,0.167,0.235,0
Goran Dragic,30.48,12.93,18.01,31.18,4.16,3.23,0,0.364,0.321,0.359,0.563,0.222,0.357,0
Rudy Gay,16.22,28.02,24.13,23.19,5.09,3.08,0.27,0.372,0.522,0.467,0.63,0.447,0.522,0
Joe Harris,43.32,4.14,12.17,32.09,5.48,2.81,0,0.466,0.452,0.352,0.604,0.512,0.524,0
Caris LeVert,28.57,4.97,25.88,37.27,1.45,1.86,0,0.304,0.167,0.392,0.589,0.286,0.444,0
Enes Kanter,4.83,7.47,17.13,70.42,0.15,0,0,0.273,0.275,0.368,0.64,1,0,0
Jerami Grant,16.4,6.32,13.12,44.96,12.88,6.08,0.24,0.393,0.346,0.306,0.657,0.406,0.38,0
Dennis Smith Jr.,28.62,16.46,10.46,41.08,2,1.23,0.15,0.317,0.355,0.324,0.566,0.385,0.375,0
Al Horford,25.17,23.51,19.78,28.49,1.66,1.24,0.14,0.368,0.547,0.51,0.718,0.167,0.444,0
Marc Gasol,30.69,22.53,27.47,18.51,0.34,0.46,0,0.363,0.469,0.406,0.634,0,0.5,0
Taurean Prince,32.82,12.93,14.12,19.9,10.71,9.01,0.51,0.373,0.408,0.373,0.641,0.444,0.415,0
Carmelo Anthony,50.41,24.79,5.79,16.53,1.65,0.83,0,0.328,0.4,0.571,0.6,0.5,0,0
Myles Turner,22.95,31.41,15.9,27.69,0.9,1.15,0,0.369,0.412,0.476,0.667,0.571,0.667,0
Robert Covington,53.59,10.22,8.29,19.61,4.7,3.59,0,0.366,0.405,0.333,0.662,0.529,0.308,0
Gary Harris,26.9,12.03,16.3,33.54,4.43,6.65,0.16,0.312,0.303,0.417,0.575,0.429,0.381,0
Cedi Osman,33.53,12.56,11.85,31.28,5.57,5.09,0.12,0.353,0.377,0.36,0.583,0.34,0.326,0
Jaylen Brown,25.13,12.75,15.66,36.74,6.44,3.28,0,0.347,0.386,0.411,0.629,0.275,0.462,0
Kevin Knox,30.85,18.93,17.07,24.4,5.25,3.5,0,0.333,0.243,0.417,0.48,0.417,0.313,0
Dwight Howard,0,14.49,17.39,68.12,0,0,0,0,0.4,0.25,0.766,0,0,0
Ricky Rubio,23.97,25.07,13.42,26.85,3.29,7.26,0.14,0.291,0.388,0.357,0.561,0.333,0.377,0
Paul Millsap,18.32,12.06,23.05,41.07,3.05,2.29,0.15,0.342,0.43,0.411,0.621,0.55,0.267,1
Thaddeus Young,9.27,6.42,23.66,52.56,2.38,5.47,0.24,0.359,0.204,0.467,0.652,0.3,0.37,0
Trevor Ariza,40.44,5.19,5.74,30.19,11.34,6.97,0.14,0.304,0.421,0.143,0.57,0.373,0.451,0
Justise Winslow,21.76,13.48,23.1,29.24,4.94,7.34,0.13,0.374,0.386,0.358,0.58,0.27,0.455,0
Brook Lopez,55.6,4.2,12.34,18.32,6.23,3.31,0,0.357,0.455,0.464,0.75,0.367,0.5,0
Jeff Green,32.16,15.35,10.96,27.05,7.75,6.14,0.58,0.336,0.429,0.44,0.735,0.453,0.31,0
Hassan Whiteside,1.18,8.24,28.09,61.32,0.44,0.74,0,0.125,0.321,0.429,0.686,0.333,0,0
Wesley Matthews,45.35,11.73,16.02,14.59,5.01,7.15,0.14,0.36,0.427,0.277,0.618,0.4,0.44,0
Jeff Teague,24.28,12.5,31.97,30.05,0,1.2,0,0.337,0.423,0.376,0.552,0,0.2,0
Joe Ingles,42.77,4.36,11.6,23.57,10.35,7.11,0.25,0.364,0.4,0.387,0.635,0.398,0.544,0
Dion Waiters,42.26,9.83,3.97,25.73,6.49,11.51,0.21,0.356,0.383,0.316,0.528,0.323,0.491,0
E'Twaun Moore,22.18,13.53,27.44,25.94,4.32,6.58,0,0.483,0.361,0.473,0.616,0.217,0.4,0
Jae Crowder,48.18,8.16,3.51,22.84,7.65,9.16,0.5,0.331,0.415,0.25,0.61,0.361,0.329,0
Willie Cauley-Stein,0.14,11.32,19.92,68.49,0,0,0.14,1,0.361,0.301,0.657,0,0,0
JaVale McGee,1.59,5.08,23.49,69.52,0,0.16,0.16,0.1,0.344,0.399,0.731,0,0,0
Derrick Favors,2.1,8.89,15.83,62.84,5.65,4.68,0,0.308,0.382,0.449,0.722,0.2,0.207,0
Bryn Forbes,45.64,22.5,13.4,11.88,2.53,3.67,0.38,0.41,0.472,0.443,0.574,0.55,0.586,0
Kent Bazemore,26.57,14.16,11.24,31.24,7.3,8.91,0.58,0.324,0.423,0.221,0.579,0.34,0.328,0
D.J. Augustin,37.08,10.49,13.59,29.99,2.81,5.47,0.59,0.406,0.465,0.337,0.606,0.474,0.541,0
Will Barton,36.47,11.63,20.36,25.73,2.91,2.46,0.45,0.344,0.385,0.363,0.548,0.385,0.364,0
Josh Jackson,18.19,15.46,21.28,36.5,3.69,4.64,0.24,0.359,0.385,0.374,0.511,0.323,0.205,0
Gordon Hayward,25.2,21.89,15.75,26.14,5.98,5.04,0,0.306,0.432,0.53,0.639,0.368,0.438,0
Malik Beasley,42.82,11.92,10.16,23.71,3.79,7.45,0.14,0.392,0.432,0.453,0.663,0.571,0.382,0
Reggie Bullock,48.48,12.96,7.58,13.3,6.57,11.11,0,0.365,0.532,0.2,0.595,0.385,0.424,0
Kris Dunn,15.22,23.32,28.46,29.25,2.17,1.58,0,0.351,0.381,0.403,0.527,0.364,0.375,0
Darren Collison,18.97,35.81,8.04,27.01,5.31,4.7,0.15,0.344,0.462,0.34,0.579,0.571,0.484,0
Kentavious Caldwell-Pope,41.14,16.64,6.09,20.16,7.04,8.8,0.14,0.319,0.48,0.378,0.631,0.365,0.446,0
Rodney Hood,24.89,29.06,21.61,14.31,4.17,5.81,0.15,0.335,0.446,0.434,0.615,0.5,0.333,0
DeMarre Carroll,37.04,6.96,15.13,24.17,9.57,7.13,0,0.333,0.35,0.299,0.59,0.291,0.439,0
DeAndre Jordan,0,2.02,10.09,87.89,0,0,0,0,0.111,0.378,0.684,0,0,0
Alex Len,15.17,4.9,10.58,53.08,9.95,6.16,0.16,0.365,0.29,0.328,0.622,0.365,0.333,0
Fred VanVleet,39.83,15.17,7.5,28,4.67,4.67,0.17,0.356,0.396,0.244,0.518,0.536,0.429,0
Trey Burke,23.94,27.44,18.6,25.23,1.66,2.58,0.55,0.362,0.416,0.396,0.562,0.333,0.286,0
Tristan Thompson,0,8.16,39.74,52.11,0,0,0,0,0.387,0.477,0.591,0,0,0
J.J. Barea,31.43,19.22,23.12,24.42,0.78,1.04,0,0.298,0.514,0.337,0.585,0.333,0.25,0
Jarrett Allen,0.53,1.23,16.02,75,2.99,4.23,0,0,0.286,0.341,0.695,0.118,0.167,0
Allonzo Trier,21.24,24.13,9.46,40.93,2.12,2.12,0,0.4,0.376,0.306,0.557,0.455,0.273,0
Tyler Johnson,39.16,9.89,19.2,21.67,5.51,4.56,0,0.359,0.288,0.406,0.632,0.207,0.375,0
Shai Gilgeous-Alexander,9.92,21.95,23.94,34.7,4.82,4.53,0.14,0.357,0.465,0.373,0.608,0.412,0.375,0
Taj Gibson,1.12,12.29,19.18,62.38,1.68,3.17,0.19,0.167,0.439,0.408,0.663,0.556,0.294,0
Dewayne Dedmon,27.8,8.3,13.71,37.07,9.85,3.28,0,0.354,0.395,0.352,0.682,0.412,0.471,0
Damyean Dotson,39.97,25.93,6.88,18.34,4.01,4.73,0.14,0.351,0.448,0.208,0.57,0.393,0.515,0
Elfrid Payton,23.19,2.74,23.69,48.63,1.25,0.25,0.25,0.323,0.455,0.379,0.523,0.2,0,0
Thomas Bryant,16.97,13.94,12.12,54.75,1.21,1.01,0,0.357,0.449,0.45,0.797,0.167,0.2,0
Dario Saric,38.05,11.37,10.35,31.78,4.81,3.64,0,0.364,0.308,0.268,0.633,0.394,0.32,0
Marco Belinelli,46.38,22.32,8.41,12.03,5.36,4.93,0.58,0.372,0.409,0.483,0.566,0.378,0.412,0
Justin Holiday,38.35,15.7,7.98,16.6,10.3,10.81,0.26,0.315,0.369,0.194,0.628,0.425,0.405,0
Dwight Powell,24.01,2.92,8.77,62,1.25,1.04,0,0.304,0.071,0.357,0.771,0.5,0.2,0
Monte Morris,22.3,19.57,26.19,22.16,4.03,5.61,0.14,0.406,0.456,0.533,0.597,0.5,0.385,0
Kenneth Faried,5.66,2.64,13.21,74.72,1.13,2.26,0.38,0.333,0.857,0.371,0.652,0,0.5,0
Wendell Carter Jr.,4.85,24.53,22.91,43.94,1.08,2.7,0,0.222,0.352,0.4,0.663,0,0.2,0
Danny Green,39.52,9.37,8.73,12.86,18.41,10.79,0.32,0.422,0.441,0.345,0.617,0.526,0.471,0
Wayne Ellington,58.26,4.46,4.46,9.82,11.38,11.61,0,0.36,0.3,0.45,0.705,0.431,0.346,0
Tyreke Evans,28.64,14.55,7.88,44.85,2.58,1.52,0,0.365,0.323,0.269,0.456,0.471,0,0
Cody Zeller,6.38,2.9,25.22,65.51,0,0,0,0.273,0.3,0.402,0.646,0,0,0
Marvin Williams,38.96,5.21,17.33,18.87,6.29,13.19,0.15,0.346,0.412,0.425,0.593,0.39,0.419,0
Kelly Olynyk,42.91,7.45,7.62,28.37,6.74,6.74,0.18,0.347,0.357,0.512,0.694,0.368,0.395,0
Kadeem Allen,21.43,18.57,22.86,32.86,3.57,0.71,0,0.5,0.346,0.344,0.609,0.2,1,0
Avery Bradley,24.34,31.58,10.86,17.6,4.61,10.53,0.49,0.345,0.453,0.379,0.467,0.393,0.375,0
Derrick White,21.73,20.07,23.02,30.76,3.31,1.1,0,0.331,0.477,0.472,0.605,0.444,0.167,0
Patty Mills,46.91,19.76,4.22,15.23,6.94,6.79,0.15,0.373,0.344,0.5,0.634,0.457,0.489,0
Lonzo Ball,40.35,6.8,9.21,33.99,4.82,4.39,0.44,0.359,0.355,0.214,0.581,0.227,0.2,0
Luke Kennard,41.29,23.48,12.72,12.13,5.09,4.89,0.39,0.384,0.433,0.446,0.645,0.423,0.48,0
Kevin Huerter,41.55,5.74,18.45,22.17,6.82,4.96,0.31,0.373,0.351,0.387,0.559,0.409,0.469,0
Nemanja Bjelica,35.43,3.75,15.16,37.31,3.75,4.6,0,0.428,0.318,0.427,0.603,0.227,0.333,0
Allen Crabbe,52.28,14.21,6.97,9.65,8.58,7.77,0.54,0.344,0.245,0.269,0.556,0.469,0.517,0
Jonathan Isaac,26.35,16.04,6.87,33.72,6.87,9.98,0.16,0.311,0.378,0.31,0.617,0.381,0.311,0
Jeremy Lin,29.07,13.52,18.52,33.33,2.41,3.15,0,0.28,0.466,0.45,0.578,0.385,0.353,0
Robin Lopez,5.61,9.72,39.81,44.67,0,0.19,0,0.233,0.308,0.549,0.686,0,0,0
JaMychal Green,25.21,13.35,11.02,39.19,4.24,6.99,0,0.395,0.397,0.346,0.627,0.55,0.364,0
Tony Parker,8.86,34.56,19.87,34.56,1.3,0.43,0.43,0.244,0.413,0.511,0.544,0.5,0,0
Shabazz Napier,45.06,14.02,11.03,22.99,2.3,4.37,0.23,0.332,0.41,0.313,0.54,0.1,0.474,0
Markieff Morris,30.37,16.94,16.53,24.59,5.99,5.37,0.21,0.354,0.402,0.388,0.605,0.276,0.308,0
Danuel House Jr.,40.08,0.79,3.17,25.4,21.43,9.13,0,0.436,0.5,0.25,0.641,0.352,0.478,0
Al-Farouq Aminu,31.2,5.9,9.61,37.44,8.09,7.76,0,0.346,0.2,0.351,0.604,0.354,0.326,0
Alex Caruso,21.76,10.59,14.71,47.06,2.94,2.94,0,0.541,0.333,0.28,0.5,0.2,0.4,0
Larry Nance Jr.,16.49,13.78,15.24,50.52,1.46,2.3,0.21,0.354,0.288,0.356,0.707,0.286,0.273,0
Nicolas Batum,35.41,16.01,8.72,22.42,7.83,9.43,0.18,0.367,0.356,0.51,0.635,0.545,0.358,0
Rajon Rondo,26.59,10.59,15.76,41.18,3.29,2.35,0.24,0.389,0.333,0.313,0.491,0.357,0.1,0
Gerald Green,50.87,5.88,6.4,11.42,15.57,9.69,0.17,0.33,0.382,0.378,0.727,0.378,0.446,0
Jalen Brunson,21.72,16.88,25.67,25.85,4.13,5.75,0,0.355,0.372,0.483,0.653,0.348,0.281,0
Landry Shamet,56.19,9.34,4.31,15.26,7,7.9,0,0.409,0.327,0.458,0.529,0.436,0.5,0
Ish Smith,21.41,22.45,22.66,27.44,3.33,2.08,0.62,0.301,0.426,0.339,0.583,0.438,0.5,0
Terry Rozier,40.15,13.23,15.79,20.45,3.76,6.62,0,0.345,0.261,0.371,0.566,0.2,0.5,0
Malik Monk,43.17,12.8,9.39,21.5,6.31,5.8,1.02,0.348,0.36,0.255,0.611,0.378,0.206,0
Rondae Hollis-Jefferson,2.87,9.45,24.85,55.65,2.46,4.72,0,0.071,0.261,0.314,0.52,0.167,0.261,0
Ivica Zubac,0,4.81,20.86,74.33,0,0,0,0,0.278,0.423,0.612,0,0,0
Bam Adebayo,1.85,9.26,23.66,63.99,0.21,0.62,0.41,0.333,0.356,0.409,0.688,0,0,0
Tomas Satoransky,21.54,13.27,20.19,35.96,4.23,4.42,0.38,0.411,0.333,0.419,0.652,0.636,0.174,0
Marcus Smart,44.62,7.23,11.99,19.75,8.29,8.11,0,0.36,0.366,0.382,0.643,0.34,0.413,0
Mario Hezonja,26.94,15.3,14.66,37.28,2.16,3.66,0,0.312,0.423,0.353,0.549,0.1,0.118,0
Alec Burks,27.85,15.19,16.24,33.12,2.11,5.06,0.42,0.371,0.306,0.26,0.567,0.4,0.333,0
Delon Wright,22.58,5.2,18.1,46.59,3.58,3.05,0.9,0.278,0.241,0.317,0.588,0.45,0.353,0
Trey Lyles,32.73,10.3,19.6,29.7,2.02,5.25,0.4,0.228,0.431,0.361,0.673,0.5,0.346,0
Frank Kaminsky,42.62,6.04,17.11,30.2,2.01,2.01,0,0.386,0.167,0.51,0.656,0.167,0,0
Norman Powell,27.75,8.25,9.25,40.25,5.25,8.5,0.75,0.369,0.273,0.459,0.621,0.524,0.441,0
Kyle Korver,53.42,20.08,3.11,4.14,8.9,10.35,0,0.364,0.423,0.467,0.75,0.419,0.52,0
Rodions Kurucs,30.07,3.56,8.02,47.66,4.23,5.57,0.89,0.304,0.375,0.25,0.607,0.316,0.4,0
Langston Galloway,39.24,13.08,10.84,11.53,12.74,12.56,0,0.329,0.447,0.397,0.493,0.446,0.37,0
Noah Vonleh,27.05,6.36,20.45,42.05,2.73,1.36,0,0.328,0.357,0.5,0.573,0.417,0.333,0
Mikal Bridges,30.37,5.33,8.53,30.91,14.39,10.3,0.18,0.357,0.333,0.333,0.638,0.259,0.397,0
Jahlil Okafor,1.11,3.61,36.67,58.61,0,0,0,0.25,0.538,0.462,0.678,0,0,0
Bruno Caboclo,33.33,1.78,9.78,30.67,9.33,14.67,0.44,0.387,0.75,0.227,0.58,0.333,0.364,0
DeAndre' Bembry,19.31,2.97,16.83,52.15,3.96,4.62,0.17,0.291,0.111,0.333,0.582,0.375,0.214,0
Darius Miller,60.89,14.8,5.71,3.81,7.82,6.77,0.21,0.368,0.457,0.37,0.667,0.297,0.438,0
Richaun Holmes,0,3.29,28.49,68.22,0,0,0,0,0.167,0.394,0.719,0,0,0
Markelle Fultz,3.87,26.45,25.81,38.71,1.29,2.58,1.29,0.333,0.244,0.375,0.6,0.5,0.25,0
Austin Rivers,44.06,1.92,14.86,26.05,5.59,7.34,0.17,0.321,0.364,0.412,0.597,0.406,0.238,0
Isaiah Thomas,37.37,8.08,28.28,20.2,4.04,2.02,0,0.297,0.75,0.179,0.55,0,0.5,0
Kyle Anderson,4.71,12.32,23.91,51.45,2.54,5.07,0,0.077,0.5,0.47,0.655,0.429,0.357,0
Davis Bertans,63.36,9.27,7.95,8.17,5.52,5.08,0.66,0.408,0.5,0.278,0.757,0.68,0.478,0
Jamal Crawford,37.21,32.65,16.21,5.02,3.42,5.02,0.46,0.356,0.434,0.479,0.5,0.333,0.182,0
Frank Jackson,21.51,12.13,13.96,36.16,7.78,8.47,0,0.309,0.302,0.377,0.627,0.382,0.243,0
Seth Curry,42.58,25.16,8.17,12.69,6.02,5.38,0,0.439,0.402,0.526,0.542,0.357,0.64,0
Josh Hart,43.97,4.74,7.76,28.45,7.33,7.76,0,0.324,0.273,0.194,0.636,0.382,0.361,0
Ante Zizic,0,10.27,27.49,62.24,0,0,0,0,0.412,0.374,0.655,0,0,0
James Johnson,26.65,7.92,17.41,35.62,7.39,4.22,0.79,0.327,0.233,0.364,0.615,0.357,0.438,0
Mason Plumlee,1.38,5.98,24.37,67.36,0.23,0,0.69,0.333,0.269,0.377,0.71,0,0,0
Garrett Temple,31.68,12.63,8.7,25.67,9.52,11.8,0,0.307,0.361,0.333,0.661,0.348,0.386,0
Josh Okogie,27.15,13.77,9.78,33.93,9.18,5.99,0.2,0.272,0.348,0.204,0.582,0.261,0.367,0
Tyler Zeller,0,6.67,30,60,0,3.33,0,0,0.5,0.444,0.611,0,0,0
Maurice Harkless,19.85,4.12,8.76,56.44,4.9,5.41,0.52,0.273,0.25,0.324,0.644,0.316,0.286,0
George Hill,30.59,14.63,11.97,32.71,3.99,5.85,0.27,0.304,0.455,0.422,0.634,0.2,0.455,0
Jake Layman,32.78,9.2,7.55,40.57,4.95,4.95,0,0.353,0.41,0.438,0.738,0.238,0.238,0
Rodney McGruder,30.15,4.56,24.3,22.34,9.76,8.68,0.22,0.353,0.333,0.366,0.573,0.356,0.35,0
Patrick Beverley,46.5,2.34,16.14,22.51,6.79,5.73,0,0.365,0.273,0.355,0.481,0.563,0.407,0
Boban Marjanovic,2.31,9.62,24.23,62.31,1.54,0,0,0.167,0.48,0.476,0.704,0.75,0,0
Shelvin Mack,26.3,17.12,20.35,30.27,2.98,2.98,0,0.377,0.261,0.366,0.566,0.167,0.333,0
Dorian Finney-Smith,29.25,5.74,6.5,40.34,9.94,7.46,0.76,0.314,0.3,0.294,0.616,0.365,0.282,0
Iman Shumpert,41.7,23.09,2.91,12.78,8.52,10.76,0.22,0.328,0.33,0.154,0.632,0.368,0.417,0
Dillon Brooks,27.05,16.39,13.93,36.89,3.28,1.64,0.82,0.394,0.35,0.353,0.467,0.25,0.5,0
Chandler Parsons,40.11,15.38,11.54,21.43,6.59,4.95,0,0.329,0.357,0.381,0.538,0.167,0.333,0
Miles Bridges,22.11,6.26,10.18,44.62,8.41,6.85,1.57,0.31,0.25,0.346,0.64,0.395,0.371,0
Christian Wood,17.59,8.33,22.22,48.15,2.78,0.93,0,0.368,0.444,0.333,0.654,0.333,0,0
Draymond Green,33.65,8.77,13.03,39.1,2.61,2.61,0.24,0.261,0.324,0.327,0.673,0.636,0.273,0
Dwayne Bacon,22.18,10.89,22.18,33.07,2.72,8.95,0,0.421,0.25,0.316,0.694,0.571,0.435,0
Mitchell Robinson,0,1.03,3.44,95.53,0,0,0,0,0.333,0.4,0.709,0,0,0
Antonio Blakeney,12.63,31.06,29.55,16.67,2.02,7.83,0.25,0.3,0.333,0.419,0.621,0.5,0.516,0
PJ Tucker,20.27,2.29,7.27,17.02,30.98,21.99,0.19,0.349,0.333,0.342,0.494,0.432,0.339,0
Doug McDermott,29.55,15.13,6.86,29.31,5.2,13.71,0.24,0.384,0.391,0.517,0.669,0.455,0.448,0
Dirk Nowitzki,48.65,37.03,7.03,1.35,4.32,1.35,0.27,0.311,0.394,0.462,0.6,0.375,0.2,0
Vince Carter,54.82,9.21,6.8,16.89,6.58,5.04,0.66,0.372,0.357,0.387,0.597,0.467,0.435,0
Justin Jackson,31.67,13.33,18.96,17.29,9.38,8.96,0.42,0.342,0.359,0.462,0.771,0.378,0.419,0
Willy Hernangomez,11.49,4.73,19.59,62.5,1.35,0.34,0,0.382,0.357,0.448,0.578,0.5,0,0
Lance Stephenson,31.29,20,6.59,27.76,8.71,4.71,0.94,0.338,0.4,0.25,0.576,0.541,0.35,0
Luol Deng,19.49,15.25,8.47,38.98,9.32,7.63,0.85,0.217,0.389,0.5,0.717,0.636,0.222,0
Joakim Noah,0,7.98,16.43,75.12,0,0,0.47,0,0.235,0.257,0.606,0,0,0
Harry Giles III,0.86,16.95,35.63,45.69,0,0.57,0.29,0,0.339,0.427,0.642,0,0,0
Derrick Jones Jr.,8.95,1.85,10.8,59.26,6.79,11.42,0.93,0.241,0.5,0.2,0.635,0.364,0.351,0
Mike Muscala,55.68,8.03,4.99,16.07,7.76,7.2,0.28,0.363,0.517,0.333,0.603,0.179,0.423,0
OG Anunoby,25.25,4.21,6.19,39.6,12.62,12.13,0,0.382,0.412,0.24,0.644,0.255,0.306,0
Luke Kornet,58.3,9.89,7.42,14.84,4.59,4.95,0,0.345,0.25,0.286,0.571,0.462,0.5,0
Michael Beasley,5.88,11.76,30.07,47.06,3.92,1.31,0,0.111,0.333,0.348,0.694,0.167,0.5,0
Terrance Ferguson,30.63,7.89,3.94,21.58,15.55,20.42,0,0.333,0.265,0.176,0.72,0.493,0.33,0
Pat Connaughton,46.57,2.86,6.29,33.71,4.57,6,0,0.331,0.6,0.364,0.703,0.313,0.333,0
Quinn Cook,35.54,23.92,11.85,18.68,4.1,5.69,0.23,0.397,0.524,0.442,0.549,0.278,0.56,0
Stanley Johnson,31.26,7.82,14.71,28.74,9.43,7.36,0.69,0.287,0.353,0.516,0.504,0.293,0.281,0
Dante Exum,11.62,2.07,22.82,49.38,9.54,4.56,0,0.25,0.2,0.327,0.538,0.304,0.364,0
Wayne Selden,27.12,16.77,20.7,26.5,3.52,5.38,0,0.282,0.481,0.37,0.516,0.529,0.308,0
Brandon Knight,41.92,16.54,20.38,13.46,4.23,3.46,0,0.33,0.605,0.245,0.543,0.182,0.333,0
Tyus Jones,21.51,19.68,27.92,24.26,3.66,2.75,0.23,0.277,0.36,0.434,0.557,0.563,0.167,0
Evan Turner,7.67,28.44,26.19,33.63,1.81,2.26,0,0.206,0.46,0.371,0.617,0.25,0.2,0
Ersan Ilyasova,30.71,10.5,9.45,38.06,6.3,4.72,0.26,0.376,0.35,0.222,0.6,0.417,0.222,0
JR Smith,43.04,32.91,13.92,3.8,0,6.33,0,0.265,0.308,0.545,0.333,0,0.6,0
Ryan Arcidiacono,39.23,9.33,19.86,18.9,6.22,6.46,0,0.354,0.436,0.53,0.57,0.538,0.333,0
James Ennis III,25.85,2.38,4.08,40.48,15.65,11.56,0,0.303,0.429,0.333,0.639,0.37,0.441,0
Devin Robinson,6.25,21.88,25,46.88,0,0,0,0,0.429,0.625,0.733,0,0,0
Maxi Kleber,38.03,7.98,8.78,27.39,8.78,9.04,0,0.364,0.4,0.485,0.66,0.182,0.441,0
Michael Kidd-Gilchrist,4.22,15.96,20.78,49.4,5.12,3.61,0.9,0.214,0.434,0.348,0.579,0.471,0.417,0
Zhaire Smith,35.29,14.71,2.94,35.29,5.88,5.88,0,0.5,0.2,1,0.5,0,0,0
Zach Collins,27.5,11,12,46.75,1,1.75,0,0.336,0.227,0.458,0.626,0,0.429,0
Johnathan Williams,0,4.63,20.37,73.15,0.93,0,0.93,0,0.4,0.318,0.696,0,0,0
Ian Clark,39.84,14.17,18.98,14.44,6.42,6.15,0,0.309,0.415,0.451,0.574,0.375,0.348,0
MarShon Brooks,28.4,17.75,24.85,25.44,1.18,2.37,0,0.271,0.367,0.405,0.767,0.5,0.25,0
Cory Joseph,23.36,33.76,17.52,17.52,4.01,3.1,0.73,0.32,0.389,0.438,0.594,0.273,0.412,0.25
David Nwaba,12.98,2.29,24.43,44.66,9.16,6.11,0.38,0.294,0.167,0.453,0.615,0.333,0.375,0
Jonathon Simmons,21.71,17.71,22.86,29.71,2.57,4.86,0.57,0.25,0.339,0.35,0.538,0.222,0.412,0
Billy Garrett,29.63,25.93,22.22,22.22,0,0,0,0,0.429,0.5,0.833,0,0,0
Shaquille Harrison,12.68,3.52,17.14,58.45,2.82,4.69,0.7,0.278,0.133,0.288,0.55,0.25,0.3,0
Sterling Brown,27.88,5.45,6.41,41.35,9.94,8.33,0.64,0.276,0.412,0.4,0.597,0.484,0.538,0
Gorgui Dieng,4.28,42.25,13.9,29.14,5.08,4.81,0.53,0.188,0.468,0.423,0.67,0.316,0.5,0
CJ Miles,49.2,10.93,9,14.79,9,6.75,0.32,0.307,0.412,0.357,0.457,0.393,0.429,0
Jodie Meeks,28.21,17.95,15.38,20.51,7.69,10.26,0,0.455,0.286,0.667,0.875,0,0.75,0
T.J. McConnell,4.52,31.67,32.86,25.24,3.33,2.14,0.24,0.316,0.541,0.442,0.689,0.357,0.333,0
Devin Harris,45.32,8.19,9.65,24.56,3.22,8.19,0.88,0.31,0.286,0.424,0.571,0.273,0.357,0
Jonas Jerebko,37.75,11.83,6.48,29.01,6.76,7.89,0.28,0.358,0.476,0.478,0.612,0.5,0.286,1
Omri Casspi,22.36,1.86,19.25,52.17,2.48,1.86,0,0.361,0.333,0.29,0.726,0,0.667,0
Kevon Looney,1.44,12.68,7.78,76.66,0.58,0.58,0.29,0.2,0.523,0.259,0.699,0,0,0
Cameron Payne,30.04,17.04,19.28,26.46,4.48,2.24,0.45,0.284,0.395,0.512,0.576,0.2,0.8,0
Troy Daniels,54.91,13.82,6.91,8.73,7.64,8,0,0.344,0.474,0.579,0.417,0.524,0.5,0
Mo Bamba,20.58,20.99,12.35,37.86,2.88,4.94,0.41,0.3,0.373,0.3,0.739,0.143,0.417,0
Tyler Dorsey,39.02,13.26,10.23,26.52,5.68,5.3,0,0.34,0.343,0.407,0.571,0.2,0.429,0
Sam Dekker,17.58,8.98,11.33,55.47,2.34,4.3,0,0.267,0.261,0.138,0.641,0.667,0.273,0
Cheick Diallo,0.38,21.05,24.81,52.63,0.38,0.38,0.38,1,0.536,0.5,0.729,0,0,0
Jerryd Bayless,36.36,27.27,10.91,18.64,4.55,1.82,0.45,0.313,0.4,0.25,0.463,0.2,0.5,0
Isaiah Canaan,42.07,9.15,6.1,26.22,7.93,8.54,0,0.333,0.533,0.3,0.442,0.462,0.357,0
Kenrich Williams,40.22,6.64,8.12,29.89,8.12,6.27,0.74,0.349,0.167,0.273,0.556,0.273,0.353,0
Tony Snell,37.95,6.93,8.03,28.53,7.2,11.08,0.28,0.387,0.32,0.241,0.65,0.385,0.45,0
Henry Ellenson,23.16,10.53,23.16,26.32,10.53,6.32,0,0.5,0.5,0.182,0.52,0.4,0.333,0
Wilson Chandler,41.13,10.94,10.94,20,11.32,5.66,0,0.385,0.345,0.448,0.547,0.433,0.267,0
Jordan McRae,19.17,35,15,25,0,5,0.83,0.348,0.476,0.444,0.667,0,0.333,0
Omari Spellman,33.2,4.1,6.56,36.89,10.66,8.61,0,0.296,0.4,0.188,0.522,0.5,0.333,0
Yogi Ferrell,33.91,22.61,13.04,22.03,2.61,4.93,0.87,0.368,0.423,0.489,0.553,0.111,0.529,0
Aaron Holiday,41.98,17.94,13.74,19.85,3.82,2.29,0.38,0.345,0.404,0.361,0.577,0.3,0.333,0
Matthew Dellavedova,48.76,7.44,24.79,14.05,1.24,2.07,1.65,0.364,0.444,0.45,0.559,0,0.2,0
Nik Stauskas,42.31,13.31,8.28,22.78,6.8,6.21,0.3,0.378,0.4,0.393,0.481,0.261,0.476,0
Meyers Leonard,39.26,7.85,11.16,35.12,2.48,3.72,0.41,0.453,0.368,0.444,0.741,0.333,0.556,0
D.J. Wilson,29.08,10.76,12.35,26.29,12.75,8.76,0,0.37,0.333,0.387,0.561,0.375,0.318,0
Ed Davis,0.66,0.33,11.59,87.42,0,0,0,0,0,0.286,0.667,0,0,0
Juancho Hernangomez,39.62,2.88,7.03,32.27,9.9,8.31,0,0.387,0.556,0.182,0.624,0.258,0.385,0
Mike Scott,42.62,11.19,14.29,14.76,7.86,8.57,0.71,0.391,0.404,0.3,0.5,0.394,0.472,0
Torrey Craig,28.89,5.28,7.5,35.83,11.39,11.11,0,0.308,0.316,0.333,0.651,0.366,0.35,0
Furkan Korkmaz,46.12,8.57,14.29,19.18,8.57,2.04,1.22,0.319,0.333,0.371,0.681,0.381,0.4,0
Ivan Rabb,4.25,21.23,21.23,50.47,1.42,1.42,0,0.333,0.289,0.622,0.673,0,0,0
Elie Okobo,40,11.72,14.83,27.93,2.41,2.76,0.34,0.302,0.353,0.326,0.605,0.286,0.25,0
Frank Ntilikina,31.56,22.34,20.57,16.67,4.61,3.9,0.35,0.292,0.333,0.345,0.468,0.154,0.364,0
Andre Iguodala,27.15,10.93,5.63,35.76,9.93,10.26,0.33,0.28,0.242,0.294,0.833,0.467,0.355,0
Daniel Theis,23.31,13.91,12.03,48.87,1.5,0.38,0,0.419,0.297,0.344,0.754,0,0,0
Tony Bradley,0,6.25,6.25,87.5,0,0,0,0,0,0,0.571,0,0,0
John Henson,31.34,1.49,13.43,38.81,4.48,10.45,0,0.333,0,0.333,0.654,0.333,0.429,0
Aron Baynes,22.42,8.52,12.56,51.57,2.69,2.24,0,0.34,0.421,0.464,0.548,0.333,0.4,0
Grayson Allen,37.64,10.67,11.8,21.91,7.3,10.11,0.56,0.284,0.421,0.381,0.487,0.538,0.333,0
Jakob Poeltl,0,3.79,20,76.21,0,0,0,0,0.727,0.448,0.692,0,0,0
Chasson Randle,40.85,6.57,9.39,31.46,7.51,4.23,0,0.425,0.214,0.25,0.552,0.313,0.222,0
Damian Jones,0,5.41,9.46,85.14,0,0,0,0,0.5,0.286,0.778,0,0,0
Greg Monroe,2.65,7.94,22.22,67.2,0,0,0,0.2,0.267,0.357,0.567,0,0,0
Alex Abrines,62.42,6.37,1.27,11.46,7.64,9.55,1.27,0.316,0.5,0,0.556,0.417,0.333,0
Raul Neto,22.98,7.45,21.12,34.16,8.7,5.59,0,0.324,0.333,0.441,0.636,0.357,0.333,0
Troy Williams,35.71,5.1,11.22,38.78,6.12,2.04,1.02,0.343,0.2,0.364,0.658,0.333,0,0
Treveon Graham,45.03,7.85,13.61,12.04,10.47,10.99,0,0.337,0.4,0.346,0.522,0,0.381,0
Tim Frazier,29.5,16.48,12.64,32.18,4.21,4.98,0,0.338,0.349,0.455,0.583,0.636,0.308,0
Royce O'Neale,26.53,2.92,8.75,37.03,11.95,11.37,1.46,0.396,0.2,0.267,0.669,0.39,0.41,0
Chandler Hutchison,11,9.09,19.14,48.33,4.31,6.7,1.44,0.261,0.421,0.375,0.594,0.222,0.357,0
Frank Mason,34.32,14.79,17.75,29.59,2.37,1.18,0,0.224,0.48,0.467,0.62,0.25,0,0
Alex Poythress,6.17,2.47,3.7,65.43,8.64,13.58,0,0.2,0,0.333,0.566,0.571,0.364,0
Thon Maker,32.08,6.04,7.55,29.43,13.21,11.7,0,0.282,0.25,0.4,0.603,0.343,0.419,0
Anthony Tolliver,59.61,3.53,3.14,9.8,12.55,11.37,0,0.395,0.444,0.25,0.48,0.344,0.345,0
Brandon Sampson,33.33,3.33,16.67,31.67,3.33,11.67,0,0.35,0,0.5,0.632,1,0.286,0
Jalen Jones,32.26,8.06,20.97,25.81,6.45,6.45,0,0.35,0.2,0.308,0.688,0.5,0.25,0
De'Anthony Melton,26.56,12.11,20.7,30.08,4.69,5.86,0,0.279,0.226,0.396,0.558,0.583,0.2,0
Cameron Reynolds,47.95,12.33,6.85,12.33,9.59,10.96,0,0.429,0.444,0.6,0.333,0.143,0.625,0
Luc Mbah a Moute,16.67,5.56,5.56,55.56,16.67,0,0,0.667,1,1,0.4,0,0,0
Dragan Bender,37.56,1.02,7.61,40.1,6.09,7.61,0,0.216,0,0.4,0.759,0.167,0.267,0
Wes Iwundu,16.79,20.8,12.77,37.96,4.74,6.57,0.36,0.413,0.351,0.286,0.529,0.385,0.222,0
Keita Bates-Diop,22.96,14.81,14.07,34.07,6.67,6.67,0.74,0.29,0.2,0.368,0.717,0.333,0.111,0
Marcin Gortat,0,8.6,33.87,57.53,0,0,0,0,0.375,0.413,0.626,0,0,0
Damion Lee,33.86,20.47,11.81,14.17,8.66,11.02,0,0.326,0.462,0.533,0.5,0.273,0.714,0
Nerlens Noel,0,13.41,23.91,62.68,0,0,0,0,0.405,0.348,0.717,0,0,0
Corey Brewer,20.83,5,15,44.17,5.83,9.17,0,0.32,0.167,0.111,0.642,0.429,0.273,0
Bonzie Colson,30.77,7.69,5.13,33.33,7.69,12.82,2.56,0.25,0.333,0.5,0.462,0.667,0,0
Jared Dudley,49.37,7.53,5.02,24.27,10.04,3.77,0,0.331,0.556,0.333,0.586,0.458,0.333,0
Johnathan Motley,2.74,1.37,32.88,61.64,0,1.37,0,0,0,0.333,0.689,0,0,0
Donte DiVincenzo,53.23,2.42,4.03,26.61,6.45,7.26,0,0.258,0.333,0.2,0.788,0.25,0.333,0
Khem Birch,0.66,3.31,29.8,66.23,0,0,0,0,0.4,0.444,0.69,0,0,0
Michael Carter-Williams,20.33,2.44,28.46,38.21,6.5,4.07,0,0.2,0,0.371,0.489,0.25,0.6,0
Troy Brown Jr.,22.32,17.41,21.43,30.8,3.57,4.02,0.45,0.3,0.359,0.271,0.652,0.5,0.333,0
Devonte' Graham,44.44,13.43,7.41,23.15,6.02,3.24,2.31,0.26,0.345,0.25,0.52,0.538,0.286,0
Jonah Bolden,44.44,3.7,3.7,33.95,8.02,6.17,0,0.361,0.167,0.333,0.782,0.462,0.2,0
Alfonzo McKinnie,19.93,6.88,6.88,43.48,9.42,13.41,0,0.364,0.316,0.368,0.658,0.231,0.432,0
Moritz Wagner,43.37,3.61,11.45,39.16,0.6,1.81,0,0.306,0.333,0.421,0.538,0,0,0
John Jenkins,40,33.33,4.76,5.71,8.57,7.62,0,0.405,0.371,0.6,0.667,0.444,0.125,0
Timothe Luwawu-Cabarrot,30.73,9.63,5.05,32.11,11.47,10.55,0.46,0.254,0.286,0.091,0.557,0.4,0.391,0
Theo Pinson,57.53,5.48,8.22,23.29,1.37,2.74,1.37,0.262,0.25,0,0.706,1,0,0
Jemerrio Jones,30.3,9.09,9.09,51.52,0,0,0,0.2,0,0,0.588,0,0,0
Lance Thomas,16.75,21.83,14.21,23.86,9.64,13.71,0,0.273,0.419,0.321,0.617,0.263,0.296,0
Miles Plumlee,0,4.17,22.92,72.92,0,0,0,0,0,0.636,0.714,0,0,0
Jevon Carter,36.22,20.54,9.73,14.59,10.81,7.03,1.08,0.343,0.237,0.278,0.296,0.4,0.231,0
Bismack Biyombo,0,10.9,20.51,68.59,0,0,0,0,0.353,0.406,0.654,0,0,0
Bruce Brown,14.65,2.23,19.43,48.73,6.69,7.32,0.96,0.174,0.286,0.279,0.536,0.429,0.304,0
Shake Milton,33.33,12.64,13.79,22.99,6.9,10.34,0,0.31,0.455,0.25,0.6,0.167,0.444,0
Solomon Hill,35.39,6.18,10.67,26.4,8.99,11.8,0.56,0.286,0.273,0.263,0.596,0.375,0.381,0
Raymond Felton,36.3,23.7,17.78,13.33,4.44,3.7,0.74,0.327,0.438,0.458,0.556,0.5,0.2,0
Deyonta Davis,0,13.64,4.55,77.27,4.55,0,0,0,0.333,0,0.824,0,0,0
Marquese Chriss,25.56,2.22,12.22,45.56,6.67,7.78,0,0.196,0.25,0.318,0.524,0.083,0.429,0
Jaron Blossomgame,20.75,8.49,13.21,41.51,5.66,10.38,0,0.273,0.444,0.143,0.705,0.167,0.273,0
Glenn Robinson III,17.05,15.34,22.73,26.7,10.8,7.39,0,0.333,0.481,0.325,0.638,0.211,0.308,0
Mitchell Creek,6.25,6.25,6.25,75,0,6.25,0,0,0,1,0.583,0,0,0
Marcus Derrickson,45.45,24.24,6.06,9.09,12.12,3.03,0,0.533,0.5,0,0.667,0.25,1,0
Jerian Grant,43.18,25.45,11.82,12.73,1.36,5.45,0,0.358,0.482,0.231,0.679,0.667,0.333,0
Ian Mahinmi,5.77,0.96,27.88,55.77,3.85,5.77,0,0.167,0,0.379,0.569,0.25,0.167,0
Shaun Livingston,0,31.9,32.86,34.29,0,0,0.95,0,0.418,0.507,0.639,0,0,0
Tahjere McCall,0,0,0,66.67,33.33,0,0,0,0,0,1,0,0,0
Isaiah Hicks,0,37.5,12.5,50,0,0,0,0,0.667,0,0.5,0,0,0
Cristiano Felicio,2.23,6.15,17.32,74.3,0,0,0,0,0.364,0.29,0.617,0,0,0
Courtney Lee,27.13,30.23,10.85,16.28,6.98,8.53,0,0.171,0.462,0.571,0.524,0.667,0.364,0
Dusty Hannahs,33.33,0,16.67,41.67,8.33,0,0,0,0,0,0.6,0,0,0
Georges Niang,32.04,3.31,18.23,20.44,12.15,13.81,0,0.431,0.333,0.545,0.622,0.136,0.6,0
Zaza Pachulia,0,23.04,14.14,60.73,0,0,2.09,0,0.386,0.185,0.534,0,0,0
Abdel Nader,26.98,3.72,13.95,36.28,9.3,9.3,0.47,0.293,0.25,0.467,0.551,0.45,0.3,0
Ben McLemore,42.19,18.75,4.69,12.5,6.25,14.06,1.56,0.481,0.333,0,0.5,0.25,0.333,0
Amir Johnson,20.38,2.55,24.2,47.77,2.55,1.91,0.64,0.344,0.5,0.342,0.693,0.25,0,0
Pau Gasol,10.64,22.34,25.53,38.3,1.06,2.13,0,0.6,0.381,0.375,0.528,0,0,0
Salah Mejri,26.79,4.46,14.29,50.89,2.68,0.89,0,0.3,0,0.438,0.649,0.667,0,0
Jon Leuer,5.31,22.12,22.12,46.02,0.88,3.54,0,0.167,0.44,0.36,0.865,0,0,0
Brad Wanamaker,36.19,20.95,20,21.9,0,0.95,0,0.421,0.409,0.381,0.739,0,0,0
TJ Leaf,12.02,8.74,26.78,47.54,2.19,2.73,0,0.273,0.313,0.449,0.736,0.25,0.2,0
Ray Spalding,4.26,4.26,25.53,63.83,2.13,0,0,0,0.5,0.5,0.6,0,0,0
Ryan Broekhoff,49.59,5.79,4.13,17.36,11.57,10.74,0.83,0.367,0.429,0.4,0.667,0.5,0.462,0
Thabo Sefolosha,20.81,10.07,8.05,29.53,14.77,16.78,0,0.419,0.4,0.417,0.591,0.545,0.36,0
Anfernee Simons,38.1,19.05,15.87,19.05,0,7.94,0,0.333,0.5,0.3,0.75,0,0.4,0
Hamidou Diallo,2.42,4.85,13.94,66.67,6.06,6.06,0,0,0.375,0.261,0.564,0.2,0.2,0
Justin Anderson,35.26,4.49,14.1,32.69,4.49,8.33,0.64,0.309,0.143,0.318,0.627,0.429,0.231,0
Kosta Koufos,0,4.61,57.89,37.5,0,0,0,0,0.714,0.398,0.561,0,0,0
Rawle Alkins,20.51,0,20.51,48.72,5.13,5.13,0,0.125,0,0.25,0.421,0.5,0.5,0
Gary Payton II,0,0,0,75,25,0,0,0,0,0,0.667,0.5,0,0
Demetrius Jackson,33.33,20,6.67,33.33,6.67,0,0,0.2,0.667,1,0.6,1,0,0
Jimmer Fredette,31.03,24.14,17.24,13.79,10.34,0,3.45,0,0.286,0.4,1,0,0,0
Patrick Patterson,40.64,8.68,11.87,17.35,13.7,7.76,0,0.337,0.368,0.385,0.526,0.267,0.412,0
Daryl Macon,37.04,33.33,14.81,11.11,3.7,0,0,0.5,0.222,0.25,0.667,0,0,0
Alan Williams,7.69,7.69,46.15,38.46,0,0,0,0,1,0.5,0.8,0,0,0
Nene,2.59,27.59,22.41,47.41,0,0,0,0,0.438,0.308,0.691,0,0,0
Channing Frye,61.54,17.95,8.55,5.98,2.56,3.42,0,0.403,0.238,0.2,0.571,0.667,0.25,0
Andrew Bogut,0,5.56,27.78,66.67,0,0,0,0,0.5,0.4,0.542,0,0,0
Tyrone Wallace,4.21,7.94,42.06,41.59,1.4,2.8,0,0.111,0.588,0.378,0.483,0.333,0.333,0
Jerome Robinson,40.37,17.43,12.84,18.35,0.92,8.26,1.83,0.318,0.421,0.357,0.65,0,0.444,0
Malcolm Miller,50,3.85,3.85,11.54,11.54,19.23,0,0.385,1,0,0,0.667,0.6,0
Isaiah Briscoe,15.94,26.81,13.77,34.78,3.62,5.07,0,0.364,0.27,0.211,0.625,0,0.429,0
Kyle O'Quinn,7.35,48.53,13.24,29.41,0.74,0.74,0,0.1,0.485,0.556,0.65,0,0,0
Wesley Johnson,25,26.56,4.69,10.16,14.06,19.53,0,0.469,0.265,0.333,0.769,0.167,0.24,0
Emanuel Terry,0,0,0,100,0,0,0,0,0,0,0.571,0,0,0
Duncan Robinson,58.7,8.7,0,15.22,10.87,6.52,0,0.259,0.5,0,0.857,0.6,0,0
Semi Ojeleye,34.18,8.86,6.96,27.85,10.76,10.76,0.63,0.296,0.214,0.364,0.727,0.235,0.471,0
Chris Boucher,38.16,1.32,3.95,46.05,6.58,3.95,0,0.31,0,0,0.629,0.4,0.333,0
BJ Johnson,16.67,27.78,11.11,22.22,0,16.67,5.56,0.333,0.6,1,0.25,0,0.667,0
Jordan Bell,0.52,33.85,16.15,48.96,0,0,0.52,0,0.338,0.419,0.681,0,0,0
Jaylen Adams,53.21,8.26,9.17,15.6,11.01,1.83,0.92,0.397,0.444,0.2,0.412,0.167,0,0
Jason Smith,35.59,18.64,5.08,32.2,1.69,6.78,0,0.333,0.273,0,0.474,0,0.5,0
Milos Teodosic,55,12.5,10,10,5,5,2.5,0.364,0.6,0.25,0.75,0.5,0.5,0
Andrew Harrison,37.74,16.98,9.43,26.42,5.66,1.89,1.89,0.2,0.111,0.4,0.571,0.333,0,0
PJ Dozier,28.57,9.52,19.05,33.33,9.52,0,0,0.167,0,0,0.857,0.5,0,0
Svi Mykhailiuk,44.6,15.11,4.32,16.55,6.47,12.95,0,0.306,0.286,0.167,0.435,0.556,0.278,0
Tyson Chandler,1.01,1.01,7.07,90.91,0,0,0,0,0,0.429,0.644,0,0,0
Skal Labissiere,24.49,14.29,16.33,42.86,0,2.04,0,0.5,0.571,0.375,0.619,0,0,0
Dante Cunningham,13.29,11.39,17.09,30.38,12.66,14.56,0.63,0.571,0.222,0.444,0.604,0.5,0.348,0
Isaac Humphries,28.57,9.52,4.76,33.33,9.52,14.29,0,0.167,0,0,0.429,1,0,0
Jordan Sibert,100,0,0,0,0,0,0,1,0,0,0,0,0,0
J.P. Macura,33.33,0,11.11,44.44,0,11.11,0,0,0,0,0.75,0,0,0
Daniel Hamilton,20,5,23.33,33.33,3.33,15,0,0.333,0.333,0.286,0.5,1,0.222,0
Gary Clark,64.24,0,1.99,6.62,15.23,11.92,0,0.351,0,0.333,0.8,0.174,0.167,0
Edmond Sumner,29.69,10.94,6.25,40.63,3.13,9.38,0,0.211,0.286,0.75,0.385,0.5,0.333,0
Dairis Bertans,57.45,25.53,2.13,0,8.51,6.38,0,0.296,0.167,0,0,0.5,0,0
C.J. Williams,32.35,17.65,11.76,26.47,8.82,2.94,0,0.455,0.833,0.25,0.667,0,0,0
Jarell Martin,26.92,22.12,3.85,19.23,14.42,13.46,0,0.393,0.304,0.5,0.7,0.4,0.214,0
Gary Trent Jr.,34,30,16,12,4,4,0,0.176,0.467,0.125,0.5,0,1,0
Lonnie Walker IV,26.09,30.43,10.87,30.43,2.17,0,0,0.333,0.214,0.2,0.5,1,0,0
Robert Williams III,0,7.84,1.96,90.2,0,0,0,0,0.25,0,0.761,0,0,0
Yuta Watanabe,19.61,19.61,27.45,21.57,1.96,9.8,0,0.1,0.2,0.286,0.636,1,0,0
Deonte Burton,18.29,10.98,12.2,43.9,6.1,8.54,0,0.4,0.333,0.3,0.528,0.2,0.143,0
Patrick McCaw,23.81,6.35,12.7,38.1,4.76,14.29,0,0.133,0.25,0.25,0.583,0.333,0.667,0
Ryan Anderson,46.38,20.29,1.45,20.29,5.8,4.35,1.45,0.25,0.357,0,0.5,0.25,0,0
Jaylen Morris,30,0,10,60,0,0,0,0.333,0,0,0.5,0,0,0
Troy Caupain,37.5,37.5,12.5,12.5,0,0,0,0.667,0.333,1,0,0,0,0
Udonis Haslem,30.3,30.3,12.12,21.21,6.06,0,0,0,0.5,0.25,0.714,0,0,0
Jordan Loyd,44.44,22.22,5.56,27.78,0,0,0,0.5,0.25,1,0.4,0,0,0
James Nunnally,38.24,5.88,5.88,14.71,11.76,23.53,0,0.308,0,0,0.8,0.25,0.375,0
Jared Terrell,33.33,25.64,10.26,20.51,7.69,2.56,0,0.231,0.5,0.25,0.25,0,1,0
Khyri Thomas,26.09,17.39,11.59,20.29,11.59,13.04,0,0.222,0.25,0.25,0.5,0.375,0.333,0
Jose Calderon,39.17,35.83,4.17,12.5,4.17,3.33,0.83,0.234,0.512,0.4,0.467,0.2,0.5,0
Ekpe Udoh,0,2.78,27.78,69.44,0,0,0,0,0,0.55,0.78,0,0,0
Scott Machado,25,0,0,75,0,0,0,1,0,0,0.667,0,0,0
Guerschon Yabusele,28.57,9.09,12.99,41.56,3.9,3.9,0,0.364,0.286,0.4,0.625,0,0.333,0
Nick Young,66.67,0,11.11,0,11.11,11.11,0,0.5,0,0,0,0,0,0
Amile Jefferson,0,0,25,75,0,0,0,0,0,0.25,0.75,0,0,0
Julian Washburn,25,27.08,12.5,10.42,16.67,6.25,2.08,0.167,0.308,0.5,0.8,0.25,0.333,0
Lorenzo Brown,23.94,9.86,14.08,36.62,4.23,8.45,2.82,0.176,0.429,0.4,0.385,0.333,0.333,0
Dzanan Musa,36.36,9.09,22.73,22.73,4.55,4.55,0,0.125,0.5,0.6,0.8,0,0,0
Caleb Swanigan,5.66,15.09,32.08,39.62,1.89,5.66,0,0,0.125,0.235,0.571,0,0.333,0
Zhou Qi,0,0,0,100,0,0,0,0,0,0,1,0,0,0
Kalin Lucas,100,0,0,0,0,0,0,0,0,0,0,0,0,0
Joe Chealey,0,33.33,33.33,33.33,0,0,0,0,0,1,0,0,0,0
DJ Stephens,0,0,0,100,0,0,0,0,0,0,0.5,0,0,0
Donatas Motiejunas,0,16.67,50,33.33,0,0,0,0,0,0.667,0.5,0,0,0
Isaiah Hartenstein,9.76,0,7.32,78.05,0,4.88,0,0.25,0,0,0.563,0,0.5,0
Wade Baldwin IV,21.21,21.21,18.18,36.36,0,3.03,0,0.143,0.286,0.167,0.417,0,1,0
Quincy Pondexter,15.52,6.9,15.52,46.55,6.9,8.62,0,0.333,0.5,0.444,0.63,0.25,0.4,0
Haywood Highsmith,30,0,20,30,10,10,0,0.333,0,1,0.333,0,0,0
Drew Eubanks,0,15.38,50,34.62,0,0,0,0,0.25,0.769,0.444,0,0,0
Chimezie Metu,3.45,32.76,34.48,29.31,0,0,0,0,0.105,0.5,0.412,0,0,0
Quincy Acy,55.56,0,5.56,11.11,16.67,11.11,0,0.1,0,0,1,0.333,0,0
Deng Adel,47.22,11.11,8.33,16.67,5.56,11.11,0,0.235,0.5,0.333,0.333,0.5,0.25,0
Trevon Duval,0,33.33,0,33.33,0,33.33,0,0,0,0,1,0,1,0
Justin Patton,28.57,0,14.29,57.14,0,0,0,0,0,0,0.5,0,0,0
Thomas Welsh,53.85,30.77,7.69,7.69,0,0,0,0.429,0.5,1,1,0,0,0
Melvin Frazier Jr.,14.29,14.29,23.81,33.33,4.76,9.52,0,0,0.333,0.2,0.714,0,0,0
Vincent Edwards,25,0,0,0,25,50,0,0,0,0,0,0,0.5,0
Angel Delgado,0,0,20,80,0,0,0,0,0,0,0.25,0,0,0
Jarred Vanderbilt,0,5.26,15.79,73.68,5.26,0,0,0,0,0.333,0.571,0,0,0
Brandon Goodwin,26.09,17.39,21.74,34.78,0,0,0,0.333,0,0,0.5,0,0,0
Eric Moreland,14.29,0,28.57,57.14,0,0,0,1,0,0.5,0.25,0,0,0
Malachi Richardson,44.83,3.45,3.45,6.9,6.9,34.48,0,0.308,0,0,0.5,0,0.4,0
Jacob Evans,20.75,37.74,13.21,20.75,5.66,1.89,0,0.273,0.35,0.571,0.273,0.333,0,0
Davon Reed,33.33,25,8.33,33.33,0,0,0,0.5,0,0,0.75,0,0,0
Naz Mitrou-Long,45,0,0,45,5,5,0,0.222,0,0,0.444,0,0,0
Terrence Jones,50,0,0,50,0,0,0,0,0,0,0.5,0,0,0
Yante Maten,25,0,25,50,0,0,0,0,0,1,0,0,0,0
DeVaughn Akoon-Purcell,30,10,0,50,10,0,0,0,0,0,0.6,0,0,0
Kostas Antetokounmpo,0,0,66.67,33.33,0,0,0,0,0,0,0,0,0,0
Sindarius Thornwell,16.33,0,28.57,40.82,6.12,8.16,0,0.25,0,0.357,0.45,0.333,0,0
Alize Johnson,6.25,31.25,18.75,37.5,0,6.25,0,0,0,0.333,0.333,0,1,0
Ron Baker,40,10,0,25,10,15,0,0.125,0.5,0,0.4,0,0,0
Tyler Lydon,33.33,0,5.56,38.89,11.11,11.11,0,0.333,0,0,0.714,0.5,0.5,0
Isaac Bonga,18.18,12.12,21.21,42.42,3.03,3.03,0,0,0,0.143,0.286,0,0,0
Chris Chiozza,37.5,12.5,12.5,12.5,12.5,12.5,0,0.333,0,0,0,1,0,0
Tyler Cavanaugh,20,0,20,30,10,20,0,0.5,0,0,0.667,0,0,0
Jawun Evans,21.43,28.57,42.86,7.14,0,0,0,0,0.25,0.167,1,0,0,0
George King,0,0,0,0,0,0,0,0,0,0,0,0,0,0
John Holland,0,0,0,0,0,0,0,0,0,0,0,0,0,0
Tyler Ulis,0,0,0,0,0,0,0,0,0,0,0,0,0,0
Tyler Davis,0,0,0,100,0,0,0,0,0,0,0,0,0,0
Andre Ingram,33.33,33.33,16.67,0,0,16.67,0,0,0,0,0,0,0,0
Okaro White,50,0,0,0,50,0,0,0,0,0,0,0,0,0
Kobi Simmons,0,0,0,0,0,0,0,0,0,0,0,0,0,0
Zach Lofton,100,0,0,0,0,0,0,0,0,0,0,0,0,0
Ike Anigbogu,0,66.67,0,33.33,0,0,0,0,0,0,0,0,0,0
Donte Grantham,100,0,0,0,0,0,0,0,0,0,0,0,0,0
