Player,>8ft%,8-16ft%,16-24ft%,24+%,BCS%,>8FTU,8-16FTU,16-24FTU,24+U,BCU,AVGDISTA,AVGDISTM,AVGDISTF
James Harden,0.552,0.447,0.343,0.368,0,37.4,6.91,1.83,53.8,0.05,15.86,13.54,17.7
Paul George,0.554,0.397,0.409,0.388,0.222,28.62,12.95,11.52,46.34,0.56,16.06,14.22,17.5
Giannis Antetokounmpo,0.693,0.351,0.4,0.26,0,69.93,7.54,6.42,16.04,0.08,7.23,4.06,11.57
Joel Embiid,0.618,0.393,0.349,0.304,0,51.13,17.85,9.09,21.68,0.25,10.46,7.31,13.4
LeBron James,0.647,0.402,0.444,0.342,0,49.21,9.95,10.88,29.95,0,11.8,8.69,15.03
Stephen Curry,0.594,0.444,0.435,0.442,0.091,21.87,6.72,10.97,59.63,0.82,19.26,17.62,20.72
Kawhi Leonard,0.628,0.478,0.443,0.371,0,34.54,23.91,14.79,26.75,0,12.8,10.68,14.89
Devin Booker,0.591,0.512,0.438,0.328,0.167,31.39,23.98,11.63,32.51,0.48,14.06,11.44,16.36
Kevin Durant,0.689,0.525,0.535,0.353,0,26.03,27.26,18.66,28.05,0,14.45,12.25,16.85
Anthony Davis,0.659,0.39,0.339,0.333,0,52.53,21.25,12.09,14.04,0.1,9.28,6.62,12.13
Damian Lillard,0.53,0.423,0.473,0.37,0,35.09,9.72,13.24,41.75,0.2,15.16,13.34,16.61
Kemba Walker,0.51,0.478,0.463,0.359,0.1,33.79,12.29,10.51,42.81,0.59,15.29,13.41,16.74
Bradley Beal,0.631,0.456,0.412,0.351,0,36.29,12.26,14.34,37.04,0.06,14.25,11.45,16.77
Blake Griffin,0.585,0.274,0.348,0.366,0,48.82,8.63,3.51,38.81,0.23,12.68,9.86,15.12
Karl-Anthony Towns,0.617,0.423,0.406,0.402,0,53.97,11.49,7.79,26.68,0.08,10.9,8.71,13.27
Kyrie Irving,0.566,0.509,0.479,0.403,0,33.76,18.21,13.13,34.81,0.08,14.12,12.57,15.59
Donovan Mitchell,0.486,0.459,0.4,0.363,0.2,39.54,18.95,7.52,33.66,0.33,13.2,11.56,14.45
Zach LaVine,0.57,0.293,0.385,0.376,0,50.4,8.72,12.6,28.11,0.18,11.51,9.11,13.61
Russell Westbrook,0.585,0.323,0.353,0.29,0,42.02,17.24,12.9,27.83,0,11.98,8.78,14.38
Klay Thompson,0.644,0.467,0.444,0.402,0,18.62,17.12,21.54,42.72,0,17.18,15.5,18.65
Julius Randle,0.605,0.385,0.333,0.346,0,67.47,10.87,3.9,17.75,0,7.85,5.72,10.21
LaMarcus Aldridge,0.623,0.449,0.436,0.238,0,45.26,31.39,20.17,3.18,0,9.18,7.69,10.78
DeMar DeRozan,0.604,0.436,0.401,0.159,0,37.47,34.96,24.14,3.35,0.08,10.3,8.51,11.97
Jrue Holiday,0.592,0.454,0.348,0.323,0,47.2,15.79,5.95,30.97,0.09,11.76,8.97,14.24
D'Angelo Russell,0.503,0.491,0.417,0.369,0,24.52,22.54,11.07,41.79,0.07,15.89,14.54,16.94
Mike Conley,0.518,0.467,0.423,0.366,0,29.29,20.45,12.23,37.77,0.27,14.85,13.19,16.15
Luka Doncic,0.554,0.389,0.388,0.342,0.063,37.1,15.42,4.2,41.9,1.37,14.98,11.97,17.22
CJ McCollum,0.525,0.487,0.495,0.376,0,29.12,19.31,15.77,35.72,0.08,14.85,13.61,15.9
Nikola Vucevic,0.621,0.453,0.424,0.365,0,49.85,20.38,12.7,16.99,0.07,10.38,8.43,12.49
John Wall,0.568,0.411,0.391,0.302,0,43.66,13.22,12.5,30.62,0,12.37,9.37,14.77
Buddy Hield,0.559,0.386,0.448,0.428,0,25.91,11.36,15.07,47.51,0.15,16.46,15.21,17.53
Nikola Jokic,0.608,0.504,0.346,0.318,0,59.39,11.59,6.6,22.08,0.34,9.91,7.18,12.78
Tobias Harris,0.592,0.416,0.492,0.402,0,39.14,19.97,9.58,30.99,0.32,12.89,11.11,14.58
JaKarr Sampson,0.536,0.857,0.6,0.357,0,51.85,12.96,9.26,25.93,0,10.76,9.55,12.16
Lou Williams,0.501,0.432,0.349,0.362,0,36.37,20.46,17.43,25.65,0.09,13.23,11.68,14.38
Danilo Gallinari,0.565,0.453,0.37,0.428,0,30.18,13.48,14.63,41.47,0.23,15.57,14.05,16.88
John Collins,0.656,0.354,0.2,0.359,0,69.6,9.65,1.83,18.68,0.24,7.15,4.57,10.46
Trae Young,0.508,0.465,0.316,0.323,0,36.8,18.68,6.42,38.02,0.08,14.33,11.89,16.07
Victor Oladipo,0.512,0.385,0.46,0.346,0,28.57,11.05,23.64,36.39,0.34,15.75,13.96,17.06
Kyle Kuzma,0.605,0.443,0.345,0.306,0,45.34,10.73,5.13,38.71,0.09,12.89,9.52,15.74
Lauri Markkanen,0.541,0.376,0.365,0.365,0,36.73,13.71,7.92,41.38,0.25,14.49,12.3,16.15
Jimmy Butler,0.595,0.397,0.319,0.351,0,44.03,19.8,14.93,21.13,0.11,11.18,8.51,13.48
Brandon Ingram,0.603,0.413,0.433,0.333,0,47.74,25.24,14.27,12.76,0,9.62,7.74,11.47
Khris Middleton,0.512,0.476,0.431,0.378,0,28.92,18.47,11.32,41.29,0,15.46,14.05,16.57
Tim Hardaway Jr.,0.496,0.397,0.388,0.341,0,24.77,13.7,13.49,47.83,0.2,16.92,15.15,18.07
JJ Redick,0.542,0.436,0.5,0.396,0,11.68,5.36,24.15,58.81,0,20.39,19.44,21.13
Andrew Wiggins,0.533,0.343,0.33,0.339,0,38.18,14.97,18.08,28.51,0.25,13.28,10.91,14.93
Jamal Murray,0.513,0.423,0.458,0.365,0,30.59,20.88,13.43,34.92,0.17,14.55,13.07,15.67
Derrick Rose,0.54,0.513,0.439,0.373,0,41.57,20.72,18.46,18.86,0.4,11.65,9.95,13.24
T.J. Warren,0.581,0.438,0.25,0.428,0,43.37,21.28,5.89,29.46,0,11.57,9.78,13.26
Bojan Bogdanovic,0.594,0.419,0.471,0.425,0,41.33,15.24,6.67,36.76,0,12.98,11.19,14.75
Andre Drummond,0.575,0.312,0,0.161,0,88.33,7.43,0.58,2.99,0.68,3.65,2.1,5.45
De'Aaron Fox,0.554,0.402,0.368,0.372,0,45.03,19.71,14,21.27,0,11.14,9.2,12.78
RJ Hunter,0.5,1,0,0.4,0,15.38,7.69,0,76.92,0,22.77,20.83,24.43
Kevin Love,0.494,0.314,0.25,0.361,0,28.62,12.37,7.07,51.94,0,16.27,14.83,17.17
Pascal Siakam,0.633,0.407,0.444,0.373,0,66.35,9.1,1.9,22.43,0.21,8.24,6.03,10.93
Ben Simmons,0.616,0.338,0.105,0,0,83.23,14.17,1.98,0.63,0,3.66,2.38,5.31
Jordan Clarkson,0.56,0.496,0.45,0.324,0,33.14,20.68,8.47,37.63,0.08,14.17,11.72,16.15
Spencer Dinwiddie,0.562,0.413,0.4,0.336,0.143,43.84,9.06,2.42,43.84,0.85,13.89,10.88,16.28
Collin Sexton,0.492,0.396,0.378,0.406,0,37.03,17.56,21.04,24.28,0.08,12.96,11.81,13.83
Clint Capela,0.66,0.2,0,0,0,97.27,2.73,0,0,0,1.88,1.31,2.93
Montrezl Harrell,0.65,0.405,0.308,0.214,0,87.64,9.04,1.49,1.6,0.23,3.36,2.2,5.21
Josh Richardson,0.491,0.454,0.381,0.36,0,26.22,16.96,12.28,44.35,0.19,15.97,14.46,17.02
Harrison Barnes,0.514,0.343,0.261,0.393,0,36.24,13.86,6.83,42.87,0.2,14.47,12.77,15.69
Deandre Ayton,0.679,0.475,0.344,0,0,64.14,21.03,14.37,0.46,0,6.23,4.45,8.75
DeMarcus Cousins,0.586,0.393,0.313,0.274,0,62.53,7.55,4.31,25.61,0,9.64,6.39,12.64
Eric Gordon,0.522,0.303,0.375,0.36,0,31.66,3.52,0.85,63.97,0,17.78,15.6,19.29
Aaron Gordon,0.578,0.369,0.34,0.353,0,43.02,14.24,9.56,32.79,0.38,12.5,9.71,14.78
Eric Bledsoe,0.64,0.361,0.35,0.329,0,48.56,8.54,4.12,38.79,0,12.39,8.86,15.69
Rudy Gobert,0.683,0.143,0.2,0,0,97.33,1.97,0.7,0,0,1.74,1.24,2.75
Jayson Tatum,0.583,0.396,0.349,0.373,0,36.78,16.31,16.89,30.02,0,13.15,10.97,14.93
Malcolm Brogdon,0.568,0.389,0.36,0.426,0,59.17,4.82,3.35,32.66,0,10.37,8.58,12.2
Jusuf Nurkic,0.551,0.37,0.436,0.103,0,78.21,8.84,9.44,3.51,0,5.22,3.85,6.63
Chris Paul,0.485,0.457,0.569,0.354,0.333,18.33,25.56,7.08,48.61,0.42,17.35,16.2,18.19
Jonas Valanciunas,0.621,0.474,0.438,0.292,0,70.07,18.03,2.97,8.92,0,6.51,5,8.43
Dennis Schroder,0.486,0.406,0.421,0.344,0,35.42,21.2,10.33,32.61,0.45,13.59,11.97,14.73
Reggie Jackson,0.458,0.456,0.475,0.376,0,29.22,16.41,9.61,44.37,0.39,16.01,14.73,16.94
Jeremy Lamb,0.49,0.497,0.449,0.347,1,40.65,17.67,7.97,33.61,0.1,13.04,11.4,14.32
Kelly Oubre Jr.,0.548,0.429,0.517,0.318,0.5,48.1,8.31,3.44,39.9,0.24,12.58,9.71,14.88
Nikola Mirotic,0.638,0.371,0.396,0.367,0,26.01,6.46,8.86,58.3,0.37,17.93,15.21,20.06
Evan Fournier,0.57,0.445,0.411,0.344,0,32.18,13.66,12.07,41.91,0.19,15.21,12.7,17.17
Terrence Ross,0.598,0.46,0.446,0.388,0,9.93,12.27,22.69,54.43,0.68,20.16,18.71,21.24
Dwyane Wade,0.581,0.369,0.33,0.331,0.333,37.29,24.27,11.35,26.77,0.31,12.52,10.1,14.37
Serge Ibaka,0.658,0.494,0.507,0.29,0,44.01,20.07,16.65,19.27,0,11.32,8.87,14.08
Marvin Bagley III,0.592,0.384,0.419,0.316,0,60.37,19.74,6.15,13.59,0.14,8.24,6.19,10.32
Emmanuel Mudiay,0.514,0.46,0.476,0.327,0,38.87,21.73,11.34,28.07,0,12.22,10.55,13.56
Jabari Parker,0.645,0.407,0.366,0.314,0,48.37,11.72,13.76,26.02,0.14,11.37,8.01,14.63
Walter Lemon Jr.,0.458,0.556,0.286,0.4,0,67.82,10.34,16.09,5.75,0,6.59,5.42,7.49
Bobby Portis,0.523,0.419,0.277,0.399,0,45.32,13.87,10.48,30.32,0,12.15,10.53,13.44
Kyle Lowry,0.6,0.415,0.339,0.35,0,23.68,7.17,7.98,60.76,0.41,18.55,15.9,20.41
Bogdan Bogdanovic,0.5,0.445,0.392,0.36,0,30.01,15.01,11.96,42.67,0.35,15.66,13.91,16.92
Domantas Sabonis,0.656,0.391,0.4,0.529,0,73.04,12.41,12.13,2.43,0,5.76,4.33,7.82
Marcus Morris,0.603,0.399,0.443,0.379,0,26.54,16.94,10.43,45.62,0.47,16.13,14.03,17.82
Otto Porter Jr.,0.637,0.471,0.377,0.406,0,22.71,18.51,18.97,39.81,0,16.14,14.28,17.76
Steven Adams,0.61,0.509,0,0,0,85.66,14.09,0,0,0.25,3.04,2.39,3.99
Jaren Jackson Jr.,0.58,0.477,0.273,0.359,0,59.42,14.6,1.87,24.11,0,9.39,7.29,11.54
Goran Dragic,0.521,0.347,0.321,0.348,0,39.03,16.63,6.47,37.88,0,13.29,11.22,14.75
Rudy Gay,0.563,0.527,0.495,0.409,0,35.25,25.2,14.88,24.26,0.4,12.69,11.41,13.99
Joe Harris,0.559,0.32,0.6,0.474,0,39.71,6.68,2.01,51.6,0,14.8,13.91,15.7
Caris LeVert,0.525,0.38,0.286,0.312,0,50.52,14.7,2.9,31.88,0,11.25,8.69,13.17
Enes Kanter,0.597,0.286,0.35,0.294,0,83.89,8.2,2.93,4.98,0,4.17,2.74,5.91
Jerami Grant,0.59,0.34,0.419,0.395,0,54.19,6.44,3.77,35.36,0.24,10.88,8.48,13.26
Dennis Smith Jr.,0.544,0.323,0.354,0.324,0,45.85,9.54,12.62,31.85,0.15,12.2,9.4,14.3
Al Horford,0.656,0.549,0.523,0.36,0,41.36,15.63,14.8,28.08,0.14,12.75,10.47,15.38
Marc Gasol,0.557,0.409,0.465,0.361,0,32.18,24.71,11.61,31.49,0,13.77,12.11,15.11
Taurean Prince,0.572,0.41,0.39,0.395,0,25.85,14.12,6.97,52.55,0.51,16.5,14.68,17.94
Carmelo Anthony,0.6,0.438,0.375,0.328,0,20.66,13.22,13.22,52.89,0,18.07,15.78,19.63
Myles Turner,0.619,0.46,0.408,0.39,0,36.03,14.49,24.49,25,0,13.37,11.3,15.34
Robert Covington,0.607,0.318,0.407,0.375,0,24.59,6.08,7.46,61.88,0,18.13,15.91,19.82
Gary Harris,0.526,0.435,0.308,0.338,0,42.72,10.92,8.23,37.97,0.16,13.16,10.72,14.96
Cedi Osman,0.537,0.386,0.387,0.349,0,37.91,10.43,7.35,44.08,0.24,14.33,11.94,16.11
Jaylen Brown,0.587,0.421,0.359,0.344,0,44.32,15.91,4.92,34.85,0,12.2,9.61,14.46
Kevin Knox,0.445,0.361,0.275,0.343,0,32.71,14.55,13.13,39.61,0,14.7,13.29,15.52
Dwight Howard,0.684,0.2,0.429,0,0,82.61,7.25,10.14,0,0,4.1,2.84,6.19
Ricky Rubio,0.541,0.324,0.431,0.313,0,31.37,19.04,14.93,34.52,0.14,14.08,11.85,15.58
Paul Millsap,0.573,0.407,0.182,0.364,0.5,57.25,17.25,1.68,23.51,0.31,9.44,7.45,11.33
Thaddeus Young,0.598,0.41,0.219,0.354,0,71.58,7.25,3.8,17.12,0.24,7.3,5.14,9.71
Trevor Ariza,0.524,0.231,0.44,0.335,0,34.15,3.55,3.42,58.74,0.14,16.08,13.49,17.79
Justise Winslow,0.52,0.331,0.417,0.378,0,42.86,16.56,6.41,33.91,0.27,12.55,11.03,13.71
Brook Lopez,0.672,0.528,0.313,0.365,0,23.66,9.16,2.04,65.14,0,18.7,15.47,21.36
Jeff Green,0.675,0.434,0.443,0.354,0,33.33,11.11,8.92,45.91,0.73,15.49,11.82,18.81
Hassan Whiteside,0.634,0.309,0.435,0.125,0,80.44,13.82,3.38,2.35,0,4.25,2.87,6.09
Wesley Matthews,0.493,0.386,0.353,0.374,0,21.17,16.31,4.86,57.37,0.29,17.78,16.48,18.64
Jeff Teague,0.482,0.444,0.31,0.33,0,45.91,21.63,6.97,25.48,0,11.28,9.57,12.53
Joe Ingles,0.579,0.391,0.375,0.392,0,30.8,5.74,2.99,60.1,0.37,16.81,14.64,18.57
Dion Waiters,0.523,0.15,0.459,0.378,0,27.62,4.18,7.74,60.25,0.21,17.32,15.79,18.39
E'Twaun Moore,0.581,0.43,0.333,0.432,0,38.16,21.43,7.33,33.08,0,12.86,11.36,14.25
Jae Crowder,0.579,0.296,0.451,0.334,0,24.72,3.39,6.4,64.99,0.5,18.2,15.34,20.09
Willie Cauley-Stein,0.598,0.324,0.333,1,0,83.08,10.1,6.55,0.14,0.14,4.02,2.72,5.62
JaVale McGee,0.673,0.313,0.5,0.091,0,85.4,10.16,2.54,1.75,0.16,3.55,2.27,5.64
Derrick Favors,0.69,0.419,0.344,0.221,0,72.37,10.02,5.17,12.44,0,6.15,3.62,9.73
Bryn Forbes,0.526,0.4,0.512,0.429,0,19.47,12.01,16.31,51.83,0.38,18.21,17.36,18.93
Kent Bazemore,0.518,0.296,0.471,0.328,0,36.35,10.36,9.93,42.77,0.58,14.49,11.97,16.22
D.J. Augustin,0.535,0.418,0.512,0.427,0,38.11,9.9,6.06,45.35,0.59,14.69,13.14,16.05
Will Barton,0.497,0.382,0.333,0.348,0,37.36,12.3,8.05,41.83,0.45,14.61,12.48,16.06
Josh Jackson,0.473,0.368,0.413,0.327,0,48.75,13.56,10.94,26.52,0.24,11.2,9.55,12.36
Gordon Hayward,0.608,0.514,0.409,0.335,0,33.39,16.54,13.86,36.22,0,14.14,11.57,16.37
Malik Beasley,0.621,0.476,0.393,0.404,0,29.67,8.54,7.59,54.07,0.14,16.29,14.07,18.28
Reggie Bullock,0.531,0.306,0.556,0.377,0,16.5,8.25,9.09,66.16,0,19.54,18.23,20.45
Kris Dunn,0.477,0.439,0.333,0.354,0,43.08,24.31,13.64,18.97,0,11.15,9.86,12.11
Darren Collison,0.537,0.444,0.463,0.411,0,30.5,9.56,30.8,28.83,0.3,14.68,13.46,15.75
Kentavious Caldwell-Pope,0.608,0.422,0.483,0.344,0,22.46,8.66,11.77,56.97,0.14,17.8,15.3,19.66
Rodney Hood,0.525,0.47,0.432,0.355,0,23.85,22.5,18.63,34.87,0.15,15.52,13.94,16.74
DeMarre Carroll,0.511,0.328,0.385,0.34,0,31.65,10.09,4.52,53.74,0,15.85,13.8,17.18
DeAndre Jordan,0.665,0.133,0,0,0,95.74,3.36,0.9,0,0,1.61,0.95,2.79
Alex Len,0.581,0.412,0.222,0.359,0,60.35,5.37,2.84,31.28,0.16,9.49,6.9,11.99
Fred VanVleet,0.49,0.243,0.411,0.381,0,32.33,6.17,12.17,49,0.33,16.1,14.63,17.12
Trey Burke,0.538,0.345,0.451,0.353,0,34.25,20.26,16.76,28.18,0.55,13.76,12,15.08
Tristan Thompson,0.558,0.449,0.25,0,0,77.37,20.53,2.11,0,0,4.28,3.61,5.04
J.J. Barea,0.504,0.457,0.439,0.297,0,35.06,21.04,10.65,33.25,0,13.54,11.32,15.13
Jarrett Allen,0.654,0.16,0,0.136,0,87.5,4.4,0.35,7.75,0,3.77,1.85,6.54
Allonzo Trier,0.537,0.353,0.374,0.394,0,43.82,13.13,17.57,25.48,0,11.74,10.03,13.12
Tyler Johnson,0.562,0.392,0.258,0.344,0,30.8,14.07,5.89,49.24,0,15.69,13.24,17.41
Shai Gilgeous-Alexander,0.573,0.412,0.438,0.375,0,41.78,27.48,11.33,19.26,0.14,10.8,9.33,12.12
Taj Gibson,0.626,0.356,0.462,0.344,0,75.61,10.99,7.26,5.96,0.19,5.45,3.92,7.44
Dewayne Dedmon,0.627,0.367,0.375,0.377,0,44.98,9.46,4.63,40.93,0,12.71,9.91,15.39
Damyean Dotson,0.503,0.373,0.454,0.371,0,21.35,9.6,20.2,48.71,0.14,17.74,16.36,18.72
Elfrid Payton,0.488,0.343,0.667,0.313,0,64.84,8.73,1.5,24.69,0.25,8.97,7.1,10.41
Thomas Bryant,0.745,0.465,0.465,0.337,0,63.43,8.69,8.69,19.19,0,8.38,5.47,13.08
Dario Saric,0.556,0.342,0.317,0.364,0,38.78,5.54,9.18,46.5,0,14.67,12.11,16.62
Marco Belinelli,0.531,0.408,0.441,0.376,0,16.38,10.29,16.09,56.67,0.58,19.19,17.89,20.1
Justin Holiday,0.512,0.365,0.357,0.351,0,21.36,8.11,10.81,59.46,0.26,18.1,16.24,19.27
Dwight Powell,0.728,0.125,0.091,0.31,0,69.73,1.67,2.3,26.3,0,8.16,4.39,13.64
Monte Morris,0.549,0.547,0.447,0.414,0,34.1,22.88,10.94,31.94,0.14,13.45,12.1,14.76
Kenneth Faried,0.614,0.667,0.667,0.348,0,86.04,3.4,1.13,8.68,0.75,4.42,3.06,6.37
Wendell Carter Jr.,0.596,0.391,0.359,0.188,0,56.06,24.8,10.51,8.63,0,7.95,5.47,10.29
Danny Green,0.526,0.432,0.429,0.457,0,18.41,6.98,5.56,68.73,0.32,19.13,18.34,19.81
Wayne Ellington,0.603,0.583,0.286,0.368,0,12.95,2.68,3.13,81.25,0,21.27,19.44,22.5
Tyreke Evans,0.434,0.313,0.31,0.356,0,51.67,2.42,13.18,32.73,0,12.17,10.81,13.03
Cody Zeller,0.589,0.429,0.333,0.273,0,82.61,10.14,0.87,6.38,0,4.59,3.09,6.44
Marvin Williams,0.53,0.412,0.421,0.367,0,30.67,7.82,2.91,58.44,0.15,16.77,14.75,18.24
Kelly Olynyk,0.668,0.387,0.333,0.355,0,34.22,5.5,3.72,56.38,0.18,15.96,12.51,18.93
Kadeem Allen,0.635,0.279,0.333,0.486,0,37.14,30.71,6.43,25,0.71,11.55,10.34,12.6
Avery Bradley,0.451,0.361,0.469,0.358,0,23.36,10.03,26.64,39.47,0.49,16.52,15.69,17.1
Derrick White,0.575,0.418,0.529,0.338,0,42.91,18.05,12.89,26.15,0,11.95,10,13.73
Patty Mills,0.608,0.414,0.342,0.396,0,18.1,4.37,16.74,60.63,0.15,19.04,17.2,20.41
Lonzo Ball,0.543,0.226,0.364,0.332,0,38.38,6.8,4.82,49.56,0.44,14.9,12.08,16.83
Luke Kennard,0.567,0.486,0.412,0.397,0,17.61,14.09,16.63,51.27,0.39,18.36,16.92,19.49
Kevin Huerter,0.508,0.358,0.476,0.387,0,30.54,12.56,3.26,53.33,0.31,16.31,14.83,17.38
Nemanja Bjelica,0.559,0.393,0.375,0.401,0,48.72,4.77,2.73,43.78,0,13.15,11.13,15
Allen Crabbe,0.44,0.458,0.171,0.379,0,13.4,6.43,10.99,68.63,0.54,20.47,19.58,20.99
Jonathan Isaac,0.59,0.339,0.377,0.322,0,37.48,9.17,9.98,43.21,0.16,14.22,11.03,16.62
Jeremy Lin,0.539,0.477,0.5,0.296,0,40.56,16.3,8.52,34.44,0.19,12.91,10.33,14.94
Robin Lopez,0.627,0.483,0.25,0.226,0,78.13,10.84,5.23,5.79,0,5.83,4.22,7.94
JaMychal Green,0.569,0.486,0.383,0.407,0,46.19,7.42,9.96,36.44,0,12.45,10.39,14.39
Tony Parker,0.53,0.516,0.387,0.265,0,43.2,20.09,25.7,10.58,0.43,10.84,9.04,12.38
Shabazz Napier,0.484,0.408,0.395,0.335,0,28.05,11.26,8.74,51.49,0.46,16.69,14.72,17.93
Markieff Morris,0.572,0.358,0.35,0.337,0,34.3,19.63,4.13,41.74,0.21,14.12,11.72,15.87
Danuel House Jr.,0.609,0.25,1,0.416,0,27.38,1.59,0.4,70.63,0,17.8,15.86,19.51
Al-Farouq Aminu,0.573,0.2,0.222,0.344,0,44.18,4.22,4.55,47.05,0,13.45,10.41,15.77
Alex Caruso,0.484,0.286,0.273,0.489,0,53.53,12.35,6.47,27.65,0,10.71,10.03,11.27
Larry Nance Jr.,0.649,0.339,0.3,0.34,0,59.5,11.69,8.35,20.25,0.21,8.99,5.9,12.34
Nicolas Batum,0.623,0.397,0.375,0.392,0,25.98,11.21,9.96,52.67,0.18,16.64,14.46,18.43
Rajon Rondo,0.461,0.278,0.353,0.365,0,51.06,8.47,8,32.24,0.24,11.89,10.55,12.81
Gerald Green,0.667,0.313,0.429,0.355,0,14.53,5.54,3.63,76.12,0.17,20.37,18.06,21.9
Jalen Brunson,0.578,0.472,0.372,0.341,0,37.88,22.8,7.72,31.6,0,12.77,10.45,14.77
Landry Shamet,0.522,0.394,0.333,0.422,0,16.52,5.92,6.46,71.1,0,20.06,19.31,20.62
Ish Smith,0.503,0.397,0.405,0.333,0,40.96,15.18,16.42,26.82,0.62,13.04,10.87,14.62
Terry Rozier,0.506,0.364,0.262,0.354,0,27.07,13.23,9.17,50.53,0,16.48,14.69,17.61
Malik Monk,0.531,0.326,0.36,0.336,0,27.3,7.85,8.53,55.29,1.02,17.41,14.76,19.09
Rondae Hollis-Jefferson,0.466,0.322,0.333,0.184,0,71.46,17.86,0.62,10.06,0,6.09,3.93,7.59
Ivica Zubac,0.582,0.292,0.25,0,0,91.44,6.42,2.14,0,0,2.88,2.21,3.72
Bam Adebayo,0.644,0.362,0.4,0.231,0,77.37,16.46,3.09,2.67,0.41,4.69,2.99,7
Tomas Satoransky,0.618,0.352,0.35,0.408,0,44.81,16.92,7.69,30.19,0.38,11.73,9.42,13.91
Marcus Smart,0.589,0.333,0.357,0.364,0,26.63,7.41,4.94,61.02,0,17.61,15.39,19.22
Mario Hezonja,0.505,0.462,0.364,0.278,0,46.55,11.21,9.48,32.54,0.22,12.36,9.51,14.35
Alec Burks,0.51,0.25,0.304,0.367,0,42.19,12.66,9.7,35.02,0.42,13.03,10.9,14.49
Delon Wright,0.542,0.25,0.267,0.307,0,57.89,9.32,2.69,29.21,0.9,10.32,6.99,12.87
Trey Lyles,0.592,0.311,0.524,0.258,0,43.03,12.32,4.24,40,0.4,13.33,9.21,16.29
Frank Kaminsky,0.622,0.375,0,0.36,0,42.62,8.05,2.68,46.64,0,14.17,11.12,16.8
Norman Powell,0.598,0.35,0.273,0.404,0,47.25,5,5.5,41.5,0.75,13.23,10.36,15.91
Kyle Korver,0.692,0.379,0.442,0.393,0,5.38,6,15.94,72.67,0,22,21.04,22.69
Rodions Kurucs,0.561,0.333,0.4,0.318,0,54.34,2.67,2.23,39.87,0.89,11.97,8.28,14.99
Langston Galloway,0.472,0.383,0.453,0.361,0,18.24,8.09,9.12,64.37,0.17,19.02,17.99,19.69
Noah Vonleh,0.555,0.4,0.412,0.336,0,58.18,6.82,3.86,31.14,0,10.47,8.08,12.6
Mikal Bridges,0.591,0.395,0.313,0.339,0,35.17,6.75,2.84,55.06,0.18,15.15,12.08,17.47
Jahlil Okafor,0.617,0.476,0.667,0.25,0,80.56,17.5,0.83,1.11,0,4.05,3.33,5.07
Bruno Caboclo,0.517,0,1,0.372,0,38.67,2.22,1.33,57.33,0.44,15.27,13.29,16.74
DeAndre' Bembry,0.546,0.31,0.1,0.29,0,60.73,9.57,1.65,27.89,0.17,9.34,6.28,11.79
Darius Miller,0.593,0.413,0.452,0.367,0,5.71,9.73,8.88,75.48,0.21,21.86,20.88,22.5
Richaun Holmes,0.661,0.3,0,0,0,85.75,13.7,0.55,0,0,3.02,2.02,4.57
Markelle Fultz,0.538,0.333,0.25,0.333,0,50.32,25.16,15.48,7.74,1.29,9.67,6.75,11.78
Austin Rivers,0.538,0.4,1,0.32,0,36.36,6.12,0.35,56.82,0.35,15.91,12.9,17.97
Isaiah Thomas,0.4,0.316,1,0.279,0,35.35,19.19,2.02,43.43,0,14.33,12.71,15.18
Kyle Anderson,0.626,0.429,0.5,0.265,0,64.86,12.68,10.14,12.32,0,7.37,5.32,9.8
Davis Bertans,0.61,0.406,0.417,0.433,0,13.02,7.06,5.3,73.95,0.66,21.32,19.9,22.49
Jamal Crawford,0.487,0.42,0.468,0.335,0,8.9,20.09,24.89,45.66,0.46,19.17,17.98,19.95
Frank Jackson,0.568,0.412,0.182,0.309,0,45.54,11.67,5.03,37.76,0,12.31,9.08,14.77
Seth Curry,0.532,0.5,0.379,0.45,0,16.99,10.32,18.71,53.98,0,18.54,17.9,19.07
Josh Hart,0.589,0.226,0.308,0.337,0,31.47,6.68,2.8,58.84,0.22,16.5,13.38,18.65
Ante Zizic,0.586,0.449,0.286,0,0,80.97,14.8,4.23,0,0,3.97,3.02,5.14
James Johnson,0.568,0.25,0.267,0.347,0,46.44,10.55,3.96,37.99,1.06,12.75,9.6,15.15
Mason Plumlee,0.635,0.4,0.2,0.286,0,86.21,8.05,3.45,1.61,0.69,4.08,2.42,6.47
Garrett Temple,0.603,0.489,0.256,0.332,0,29.19,9.73,8.07,53,0,16.09,13.04,18.3
Josh Okogie,0.519,0.359,0.279,0.283,0,41.12,7.78,8.58,42.32,0.2,13.54,10.16,15.67
Tyler Zeller,0.577,0.333,0,0,0,86.67,10,0,3.33,0,4.27,3.25,5.43
Maurice Harkless,0.606,0.4,0.1,0.282,0,64.18,2.58,2.58,30.15,0.52,9.14,5.28,12.82
George Hill,0.583,0.533,0.436,0.318,0,36.97,11.97,10.37,40.16,0.53,14.21,11,16.85
Jake Layman,0.703,0.48,0.348,0.326,0,45.99,5.9,5.42,42.69,0,12.84,8.74,17.1
Rodney McGruder,0.528,0.294,0.286,0.353,0,34.92,14.75,1.52,48.59,0.22,14.65,12.7,15.97
Patrick Beverley,0.432,0.394,0.2,0.392,0,32.91,7.01,1.06,59.02,0,16.45,15.75,16.91
Boban Marjanovic,0.665,0.513,0.273,0.4,0,76.92,15,4.23,3.85,0,4.79,3.58,6.73
Shelvin Mack,0.512,0.347,0.237,0.354,0,39.7,18.61,9.43,32.26,0,12.67,10.59,14.08
Dorian Finney-Smith,0.577,0.353,0.333,0.32,0,44.74,3.25,4.59,46.65,0.76,13.48,9.76,16.32
Iman Shumpert,0.578,0.226,0.359,0.349,0,14.35,6.95,17.49,60.99,0.22,19.47,17.79,20.48
Dillon Brooks,0.472,0.3,0.333,0.385,0,43.44,16.39,7.38,31.97,0.82,12.66,11.47,13.45
Chandler Parsons,0.509,0.263,0.438,0.312,0,29.12,10.44,8.79,51.1,0.55,16.53,14.26,17.88
Miles Bridges,0.601,0.355,0.261,0.34,0,50.49,6.07,4.5,37.38,1.57,12.39,8.36,15.88
Christian Wood,0.58,0.4,0.333,0.348,0,63.89,9.26,5.56,21.3,0,8.67,6.3,11.04
Draymond Green,0.629,0.31,0.286,0.287,0,45.97,9.95,4.98,38.86,0.24,12.92,8.72,16.29
Dwayne Bacon,0.613,0.311,0.263,0.437,0,41.25,17.51,7.39,33.85,0,12.47,10.49,14.26
Mitchell Robinson,0.698,0.5,0,0,0,98.97,0.69,0.34,0,0,1.03,0.75,1.66
Antonio Blakeney,0.56,0.342,0.377,0.393,0,27.53,30.3,19.44,22.47,0.25,13.65,12.13,14.74
PJ Tucker,0.456,0.444,0.143,0.381,0,21.8,3.44,1.34,73.23,0.19,18.4,17.47,19
Doug McDermott,0.662,0.5,0.333,0.41,0,33.57,5.67,12.06,48.46,0.24,15.61,12.9,18.21
Dirk Nowitzki,0.4,0.438,0.393,0.313,0,4.05,17.3,24.05,54.32,0.27,20.47,19.53,20.99
Vince Carter,0.551,0.415,0.35,0.386,0,19.52,8.99,4.39,66.45,0.66,19.25,17.37,20.6
Justin Jackson,0.682,0.379,0.364,0.362,0,26.87,18.12,4.58,50,0.42,15.89,13.06,18.21
Willy Hernangomez,0.548,0.545,0,0.385,0,77.7,7.43,1.69,13.18,0,5.84,4.58,7.2
Lance Stephenson,0.529,0.455,0.37,0.379,0,32,5.18,17.18,44.71,0.94,16.11,13.76,17.86
Luol Deng,0.706,0.438,0.286,0.326,0,43.22,13.56,5.93,36.44,0.85,12.43,8.29,16.58
Joakim Noah,0.559,0.111,0.267,0,0,88.26,4.23,7.04,0,0.47,3.45,1.73,5.28
Harry Giles III,0.593,0.389,0.333,0,0,62.07,25.86,10.34,1.44,0.29,6.6,4.73,8.5
Derrick Jones Jr.,0.58,0.417,0,0.318,0,67.59,3.7,0.62,27.16,0.93,8.52,5.31,11.65
Mike Muscala,0.549,0.55,0.429,0.349,0,19.67,5.54,3.88,70.64,0.28,19.66,17.47,21.13
OG Anunoby,0.602,0.25,0.444,0.332,0,44.8,2.97,2.23,50,0,13.51,10.16,16.29
Luke Kornet,0.532,0.278,0.25,0.365,0,16.61,12.72,2.83,67.84,0,19.55,18.34,20.29
Michael Beasley,0.583,0.36,0.375,0.176,0,67.32,16.34,5.23,11.11,0,7.16,4.69,9.53
Terrance Ferguson,0.673,0.235,0.217,0.369,0,24.13,3.94,5.34,66.59,0,17.71,14.85,19.85
Pat Connaughton,0.674,0.4,0.5,0.33,0,37.71,2.86,2.29,57.14,0,15.93,11.77,19.55
Quinn Cook,0.549,0.448,0.519,0.407,0,23.23,13.21,18,45.33,0.23,16.99,15.84,17.99
Stanley Johnson,0.512,0.439,0.286,0.288,0,38.62,9.43,3.22,47.82,0.92,14.87,11.59,16.94
Dante Exum,0.475,0.353,0.5,0.29,0,66.39,7.05,0.83,25.73,0,8.55,6.5,10.03
Wayne Selden,0.503,0.363,0.489,0.31,0,35.82,18.84,9.32,36.02,0,13.66,11.76,14.95
Brandon Knight,0.463,0.3,0.667,0.318,0,20.77,19.23,10.38,49.62,0,17.08,16.1,17.68
Tyus Jones,0.525,0.375,0.396,0.303,0,37.07,23.8,10.98,27.92,0.23,12.64,10.61,14.07
Evan Turner,0.567,0.421,0.422,0.212,0,43.79,30.02,14.45,11.74,0,9.77,7.72,11.53
Ersan Ilyasova,0.557,0.265,0.35,0.365,0,43.83,8.92,5.25,41.73,0.26,13.29,10.81,15.23
JR Smith,0.5,0.357,0.364,0.308,0,5.06,17.72,27.85,49.37,0,19.89,18.74,20.48
Ryan Arcidiacono,0.56,0.492,0.455,0.373,0,27.75,15.07,5.26,51.91,0,16.25,14.31,17.82
James Ennis III,0.625,0.286,0.333,0.353,0,43.54,2.38,1.02,53.06,0,13.77,10.49,16.67
Devin Robinson,0.714,0.5,0.4,0,0,65.63,12.5,15.63,6.25,0,7.38,4.79,11.15
Maxi Kleber,0.628,0.455,0.417,0.348,0,32.18,8.78,3.19,55.85,0,15.72,12.63,18.25
Michael Kidd-Gilchrist,0.545,0.341,0.382,0.372,0,63.55,12.35,10.24,12.95,0.9,8.48,6.44,10.34
Zhaire Smith,0.538,0.333,0,0.375,0,38.24,8.82,5.88,47.06,0,14.29,12.5,15.55
Zach Collins,0.601,0.359,0.059,0.331,0,55.75,9.75,4.25,30.25,0,10.34,7.13,13.21
Johnathan Williams,0.639,0.143,0.5,0,0,89.81,6.48,1.85,0.93,0.93,3.42,1.86,5.68
Ian Clark,0.488,0.5,0.406,0.321,0,21.93,17.11,8.56,52.41,0,17.09,15.05,18.43
MarShon Brooks,0.641,0.484,0.25,0.278,0,37.87,18.34,11.83,31.95,0,13.3,9.46,16.43
Cory Joseph,0.507,0.465,0.377,0.323,0.25,24.82,23.18,20.8,30.47,0.73,15.22,13.17,16.66
David Nwaba,0.576,0.429,0,0.324,0,57.63,13.36,0.38,28.24,0.38,9.58,6.95,12.01
Jonathon Simmons,0.487,0.382,0.256,0.277,0,43.43,15.71,11.14,28.86,0.86,12.55,9.54,14.4
Billy Garrett,0.833,0.556,0.25,0,0,22.22,33.33,14.81,29.63,0,14.96,8,19.75
Shaquille Harrison,0.51,0.25,0.182,0.279,0,69.01,7.51,2.58,20.19,0.7,7.88,5.04,10.05
Sterling Brown,0.583,0.462,0.222,0.371,0,46.15,4.17,2.88,45.83,0.96,13.48,10.37,16.19
Gorgui Dieng,0.621,0.474,0.459,0.346,0,35.29,20.32,29.68,13.9,0.8,12.36,10.27,14.45
CJ Miles,0.441,0.308,0.478,0.332,0,18.97,8.36,7.4,64.95,0.32,19.14,17.98,19.79
Jodie Meeks,0.769,0.4,0.333,0.444,0,33.33,12.82,7.69,46.15,0,14.85,12.19,17.94
T.J. McConnell,0.614,0.497,0.536,0.333,0,33.33,43.1,13.33,10,0.24,10.59,9.22,12.1
Devin Harris,0.532,0.308,0.333,0.314,0,32.46,3.8,6.14,56.73,0.88,17.01,13.63,19.1
Jonas Jerebko,0.595,0.5,0.469,0.366,1,32.68,5.63,9.01,52.39,0.28,16.19,13.76,18.26
Omri Casspi,0.633,0.222,0,0.349,0,67.7,5.59,0,26.71,0,8.6,5.6,12.04
Kevon Looney,0.662,0.529,0.515,0.111,0,82.71,4.9,9.51,2.59,0.29,4.22,2.84,6.52
Cameron Payne,0.551,0.469,0.368,0.305,0,39.91,14.35,8.52,36.77,0.45,13.77,10.8,16.01
Troy Daniels,0.452,0.529,0.485,0.381,0,11.27,6.18,12,70.55,0,20.81,20.05,21.33
Mo Bamba,0.661,0.296,0.412,0.304,0,46.09,11.11,13.99,28.4,0.41,12.01,8.22,15.53
Tyler Dorsey,0.54,0.294,0.393,0.333,0,32.95,6.44,10.61,50,0,15.68,13.23,17.35
Sam Dekker,0.574,0.2,0.294,0.306,0,63.28,5.86,6.64,24.22,0,9.12,5.75,12.09
Cheick Diallo,0.697,0.493,0.471,0.333,0,66.92,25.19,6.39,1.13,0.38,5.82,4.4,8.17
Jerryd Bayless,0.418,0.19,0.449,0.309,0,25,9.55,22.27,42.73,0.45,16.73,15.65,17.32
Isaiah Canaan,0.42,0.444,0.556,0.354,0,30.49,5.49,5.49,58.54,0,16.93,15.81,17.65
Kenrich Williams,0.539,0.188,0.188,0.333,0.333,32.84,5.9,5.9,54.24,1.11,16.09,13.43,17.74
Tony Snell,0.597,0.333,0.235,0.399,0,32.96,5.82,4.71,56.23,0.28,16.29,13.78,18.36
Henry Ellenson,0.4,0.364,0.333,0.447,0,42.11,11.58,6.32,40,0,13.26,13.23,13.29
Wilson Chandler,0.549,0.35,0.3,0.383,0,26.79,7.55,7.55,58.11,0,17.45,15.83,18.61
Jordan McRae,0.634,0.4,0.5,0.345,0,34.17,20.83,20,24.17,0.83,13.8,11.45,16
Omari Spellman,0.471,0.222,0.8,0.344,0,41.8,3.69,2.05,52.46,0,14.12,12.09,15.49
Yogi Ferrell,0.505,0.46,0.488,0.371,0,26.96,18.26,12.46,41.45,0.87,15.62,13.92,16.93
Aaron Holiday,0.507,0.433,0.395,0.341,0,25.57,11.45,14.5,48.09,0.38,17.26,15.04,18.75
Matthew Dellavedova,0.508,0.455,0.444,0.349,0,24.38,18.18,3.72,52.07,1.65,17.6,15.35,19.13
Nik Stauskas,0.437,0.441,0.448,0.374,0,25.74,10.06,8.58,55.33,0.3,17.25,16.23,17.94
Meyers Leonard,0.711,0.44,0.222,0.455,0,40.08,10.33,3.72,45.45,0.41,14.07,11.34,17.35
D.J. Wilson,0.518,0.346,0.385,0.362,0,33.86,10.36,5.18,50.6,0,15.23,13.38,16.54
Ed Davis,0.627,0.429,0,0,0,96.69,2.32,0.33,0.66,0,1.77,1.13,2.78
Juancho Hernangomez,0.55,0.333,0.667,0.365,0,38.34,1.92,1.92,57.83,0,15.3,12.94,17.17
Mike Scott,0.402,0.405,0.4,0.403,0,23.1,10,7.14,59.05,0.71,18.05,17.45,18.45
Torrey Craig,0.604,0.444,0.125,0.33,0,41.39,5,2.22,51.39,0,13.95,10.33,16.86
Furkan Korkmaz,0.587,0.4,0.333,0.331,0,25.71,10.2,6.12,56.73,1.22,17.98,14.4,20.37
Ivan Rabb,0.659,0.533,0.207,0.2,0,65.09,14.15,13.68,7.08,0,7.14,4.66,10.13
Elie Okobo,0.557,0.341,0.35,0.298,0,33.45,14.14,6.9,45.17,0.34,15,11.75,17.11
Frank Ntilikina,0.406,0.368,0.333,0.286,0,22.7,24.11,12.77,39.72,0.71,16.1,14.19,17.06
Andre Iguodala,0.793,0.238,0.286,0.336,0,38.41,6.95,6.95,47.35,0.33,14.43,9.4,19.46
Daniel Theis,0.698,0.31,0.333,0.388,0,56.02,10.9,7.89,25.19,0,9.64,6.75,13.16
Tony Bradley,0.571,0,0,0,0,87.5,12.5,0,0,0,2.56,1.5,3.63
John Henson,0.576,0.333,0,0.355,0,49.25,4.48,0,46.27,0,12.99,9.74,15.78
Aron Baynes,0.526,0.571,0.25,0.344,0,59.64,9.42,3.59,27.35,0,9.43,7.28,11.36
Grayson Allen,0.511,0.25,0.5,0.327,0,26.4,11.24,6.74,55.06,0.56,16.96,14.81,18.25
Jakob Poeltl,0.657,0.421,1,0,0,92.41,6.55,1.03,0,0,2.43,2.13,2.99
Chasson Randle,0.506,0.125,0.2,0.393,0,38.97,3.76,4.69,52.58,0,15.3,13.88,16.31
Damian Jones,0.739,0,0.5,0,0,93.24,1.35,5.41,0,0,2.49,1.91,3.95
Greg Monroe,0.522,0.368,0,0.2,0,85.19,10.05,2.12,2.65,0,4.01,2.72,5.24
Alex Abrines,0.5,0.333,0.571,0.328,0,12.74,1.91,4.46,79.62,1.27,21.8,20.02,22.78
Raul Neto,0.583,0.478,0.167,0.333,0,44.72,14.29,3.73,37.27,0,12.46,9.58,14.91
Troy Williams,0.617,0,0.2,0.326,0,47.96,2.04,5.1,43.88,1.02,13.46,9.5,16.69
Treveon Graham,0.471,0.37,0.333,0.294,0,17.8,14.14,1.57,65.97,0.52,18.76,16.94,19.69
Tim Frazier,0.531,0.475,0.375,0.366,0,36.78,15.33,9.2,38.7,0,13.79,11.88,15.32
Royce O'Neale,0.622,0.2,0.5,0.398,0,41.69,5.83,1.17,49.85,1.46,14.45,11.33,17.28
Chandler Hutchison,0.559,0.31,0.75,0.283,0,60.77,13.88,1.91,22.01,1.44,9.13,5.97,11.81
Frank Mason,0.609,0.429,0.45,0.219,0,37.87,12.43,11.83,37.87,0,14.01,9.85,17.02
Alex Poythress,0.554,0,0,0.391,0,69.14,0,2.47,28.4,0,7.9,6.03,9.73
Thon Maker,0.564,0.364,0.222,0.325,0,35.47,4.15,3.4,56.98,0,15.69,12.47,17.91
Anthony Tolliver,0.433,0.167,0.667,0.38,0,11.76,2.35,2.35,83.53,0,21.58,21.47,21.65
Brandon Sampson,0.6,0.5,0,0.379,0,41.67,6.67,3.33,48.33,0,14.08,11.32,16.5
Jalen Jones,0.583,0.286,0,0.357,0,38.71,11.29,4.84,45.16,0,14.27,11.42,16.33
De'Anthony Melton,0.505,0.429,0.174,0.309,0,40.23,13.67,8.98,36.72,0.39,13.22,10.23,15.13
Cameron Reynolds,0.364,0.625,0.25,0.42,0,15.07,10.96,5.48,68.49,0,19.08,19.26,18.95
Luc Mbah a Moute,0.455,0,1,0.333,0,61.11,0,5.56,33.33,0,10.22,9.75,10.6
Dragan Bender,0.725,0,0,0.218,0,46.19,1.52,1.02,51.27,0,13.44,6.93,18.69
Wes Iwundu,0.484,0.364,0.341,0.364,0,44.53,12.04,14.96,28.1,0.36,12.14,10.31,13.42
Keita Bates-Diop,0.644,0.2,0.273,0.265,0,43.7,11.11,8.15,36.3,0.74,12.88,8.07,16.4
Marcin Gortat,0.59,0.37,0,0,0,74.73,24.73,0.54,0,0,4.4,3.38,5.56
Damion Lee,0.56,0.375,0.5,0.397,0,19.69,12.6,14.17,53.54,0,17.8,16.66,18.7
Nerlens Noel,0.649,0.431,0.308,0,0,74.28,21.01,4.71,0,0,4.24,2.84,6.24
Corey Brewer,0.531,0.25,0.2,0.326,0,53.33,6.67,4.17,35.83,0,11.42,8.33,13.7
Bonzie Colson,0.467,0,1,0.25,0,38.46,5.13,2.56,51.28,2.56,15.72,11.69,17.73
Jared Dudley,0.551,0.5,0.538,0.351,0,28.87,2.51,5.44,63.18,0,17.7,15.37,19.41
Johnathan Motley,0.623,0.111,0,0,0,83.56,12.33,0,4.11,0,4.23,2.18,6.59
Donte DiVincenzo,0.743,0.25,0.5,0.268,0,28.23,3.23,1.61,66.13,0.81,18.15,12.22,22.16
Khem Birch,0.63,0.462,0,0,0,89.4,8.61,1.32,0.66,0,3.03,2.09,4.47
Michael Carter-Williams,0.438,0.364,0,0.263,0,59.35,8.94,0.81,30.89,0,10.56,7.96,12.12
Troy Brown Jr.,0.551,0.2,0.429,0.328,0,43.75,13.39,12.5,29.91,0.45,12.67,9.88,14.69
Devonte' Graham,0.491,0.273,0.389,0.293,0,25.46,10.19,8.33,53.7,2.31,17.9,14.53,19.66
Jonah Bolden,0.776,0,0.25,0.358,0,35.8,3.09,2.47,58.64,0,15.81,11.28,20.23
Alfonzo McKinnie,0.626,0.429,0.308,0.356,0,47.46,5.07,4.71,42.75,0,12.4,9.32,15.3
Moritz Wagner,0.519,0.25,0.667,0.289,0,47.59,4.82,1.81,45.78,0,13.47,10.39,15.56
John Jenkins,0.667,0.308,0.444,0.373,0,5.71,12.38,25.71,56.19,0,20.2,19.55,20.63
Timothe Luwawu-Cabarrot,0.506,0.167,0.385,0.313,0,35.32,5.5,5.96,52.75,0.46,15.34,12.37,17.14
Theo Pinson,0.571,0,0.333,0.267,0,28.77,4.11,4.11,61.64,1.37,18.49,14,20.83
Jemerrio Jones,0.5,0,0,0.2,0,60.61,6.06,3.03,30.3,0,10.03,4.75,13.05
Lance Thomas,0.523,0.4,0.424,0.278,0,32.99,10.15,16.75,40.1,0,14.61,11.87,16.41
Miles Plumlee,0.744,0.375,0,0,0,81.25,16.67,2.08,0,0,2.96,1.97,4.94
Jevon Carter,0.324,0.227,0.222,0.34,0,18.38,11.89,14.59,54.05,1.08,18.46,18.54,18.43
Bismack Biyombo,0.608,0.458,0.286,0,0,80.13,15.38,4.49,0,0,3.74,2.67,5.15
Bruce Brown,0.47,0.333,0.25,0.27,0,64.33,4.78,1.27,28.34,1.27,9.7,6.4,11.89
Shake Milton,0.444,0.625,0.375,0.318,0,31.03,9.2,9.2,50.57,0,15.85,13.71,17.23
Solomon Hill,0.509,0.429,0.167,0.32,0,32.02,7.87,3.37,56.18,0.56,16.27,13.37,18.06
Raymond Felton,0.517,0.353,0.5,0.333,0,21.48,12.59,20.74,44.44,0.74,17.61,15.62,18.98
Deyonta Davis,0.778,0,0.5,0,0,81.82,4.55,9.09,4.55,0,4.05,1.47,9.57
Marquese Chriss,0.475,0.5,0,0.222,0,56.11,3.33,0.56,40,0,11.36,7.15,13.86
Jaron Blossomgame,0.635,0.25,0.333,0.256,0,49.06,11.32,2.83,36.79,0,11.37,7.04,14.81
Glenn Robinson III,0.552,0.333,0.529,0.29,0,38.07,17.05,9.66,35.23,0,13.11,10.59,14.93
Mitchell Creek,0.615,0,0,0,0,81.25,0,6.25,12.5,0,5.63,2,9.25
Marcus Derrickson,0.4,0.5,0.5,0.5,0,15.15,12.12,12.12,60.61,0,20.06,20.38,19.76
Jerian Grant,0.571,0.389,0.438,0.364,0,19.09,16.36,14.55,50,0,17.74,16.09,18.93
Ian Mahinmi,0.553,0.167,0,0.188,0,73.08,11.54,0,15.38,0,6.27,3.6,8.47
Shaun Livingston,0.626,0.435,0.556,0,0,43.33,51.43,4.29,0,0.95,8.3,6.86,9.86
Tahjere McCall,1,0,0,0,0,66.67,0,0,33.33,0,8,1,22
Isaiah Hicks,0.4,0.5,1,0,0,62.5,25,12.5,0,0,7.13,8.5,5.75
Cristiano Felicio,0.564,0.455,0.25,0,0,87.15,6.15,4.47,2.23,0,3.38,1.94,5.01
Courtney Lee,0.556,0.458,0.478,0.291,0,20.93,18.6,17.83,42.64,0,16.26,14.02,17.83
Dusty Hannahs,0.5,0,0,0,0,50,8.33,0,41.67,0,12.58,1.67,16.22
Georges Niang,0.556,0.684,0,0.41,0,29.83,10.5,1.66,58.01,0,16.13,14.27,17.82
Zaza Pachulia,0.481,0.52,0.222,0,0,70.68,13.09,14.14,0,2.09,6.62,4.17,8.54
Abdel Nader,0.545,0.25,0.4,0.327,0,46.05,5.58,2.33,45.58,0.47,13.13,10.32,15.19
Ben McLemore,0.364,0,0.444,0.425,0,17.19,4.69,14.06,62.5,1.56,19.64,19.6,19.67
Amir Johnson,0.61,0.222,0.333,0.308,0,66.88,5.73,1.91,24.84,0.64,9.12,5.97,12.31
Pau Gasol,0.522,0.238,0.5,0.462,0,48.94,22.34,14.89,13.83,0,9.6,9,10.08
Salah Mejri,0.629,0,0,0.324,0,62.5,2.68,4.46,30.36,0,9.6,5.98,13.09
Jon Leuer,0.779,0.32,0.444,0.091,0,60.18,22.12,7.96,9.73,0,7.88,4.47,12.68
Brad Wanamaker,0.657,0.308,0.389,0.41,0,33.33,12.38,17.14,37.14,0,14.76,12.62,16.71
TJ Leaf,0.675,0.371,0.333,0.258,0,62.3,19.13,1.64,16.94,0,7.61,4.64,11.12
Ray Spalding,0.553,0.667,0,0,0,80.85,12.77,0,6.38,0,4.17,2.68,5.86
Ryan Broekhoff,0.636,0.25,1,0.402,0,18.18,6.61,2.48,71.9,0.83,19.55,17.54,21.16
Thabo Sefolosha,0.56,0.455,0.4,0.436,0,33.56,7.38,6.71,52.35,0,15.01,13.69,16.21
Anfernee Simons,0.588,0.4,0.571,0.345,0,26.98,15.87,11.11,46.03,0,15.71,13.25,17.69
Hamidou Diallo,0.525,0.267,0.75,0.167,0,73.94,9.09,2.42,14.55,0,5.85,3.24,8.02
Justin Anderson,0.569,0.25,0,0.307,0,41.67,7.69,1.92,48.08,0.64,14.21,10.37,16.81
Kosta Koufos,0.475,0.451,1,0,0,65.13,33.55,1.32,0,0,5.49,5.22,5.74
Rawle Alkins,0.375,0.333,0,0.25,0,61.54,7.69,0,30.77,0,9.59,6.77,11
Gary Payton II,0.667,0,0,0.5,0,75,0,0,25,0,6.13,4.8,8.33
Demetrius Jackson,0.667,0.667,0,0.333,0,40,20,0,40,0,13.6,10.88,16.71
Jimmer Fredette,0.571,0.667,0.333,0,0,24.14,10.34,20.69,41.38,3.45,18.31,7.13,22.57
Patrick Patterson,0.521,0.31,0.5,0.331,0,21.92,13.24,2.74,62.1,0,17.41,15.73,18.42
Daryl Macon,0.5,0.2,0.286,0.455,0,14.81,18.52,25.93,40.74,0,17.59,17.8,17.47
Alan Williams,0.625,0.75,0,0,0,61.54,30.77,0,7.69,0,7.15,5.38,10
Nene,0.616,0.278,0.455,0,0,62.93,15.52,18.97,2.59,0,7.3,5.28,9.46
Channing Frye,0.556,0.133,0.286,0.405,0,7.69,12.82,11.97,67.52,0,21.17,21.65,20.89
Andrew Bogut,0.56,0.4,0,0,0,69.44,27.78,2.78,0,0,3.75,3,4.5
Tyrone Wallace,0.403,0.578,0.429,0.222,0,67.29,21.03,3.27,8.41,0,6.84,6.01,7.45
Jerome Robinson,0.538,0.5,0.364,0.333,0,23.85,14.68,10.09,49.54,1.83,17.74,14.84,19.71
Malcolm Miller,0,0,1,0.476,0,15.38,0,3.85,80.77,0,20.92,24.09,18.6
Isaiah Briscoe,0.579,0.154,0.265,0.324,0,41.3,9.42,24.64,24.64,0,12.49,9.25,14.63
Kyle O'Quinn,0.625,0.414,0.553,0.083,0,35.29,21.32,34.56,8.82,0,11.76,9.9,13.67
Wesley Johnson,0.688,0.083,0.36,0.32,0,12.5,9.38,19.53,58.59,0,19.03,17.09,20.08
Emanuel Terry,0.571,0,0,0,0,100,0,0,0,0,1,0.75,1.33
Duncan Robinson,0.857,0.5,0.5,0.286,0,15.22,4.35,4.35,76.09,0,20.35,15.78,23.29
Semi Ojeleye,0.7,0.167,0.286,0.318,0,31.65,7.59,4.43,55.7,0.63,16.17,11.61,19.53
Chris Boucher,0.579,0,0,0.324,0,50,0,1.32,48.68,0,12.84,8.91,16.02
BJ Johnson,0.4,0.75,0.5,0.5,0,27.78,22.22,11.11,33.33,5.56,16.11,13.89,18.33
Jordan Bell,0.648,0.436,0.279,0,0,56.25,20.31,22.4,0.52,0.52,7.63,5.24,10.16
Jaylen Adams,0.421,0.182,0.5,0.347,0,17.43,10.09,5.5,66.06,0.92,19.61,19.18,19.85
Jason Smith,0.429,0.2,0.286,0.346,0,35.59,8.47,11.86,44.07,0,14.56,13.14,15.34
Milos Teodosic,0.5,0.5,0.6,0.385,0,15,5,12.5,65,2.5,20.73,19.12,21.91
Andrew Harrison,0.471,0.5,0,0.208,0,32.08,11.32,9.43,45.28,1.89,16.43,10.81,18.86
PJ Dozier,0.75,0,0,0.25,0,38.1,14.29,9.52,38.1,0,13.33,6.75,17.38
Svi Mykhailiuk,0.407,0.25,0.267,0.326,0,19.42,5.76,10.79,64.03,0,18.91,18.22,19.25
Tyson Chandler,0.625,1,0,0,0,96.97,1.01,1.01,1.01,0,1.56,0.95,2.53
Skal Labissiere,0.571,0.5,0.5,0.462,0,57.14,8.16,8.16,26.53,0,10.45,9.23,11.83
Dante Cunningham,0.576,0.429,0.077,0.469,0,41.77,8.86,8.23,40.51,0.63,13.24,11.67,14.66
Isaac Humphries,0.375,0,0,0.273,0,38.1,9.52,0,52.38,0,14.48,12.5,15.27
Jordan Sibert,0,0,0,1,0,0,0,0,100,0,25,25,0
J.P. Macura,0.6,0,0,0,0,55.56,0,0,44.44,0,12.56,0.67,18.5
Daniel Hamilton,0.433,0.2,0.5,0.348,0,50,8.33,3.33,38.33,0,12.17,10.7,13.08
Gary Clark,0.75,0,0,0.297,0,7.95,0.66,0,91.39,0,23.05,21.02,24.06
Edmond Sumner,0.414,0.333,0.4,0.259,0,45.31,4.69,7.81,42.19,0,13.03,10.86,14.17
Dairis Bertans,0,0,0.167,0.294,0,0,2.13,25.53,72.34,0,23.17,24.25,22.8
C.J. Williams,0.545,0.667,0.8,0.333,0,32.35,8.82,14.71,44.12,0,15.32,13.88,16.76
Jarell Martin,0.652,0.333,0.333,0.351,0,22.12,2.88,20.19,54.81,0,17.92,15.19,19.85
Gary Trent Jr.,0.333,0.25,0.5,0.238,0,18,16,24,42,0,17.16,16.25,17.59
Lonnie Walker IV,0.467,0.25,0.2,0.385,0,32.61,17.39,21.74,28.26,0,13.93,12,14.97
Robert Williams III,0.745,0.333,0,0,0,92.16,5.88,1.96,0,0,2.1,1.28,4.07
Yuta Watanabe,0.563,0.214,0.2,0.125,0,31.37,27.45,9.8,31.37,0,13.31,7.6,15.69
Deonte Burton,0.476,0.4,0.333,0.296,0,51.22,12.2,3.66,32.93,0,10.61,8.48,12.04
Patrick McCaw,0.533,0,0.5,0.333,0,47.62,6.35,3.17,42.86,0,13,9.69,15.32
Ryan Anderson,0.5,0.143,0.5,0.231,0,20.29,10.14,11.59,56.52,1.45,18.96,15.14,20.63
Jaylen Morris,0.5,0,0,0.333,0,60,10,0,30,0,9.9,8,11.17
Troy Caupain,0,0.5,0.5,0.667,0,12.5,25,25,37.5,0,17.38,20.75,14
Udonis Haslem,0.5,0.667,0.4,0,0,30.3,18.18,15.15,36.36,0,14.55,7.82,17.91
Jordan Loyd,0.4,0.333,0.5,0.5,0,27.78,16.67,11.11,44.44,0,15.61,16.38,15
James Nunnally,0.571,0,0,0.32,0,20.59,0,5.88,73.53,0,19.35,16.58,20.86
Jared Terrell,0.222,0.25,0.556,0.235,0,23.08,10.26,23.08,43.59,0,16.59,17.33,16.26
Khyri Thomas,0.5,0.167,0.333,0.286,0,23.19,17.39,8.7,50.72,0,16.26,14.18,17.23
Jose Calderon,0.474,0.357,0.567,0.25,0,15.83,11.67,25,46.67,0.83,18.58,16.22,20
Ekpe Udoh,0.738,0.5,0,0,0,84.72,13.89,1.39,0,0,3.38,2.52,5.32
Scott Machado,0.667,0,0,1,0,75,0,0,25,0,7.5,9.33,2
Guerschon Yabusele,0.6,0.167,0.333,0.321,0,51.95,7.79,3.9,36.36,0,11.86,9,14.24
Nick Young,0,0,0,0.375,0,0,11.11,0,88.89,0,22.78,24.33,22
Amile Jefferson,0.625,0,0,0,0,100,0,0,0,0,2.25,1.4,3.67
Julian Washburn,0.625,0.429,0.333,0.217,0,16.67,14.58,18.75,47.92,2.08,18.06,13.56,20.31
Lorenzo Brown,0.375,0.5,0.4,0.231,0,45.07,8.45,7.04,36.62,2.82,13.73,10.26,15.4
Dzanan Musa,0.75,0.5,0.5,0.1,0,36.36,9.09,9.09,45.45,0,15.14,7.56,20.38
Caleb Swanigan,0.452,0.3,0,0.143,0,58.49,18.87,9.43,13.21,0,8.43,3.83,10.8
Zhou Qi,1,0,0,0,0,100,0,0,0,0,1,1,0
Kalin Lucas,0,0,0,0,0,0,0,0,100,0,28,0,28
Joe Chealey,0.5,0,0,0,0,66.67,33.33,0,0,0,8.33,7,9
DJ Stephens,0.5,0,0,0,0,100,0,0,0,0,0.5,1,0
Donatas Motiejunas,0.333,0.667,0,0,0,50,50,0,0,0,7.33,6.67,8
Isaiah Hartenstein,0.514,0,0,0.333,0,85.37,0,0,14.63,0,4.9,3.3,6.43
Wade Baldwin IV,0.313,0.333,0.333,0.25,0,48.48,9.09,18.18,24.24,0,11.64,10.6,12.09
Quincy Pondexter,0.621,0.444,0.5,0.333,0,50,15.52,3.45,31.03,0,10.38,7.59,13.17
Haywood Highsmith,0.5,1,0,0.2,0,40,10,0,50,0,14.8,11.25,17.17
Drew Eubanks,0.611,0.5,0,0,0,69.23,30.77,0,0,0,4.77,5,4.45
Chimezie Metu,0.483,0.313,0,0,0,50,27.59,18.97,3.45,0,9.07,5.21,10.95
Quincy Acy,1,0,0,0.133,0,11.11,5.56,0,83.33,0,21.17,12,23.79
Deng Adel,0.375,0.25,1,0.261,0,22.22,11.11,2.78,63.89,0,18.75,17.09,19.48
Trevon Duval,1,0,0,1,0,33.33,33.33,0,33.33,0,13,12,15
Justin Patton,0.5,0,0,0,0,57.14,14.29,0,28.57,0,9,0.5,12.4
Thomas Welsh,1,0.667,0.5,0.429,0,7.69,23.08,15.38,53.85,0,19.69,17.57,22.17
Melvin Frazier Jr.,0.667,0,0.5,0,0,42.86,19.05,9.52,28.57,0,11.52,4.14,15.21
Vincent Edwards,0,0,0,0.25,0,0,0,0,100,0,23.75,23,24
Angel Delgado,0.2,0,0,0,0,100,0,0,0,0,1.4,1,1.5
Jarred Vanderbilt,0.563,0,0,0,0,84.21,5.26,5.26,5.26,0,3.84,1.11,6.3
Brandon Goodwin,0.364,0,0,0.333,0,47.83,17.39,8.7,26.09,0,11.65,9.67,12.35
Eric Moreland,0.4,0,0,1,0,71.43,14.29,0,14.29,0,6.43,10.67,3.25
Malachi Richardson,0.5,0,0,0.32,0,6.9,3.45,3.45,86.21,0,22,21.33,22.3
Jacob Evans,0.357,0.556,0.267,0.267,0,26.42,16.98,28.3,28.3,0,15.55,14.11,16.29
Davon Reed,0.75,0,0,0.5,0,33.33,8.33,25,33.33,0,14.58,10.6,17.43
Naz Mitrou-Long,0.444,0,0,0.182,0,45,0,0,55,0,14.8,10.33,16.71
Terrence Jones,0.5,0,0,0,0,50,0,0,50,0,13.25,1,17.33
Yante Maten,0,1,0,0,0,50,25,0,25,0,9.5,10,9.33
DeVaughn Akoon-Purcell,0.6,0,0,0,0,50,0,10,40,0,12.4,1.33,17.14
Kostas Antetokounmpo,0,0,0,0,0,100,0,0,0,0,3.33,0,3.33
Sindarius Thornwell,0.438,0,0,0.2,0,65.31,4.08,0,30.61,0,9.69,6.35,11.47
Alize Johnson,0.286,0.2,0,0.5,0,43.75,31.25,12.5,12.5,0,9.19,8,9.58
Ron Baker,0.4,0,0.5,0.077,0,25,0,10,65,0,17.95,11,19.69
Tyler Lydon,0.625,0,0,0.4,0,44.44,0,0,55.56,0,14.06,11,17.11
Isaac Bonga,0.278,0,0,0,0,54.55,15.15,6.06,24.24,0,10.58,1.6,12.18
Chris Chiozza,0,0,0,0.4,0,25,0,12.5,62.5,0,18.63,25,16.5
Tyler Cavanaugh,0.4,0,0,0.2,0,50,0,0,50,0,13.5,9,15.43
Jawun Evans,0.333,0.25,0.25,0,0,21.43,28.57,28.57,21.43,0,15.79,9.33,17.55
George King,0,0,0,0,0,0,0,0,0,0,0,0,0
John Holland,0,0,0,0,0,0,0,0,0,0,0,0,0
Tyler Ulis,0,0,0,0,0,0,0,0,0,0,0,0,0
Tyler Davis,0,0,0,0,0,100,0,0,0,0,1,0,1
Andre Ingram,0,0,0,0,0,16.67,16.67,16.67,50,0,17.67,0,17.67
Okaro White,0,0,0,0,0,0,0,0,100,0,24.5,0,24.5
Kobi Simmons,0,0,0,0,0,0,0,0,0,0,0,0,0
Zach Lofton,0,0,0,0,0,0,0,0,100,0,25,0,25
Ike Anigbogu,0,0,0,0,0,33.33,0,66.67,0,0,12.33,0,12.33
Donte Grantham,0,0,0,0,0,0,0,0,100,0,26,0,26
