,Player,Age,W,L,MP,FGM,FGA,FG%,3PM,3PA,3P%,FTM,FTA,FT%,OREB,DREB,REB,AST,TOV,PF,FP,DD2,TD3,+/-,DEF_RTG,DREB%,T_DREB%,STL,T_STL%,BLK,T_BLK%,OP_TOV,OP_2NDPTS,OP_PAINT,DEF_WS,USG%,T_FGM%,T_FGA%,T_3PM%,T_3PA%,T_FTM%,T_FTA%,T_OREB%,T_REB%,T_AST%,T_TOV%,T_BLKA%,T_PF%,T_PFD%,T_PTS%,FGA_2P%,FGA_3P%,2PT%,2PT_MR%,3PT%,FBPTS%,OFFTOV%,PAINTPTS%,AST_2FGM%,UAST_2FGM%,AST_3FGM%,UAST_3FGM%,FGM_AST%,FGM_UAST%,PTS_TOV,2ND_CH_PTS,FB_PTS,PAINT_PTS,OPP_PTS_TOV,OPP_2ND_PTS,OPP_FBPTS,OPP_PAINT_PTS,BLKA,PFD,Minutes,BSR Off.,BSR Def.,BSR Total,OOR Off.,OOR Def.,OOR Total,OVR Off.,OVR Def.,OVR total,WAR,salary,def_kmean
2,Bogdan Bogdanovic,27.0,8.0,9.0,27.8,5.2,12.9,40.5,2.8,7.4,38.4,1.7,2.4,72.5,0.2,2.5,2.8,4.8,1.8,1.9,28.5,2.0,0.0,-1.2,2.5,14.1,1.5,34.7,0.1,3.8,8.8,6.3,5.1,24.5,0.07400000000000001,24.4,24.3,26.3,36.4,35.1,19.3,20.6,4.3,11.8,36.0,20.9,33.3,14.6,20.0,25.1,43.2,56.8,32.2,15.7,56.5,12.2,14.5,16.5,17.1,82.9,79.2,20.8,50.6,49.4,2.2,1.5,1.8,2.5,8.8,6.3,5.1,24.5,0.9,2.4,445.0,4.1,1.1,5.2,-0.2,1.4,1.3,3.6,1.2,4.8,1.7,"$8,529,386 ",2
3,Bojan Bogdanovic,30.0,12.0,6.0,33.3,7.6,15.6,48.8,3.3,7.0,46.8,3.6,4.1,87.8,0.7,3.7,4.4,2.2,2.7,2.0,30.9,0.0,0.0,5.7,3.7,14.3,0.8,19.2,0.2,7.8,11.8,9.8,8.6,31.9,0.135,25.6,28.0,26.9,35.8,31.6,25.0,22.2,11.9,13.8,14.3,25.8,37.9,14.3,19.3,28.4,55.2,44.8,39.2,3.0,44.5,14.1,20.6,36.2,48.7,51.3,88.1,11.9,65.7,34.3,4.6,1.6,3.1,8.0,11.8,9.8,8.6,31.9,1.2,3.2,565.0,1.9,-0.2,1.6,7.9,-1.6,6.3,3.1,-0.5,2.6,1.5,"$17,000,000 ",2
12,Danuel House Jr.,26.0,9.0,5.0,29.7,3.9,8.3,47.4,2.6,5.8,44.4,1.9,2.4,79.4,1.1,3.4,4.6,1.1,0.9,2.0,24.6,0.0,0.0,4.9,3.4,15.0,1.3,23.4,0.7,18.9,13.9,7.4,9.7,31.0,0.099,13.4,15.4,14.7,27.7,21.0,13.0,12.6,15.4,15.1,7.5,8.8,9.5,14.7,14.4,16.5,30.2,69.8,22.0,1.2,62.4,19.1,15.6,20.8,84.2,15.8,100.0,0.0,94.5,5.5,1.9,1.7,2.4,2.6,13.9,7.4,9.7,31.0,0.3,2.1,416.0,1.1,3.4,4.5,2.7,1.4,4.0,1.4,3.2,4.6,1.6,"$3,540,000 ",2
14,Dario Saric,25.0,8.0,10.0,27.8,3.8,9.2,41.6,1.7,4.7,36.9,1.2,1.4,84.6,1.6,5.4,7.1,2.0,1.4,2.5,25.1,3.0,0.0,2.1,5.4,27.6,1.0,24.7,0.5,25.7,9.9,7.6,6.8,28.2,0.067,16.8,15.9,17.8,21.5,21.9,11.5,11.1,29.3,28.0,12.1,15.9,17.9,19.1,13.4,15.9,49.4,50.6,39.8,4.2,48.7,8.4,16.2,35.6,71.1,28.9,96.8,3.2,82.6,17.4,1.7,0.4,0.9,3.8,9.9,7.6,6.8,28.2,0.6,1.9,468.0,-1.3,0.8,-0.5,4.2,-1.1,3.1,-0.4,0.5,0.1,0.7,"$3,481,986 ",2
18,Dennis Schroder,26.0,7.0,11.0,29.0,6.0,13.7,43.9,1.4,4.8,29.1,2.0,2.7,75.0,0.4,3.6,4.0,4.0,2.9,2.3,26.5,0.0,0.0,2.8,3.6,16.7,0.8,17.7,0.3,8.1,10.0,9.0,6.8,26.6,0.151,25.7,25.4,26.9,21.6,25.4,17.5,17.8,9.3,15.4,31.0,31.1,19.6,17.8,19.6,23.6,65.0,35.0,59.9,20.2,27.1,10.5,15.5,39.7,30.1,69.9,88.0,12.0,43.5,56.5,2.4,0.7,1.6,6.1,10.0,9.0,6.8,26.6,0.6,2.7,490.0,-1.9,0.2,-1.8,-2.3,14.8,12.6,-2.1,2.9,0.8,0.9,"$15,500,000 ",2
27,Glenn Robinson III,25.0,4.0,16.0,31.7,4.5,9.8,45.9,1.3,3.3,38.5,1.3,1.5,83.3,1.6,3.1,4.7,2.1,0.9,1.7,23.0,1.0,0.0,-7.3,3.1,14.0,1.0,19.4,0.3,8.9,12.6,9.7,7.9,33.5,0.015,14.7,17.6,16.9,18.5,16.6,9.8,9.7,25.0,16.5,12.1,9.5,20.8,11.9,8.9,16.3,66.8,33.2,56.5,15.7,32.6,21.3,25.7,40.9,76.9,23.1,88.0,12.0,80.0,20.0,3.0,1.5,2.5,4.7,12.6,9.7,7.9,33.5,0.8,1.1,604.0,-0.1,-1.4,-1.4,2.0,-5.4,-3.4,0.3,-2.1,-1.8,0.3,"$1,882,867 ",2
28,Goran Dragic,33.0,12.0,5.0,28.6,5.2,11.2,46.3,2.1,5.3,40.0,3.0,4.2,70.8,0.3,3.0,3.3,4.9,2.7,1.7,27.0,0.0,0.0,1.9,3.0,14.6,0.7,15.0,0.2,9.1,12.8,8.6,7.5,28.1,0.079,23.0,22.7,23.7,25.5,25.7,21.0,23.0,6.4,13.1,33.6,23.4,26.5,12.2,19.5,22.7,52.6,47.4,39.5,4.6,41.1,13.3,13.7,35.0,28.8,71.2,55.6,44.4,39.8,60.2,2.1,0.4,2.1,5.4,12.8,8.6,7.5,28.1,0.5,2.9,460.0,2.2,-2.5,-0.3,-1.2,-6.8,-8.0,1.7,-3.5,-1.7,0.2,"$19,217,900 ",2
31,JJ Redick,35.0,6.0,12.0,28.5,4.7,10.8,43.6,3.5,7.6,46.3,2.4,2.8,84.3,0.2,2.8,3.1,1.9,1.4,1.6,22.7,0.0,0.0,-1.5,2.8,14.0,0.4,8.4,0.3,10.0,12.1,9.1,9.2,30.8,0.033,18.4,18.6,19.7,38.9,33.1,22.6,20.2,3.2,11.2,12.5,13.7,15.2,12.0,20.1,21.8,30.3,69.7,15.9,10.9,68.5,18.8,14.5,5.1,90.9,9.1,90.5,9.5,90.6,9.4,2.2,1.5,2.9,0.8,12.1,9.1,9.2,30.8,0.4,2.5,479.0,2.5,-2.0,0.5,2.1,-1.6,0.6,2.5,-2.0,0.5,0.8,"$13,486,300 ",2
36,Jaren Jackson Jr.,20.0,5.0,12.0,26.8,5.5,12.1,45.4,2.1,5.1,40.2,2.1,2.6,79.5,1.4,3.6,5.0,1.4,1.8,3.9,25.9,1.0,0.0,-7.5,3.6,18.8,0.5,11.9,1.1,40.0,11.8,8.6,9.4,27.3,0.004,23.1,23.8,23.8,29.4,26.9,28.7,27.3,24.7,20.1,9.1,19.1,33.3,28.8,30.2,25.1,57.6,42.4,45.3,2.3,41.0,8.2,7.8,43.0,69.0,31.0,88.6,11.4,76.3,23.7,1.2,2.3,1.2,6.5,11.8,8.6,9.4,27.3,1.2,3.2,425.0,-0.7,-1.4,-2.1,0.5,-10.2,-9.7,-0.5,-3.0,-3.5,-0.2,"$6,927,480 ",2
41,Jonas Valanciunas,27.0,5.0,13.0,24.6,5.7,10.3,55.4,0.6,1.7,33.3,1.6,1.8,84.8,2.6,7.2,9.8,1.9,2.2,2.6,29.5,11.0,0.0,-3.8,7.2,37.7,0.3,8.3,0.9,38.1,10.7,6.0,7.4,24.8,0.058,21.6,27.2,22.1,10.0,11.1,21.2,19.8,43.1,39.0,14.6,23.5,17.9,24.9,19.4,24.6,83.9,16.1,76.2,4.1,12.3,7.0,12.3,72.1,54.8,45.2,100.0,0.0,59.2,40.8,1.7,3.5,0.9,9.8,10.7,6.0,7.4,24.8,0.7,1.8,412.0,-1.3,1.0,-0.3,-1.5,0.8,-0.6,-1.4,1.1,-0.3,0.5,"$16,000,000 ",2
49,Kelly Oubre Jr.,23.0,8.0,10.0,31.0,6.1,13.2,46.0,1.6,4.4,35.4,3.8,4.7,81.2,1.3,4.6,5.9,1.7,1.7,3.2,31.2,2.0,0.0,0.6,4.6,21.2,1.3,28.2,0.6,21.7,10.4,8.5,8.3,32.2,0.066,22.4,22.9,23.1,19.3,20.3,28.6,28.7,25.3,22.0,9.7,17.9,35.3,22.0,23.6,23.6,66.7,33.3,51.4,6.3,26.7,15.9,23.5,45.1,55.6,44.4,96.4,3.6,66.1,33.9,4.1,2.2,2.8,7.9,10.4,8.5,8.3,32.2,1.3,4.1,518.0,1.2,1.6,2.9,-1.7,-2.0,-3.8,0.7,1.0,1.8,1.2,"$15,625,000 ",2
53,Kristaps Porzingis,24.0,11.0,6.0,31.4,6.2,15.5,39.8,2.2,6.2,34.9,2.8,3.9,70.1,1.6,7.8,9.4,1.5,1.7,2.8,37.5,7.0,0.0,3.2,7.8,32.0,0.6,13.2,2.2,62.7,10.2,9.4,10.9,28.4,0.085,24.8,23.8,26.7,25.2,24.1,20.3,22.0,23.5,30.1,10.0,19.2,23.7,22.0,20.5,23.3,59.8,40.2,46.3,13.6,37.8,7.5,8.2,32.7,69.1,30.9,97.3,2.7,79.0,21.0,1.4,2.7,1.3,5.6,10.2,9.4,10.9,28.4,0.5,3.0,499.0,-2.0,0.5,-1.4,-4.4,2.8,-1.6,-2.7,1.0,-1.7,0.3,"$27,285,000 ",2
55,Larry Nance Jr.,26.0,5.0,12.0,25.9,4.2,7.8,54.1,1.3,3.3,39.3,1.3,1.8,71.0,2.1,5.6,7.6,1.3,0.9,1.6,25.8,3.0,0.0,-6.6,5.6,31.5,1.1,24.4,0.4,23.3,8.5,8.3,6.5,26.7,0.023,15.4,21.2,16.4,21.2,17.4,13.5,14.6,36.5,32.7,11.7,12.0,4.6,15.6,16.8,19.9,57.9,42.1,53.2,3.2,35.1,5.3,14.4,50.0,62.0,38.0,95.5,4.5,72.2,27.8,1.6,2.3,0.6,5.5,8.5,8.3,6.5,26.7,0.2,1.9,414.0,0.9,-1.6,-0.7,-3.0,-5.0,-8.1,0.2,-2.3,-2.0,0.2,"$12,727,273 ",2
57,Luka Doncic,20.0,12.0,6.0,34.2,9.8,20.2,48.6,3.1,9.4,32.5,8.1,9.8,82.4,1.5,8.4,9.9,9.6,4.5,2.7,57.5,13.0,7.0,5.6,8.4,33.3,1.4,31.7,0.2,5.4,11.5,10.3,10.1,33.7,0.064,35.0,33.8,32.6,28.8,31.5,49.7,47.2,19.4,30.0,56.5,46.6,18.2,19.3,45.8,36.2,53.6,46.4,44.0,2.9,29.8,7.9,9.6,41.2,20.5,79.5,25.5,74.5,22.0,78.0,2.9,2.7,2.4,12.7,11.5,10.3,10.1,33.7,0.4,7.6,578.0,10.2,1.4,11.6,7.2,-5.1,2.2,10.0,0.3,10.3,3.9,"$7,683,360 ",2
58,Marcus Morris Sr.,30.0,4.0,15.0,33.0,6.0,14.2,42.4,2.8,5.4,52.4,3.8,4.6,83.9,1.2,4.9,6.2,1.3,1.9,3.3,30.8,1.0,0.0,-4.4,4.9,22.7,0.9,16.1,0.6,20.0,11.4,8.2,10.6,29.2,0.056,22.3,22.8,23.3,37.8,28.5,34.9,28.1,13.1,19.8,9.0,18.8,16.1,18.6,23.8,26.3,61.7,38.3,33.8,17.5,45.6,8.5,15.8,16.3,38.3,61.7,77.8,22.2,57.0,43.0,2.9,1.9,1.6,3.1,11.4,8.2,10.6,29.2,0.5,3.3,594.0,0.9,0.1,1.0,3.2,-0.9,2.3,1.4,0.0,1.4,1.2,"$15,000,000 ",2
59,Marvin Bagley III,20.0,0.0,1.0,27.7,6.0,16.0,37.5,0.0,0.0,0.0,2.0,4.0,50.0,4.0,6.0,10.0,0.0,1.0,1.0,31.0,1.0,0.0,-21.0,6.0,24.0,1.0,50.0,1.0,33.3,17.0,10.0,22.0,48.0,-0.029,25.7,27.3,31.4,0.0,0.0,28.6,33.3,50.0,30.3,0.0,5.9,50.0,7.7,30.0,24.1,100.0,0.0,85.7,28.6,0.0,0.0,14.3,57.1,66.7,33.3,0.0,0.0,66.7,33.3,2.0,7.0,0.0,8.0,17.0,10.0,22.0,48.0,3.0,3.0,28.0,-7.0,0.7,-6.3,-12.0,-6.1,-18.1,-8.2,-0.5,-8.8,-0.1,"$8,556,120 ",2
65,Nikola Jokic,24.0,13.0,4.0,31.0,6.4,13.9,45.8,0.9,4.1,23.2,1.9,2.5,76.7,2.2,8.2,10.4,6.0,2.6,3.3,39.3,7.0,3.0,6.4,8.2,35.5,1.1,21.1,0.5,19.6,8.9,6.6,8.1,28.8,0.15,24.4,24.1,24.1,14.2,20.6,19.8,20.7,31.6,34.6,36.8,30.6,13.2,26.5,29.1,22.5,70.8,29.2,69.4,14.3,18.1,5.3,12.8,55.1,51.1,48.9,93.8,6.3,57.4,42.6,2.0,2.6,0.8,8.6,8.9,6.6,8.1,28.8,0.4,3.9,490.0,1.6,-0.2,1.4,2.6,-1.0,1.6,1.8,-0.5,1.3,1.0,"$26,573,595 ",2
66,Nikola Vucevic,29.0,6.0,8.0,30.8,6.8,15.1,45.0,1.1,3.6,32.0,2.4,2.8,84.6,2.9,8.6,11.6,3.5,1.4,1.9,39.9,10.0,0.0,4.2,8.6,36.7,0.6,12.3,1.1,26.8,8.8,6.9,6.3,28.0,0.121,25.0,26.3,26.7,17.2,18.7,21.7,21.0,44.1,38.3,21.7,19.6,28.9,17.8,21.8,24.7,76.3,23.7,66.1,7.5,20.1,2.9,10.9,58.6,72.2,27.8,100.0,0.0,76.8,23.2,1.9,1.4,0.5,10.0,8.8,6.9,6.3,28.0,0.8,2.7,431.0,-0.5,2.1,1.6,5.6,-0.4,5.2,0.7,1.7,2.4,1.1,"$28,000,000 ",2
69,P.J. Washington,21.0,8.0,13.0,28.1,4.5,9.0,49.7,1.4,3.0,45.3,1.5,2.2,67.4,0.9,4.2,5.1,1.6,1.2,2.7,25.0,1.0,0.0,-4.9,4.2,22.9,1.2,29.4,0.8,34.0,10.9,6.9,7.6,31.9,0.024,16.8,19.8,17.9,17.4,15.2,17.4,19.4,15.4,21.1,10.5,12.1,17.3,24.3,20.8,19.2,66.1,33.9,52.4,0.8,35.1,15.7,16.1,51.6,86.2,13.8,96.6,3.4,89.4,10.6,1.9,0.9,1.9,6.1,10.9,6.9,7.6,31.9,0.4,2.4,522.0,-1.5,-2.5,-4.0,-1.0,-0.4,-1.4,-1.5,-2.1,-3.6,-0.2,"$3,831,840 ",2
76,Taurean Prince,25.0,10.0,9.0,30.2,4.7,11.6,40.7,2.8,6.9,40.2,0.9,1.3,72.0,0.8,5.1,5.9,1.7,2.2,2.8,24.0,4.0,0.0,1.8,5.1,23.4,0.8,17.2,0.3,8.6,9.5,7.7,6.4,30.8,0.07400000000000001,19.2,18.1,20.2,30.1,28.0,8.6,8.8,12.0,20.6,11.5,23.3,19.3,21.5,10.9,18.2,40.3,59.7,29.5,4.0,63.3,10.8,14.3,25.5,62.2,37.8,84.9,15.1,75.6,24.4,1.9,1.1,1.4,3.4,9.5,7.7,6.4,30.8,0.6,1.5,540.0,-1.8,0.5,-1.3,3.4,-1.5,1.9,-0.9,0.1,-0.8,0.6,"$3,481,986 ",2
80,Tomas Satoransky,28.0,6.0,14.0,26.2,3.5,7.6,46.4,1.4,3.1,44.3,1.0,1.2,87.0,0.9,2.5,3.4,5.3,2.1,2.2,23.9,0.0,0.0,-0.8,2.5,13.9,1.5,29.9,0.2,7.0,10.6,7.7,8.0,30.1,0.062,15.9,15.9,15.6,19.0,16.3,10.0,8.6,14.9,14.1,39.5,23.3,11.3,17.7,15.9,15.3,59.6,40.4,46.0,3.2,43.3,15.0,15.5,42.8,18.6,81.4,96.3,3.7,48.6,51.4,1.5,0.8,1.4,4.0,10.6,7.7,8.0,30.1,0.4,1.9,495.0,0.7,2.3,3.0,6.0,-0.7,5.3,1.8,1.9,3.6,1.6,"$10,000,000 ",2
84,Wendell Carter Jr.,20.0,6.0,14.0,28.9,5.0,8.7,56.9,0.1,0.7,15.4,2.7,4.0,68.4,3.8,6.0,9.7,0.9,1.3,4.1,28.7,10.0,0.0,0.2,6.0,29.5,0.7,11.6,0.8,42.1,10.4,7.0,9.5,28.5,0.093,16.8,20.9,16.0,1.3,3.1,24.9,27.2,52.1,35.4,6.4,14.4,26.4,28.0,25.2,19.2,92.5,7.5,76.4,3.9,2.4,8.3,20.1,72.4,64.9,35.1,100.0,0.0,65.7,34.3,2.6,4.5,1.1,9.2,10.4,7.0,9.5,28.5,1.0,3.4,545.0,-1.3,-1.9,-3.2,7.4,0.7,8.1,0.3,-1.5,-1.2,0.4,"$5,201,400 ",2
90,James Harden,30.0,13.0,6.0,36.8,10.7,24.1,44.6,4.9,13.9,35.5,12.5,14.4,86.5,0.9,5.1,5.9,7.8,5.3,3.1,59.2,6.0,0.0,7.8,5.1,17.6,1.7,24.6,0.5,16.4,14.8,10.1,14.1,37.8,0.132,38.3,35.3,35.5,41.2,40.3,62.0,57.2,10.1,15.8,49.2,43.9,29.0,19.0,46.8,41.8,42.0,58.0,29.8,0.5,38.2,7.6,14.6,29.2,13.6,86.4,16.0,84.0,14.7,85.3,5.7,3.2,2.9,11.4,14.8,10.1,14.1,37.8,0.9,8.8,669.0,10.2,-0.1,10.1,2.7,9.5,12.1,9.4,1.7,11.1,4.7,"$37,800,000",2
91,Giannis Antetokounmpo,24.0,17.0,3.0,32.4,11.5,20.6,56.0,1.4,4.9,28.6,6.5,11.1,58.6,2.7,10.7,13.4,5.9,4.1,3.3,60.4,19.0,2.0,10.3,10.7,38.3,1.5,28.8,1.4,30.8,10.8,6.3,8.3,25.7,0.182,36.4,38.8,33.7,15.0,18.0,49.6,57.7,40.6,38.8,35.1,39.9,44.4,23.9,51.9,37.8,76.2,23.8,65.4,3.9,13.6,22.0,19.9,61.5,38.6,61.4,50.0,50.0,40.0,60.0,6.2,4.4,6.8,19.0,10.8,6.3,8.3,25.7,1.2,9.0,595.0,5.7,2.6,8.3,3.7,6.3,10.0,5.5,3.4,8.9,3.6,"$25,842,697",2
92,Kyrie Irving,27.0,4.0,7.0,33.8,10.2,22.9,44.4,2.8,8.3,34.1,5.4,5.7,93.7,0.9,4.5,5.4,7.2,2.4,2.9,48.3,2.0,1.0,-0.8,4.5,18.0,1.1,21.1,0.5,13.3,11.8,7.8,7.7,38.4,0.046,32.8,34.1,35.6,28.4,31.1,41.3,32.1,12.2,16.7,45.4,21.3,25.7,20.0,30.7,34.6,63.9,36.1,51.6,12.1,29.6,9.2,12.4,39.5,16.0,84.0,38.7,61.3,22.3,77.7,3.5,2.2,2.6,11.3,11.8,7.8,7.7,38.4,0.8,4.6,372.0,7.0,-4.3,2.7,1.4,-3.6,-2.2,6.4,-4.4,2.0,0.9,"$31,742,000",2
93,Trae Young,21.0,4.0,15.0,34.5,9.3,20.4,45.4,3.4,8.8,38.7,6.5,7.6,85.4,0.5,3.7,4.2,8.4,4.9,1.2,45.6,6.0,1.0,-6.9,3.7,16.8,1.4,23.5,0.1,1.7,14.8,11.0,10.5,37.8,-0.018000000000000002,33.8,31.0,32.2,41.7,37.8,48.4,43.9,7.2,14.6,48.2,40.6,25.0,6.9,43.1,35.0,56.7,43.3,41.1,5.6,36.1,11.1,13.9,35.6,18.9,81.1,32.3,67.7,23.9,76.1,3.9,1.5,3.2,10.1,14.8,11.0,10.5,37.8,1.3,7.1,581.0,3.9,-1.6,2.2,8.6,-12.2,-3.7,5.1,-3.6,1.4,1.3,"$6,273,000",2
94,Bradley Beal,26.0,6.0,11.0,36.6,10.0,21.2,47.2,2.9,8.2,35.0,5.4,6.5,82.9,0.9,3.4,4.3,7.1,3.2,2.6,44.6,3.0,0.0,-2.1,3.4,13.9,1.0,19.1,0.2,8.0,12.3,10.4,11.9,41.1,-0.004,30.2,28.6,29.6,30.6,33.3,46.0,44.8,12.5,13.5,31.9,30.2,15.9,15.9,39.1,31.1,61.1,38.9,50.3,14.1,30.6,11.0,13.1,36.2,36.4,63.6,71.4,28.6,46.5,53.5,3.7,1.8,3.1,10.2,12.3,10.4,11.9,41.1,0.8,5.9,592.0,6.3,-3.9,2.4,3.8,-4.3,-0.5,6.1,-4.1,2.0,1.4,"$27,093,019",2
95,Damian Lillard,29.0,8.0,10.0,37.0,8.5,19.0,44.7,3.3,9.0,36.4,7.1,7.7,92.0,0.6,4.2,4.8,7.3,2.8,2.1,45.9,3.0,0.0,2.6,4.2,14.8,1.1,22.9,0.5,10.8,11.0,12.6,9.6,36.6,0.09,27.6,26.2,26.8,34.9,33.5,46.4,42.5,7.9,13.3,47.3,26.3,29.3,12.5,38.0,30.6,52.6,47.4,38.2,6.5,36.0,8.9,8.7,31.7,11.7,88.3,22.0,78.0,15.7,84.3,2.4,1.2,2.4,8.7,11.0,12.6,9.6,36.6,1.2,6.1,629.0,7.9,-1.7,6.2,2.5,2.5,5.0,7.3,-1.0,6.3,2.9,"$29,802,321",2
96,Karl-Anthony Towns,24.0,9.0,7.0,33.0,8.9,17.3,51.3,3.9,8.9,44.4,4.6,5.8,79.3,2.6,10.0,12.6,4.1,3.4,3.4,51.7,14.0,0.0,2.3,10.0,38.6,1.1,19.3,1.5,37.5,9.5,8.6,8.8,33.1,0.09300000000000001,27.8,31.3,27.5,42.9,31.7,32.4,31.5,34.5,37.6,24.7,34.0,22.4,23.3,32.2,32.8,48.7,51.3,37.6,2.9,45.0,4.5,12.4,34.8,49.4,50.6,81.0,19.0,63.4,36.6,3.3,4.4,1.2,9.1,9.5,8.6,8.8,33.1,0.8,5.1,527.0,5.0,4.5,9.6,3.2,-2.1,1.1,5.0,3.5,8.5,3.1,"$27,250,000",2
97,Anthony Davis,26.0,16.0,2.0,34.5,9.0,18.8,47.9,1.2,3.4,33.9,6.9,7.9,86.7,2.6,6.6,9.2,3.5,2.5,2.4,52.9,7.0,0.0,6.4,6.6,25.7,1.5,23.7,2.8,50.0,12.3,8.2,13.3,30.8,0.146,29.3,29.4,29.2,15.1,15.9,52.8,45.7,34.6,27.7,17.8,23.1,31.0,16.7,39.4,31.8,81.7,18.3,60.1,10.2,13.4,9.6,16.0,49.9,60.3,39.7,100.0,0.0,65.4,34.6,4.2,3.4,2.5,13.0,12.3,8.2,13.3,30.8,0.7,6.1,594.0,1.9,5.5,7.5,-5.1,0.4,-4.7,0.7,4.8,5.5,2.5,"$27,093,019",2
98,Brandon Ingram,22.0,4.0,11.0,33.6,9.3,19.0,49.1,2.4,5.9,40.9,4.8,5.9,80.9,0.9,6.5,7.4,4.0,3.0,2.8,43.1,3.0,0.0,-4.2,6.5,27.4,0.8,14.0,1.0,25.4,14.4,10.5,12.2,36.7,0.02,29.2,31.5,29.9,25.0,23.0,38.5,36.3,13.9,24.4,22.8,25.7,18.2,16.6,35.6,31.8,69.1,30.9,53.6,12.9,27.8,12.6,16.5,40.7,28.8,71.2,94.4,5.6,45.7,54.3,4.3,2.5,3.3,10.5,14.4,10.5,12.2,36.7,0.5,5.6,468.0,2.3,-1.9,0.4,-0.7,-3.5,-4.3,1.8,-2.2,-0.4,0.6,"$7,265,485",2
99,LeBron James,34.0,17.0,2.0,34.8,9.8,19.7,49.9,2.1,5.8,36.0,3.9,5.8,67.3,1.0,6.1,7.1,11.0,3.7,1.5,52.8,16.0,5.0,9.7,6.1,24.3,1.3,21.2,0.6,11.7,12.3,7.4,11.9,29.5,0.163,31.1,30.8,30.9,25.3,26.3,33.6,37.0,14.3,22.1,55.4,34.7,33.3,9.9,29.6,30.7,70.4,29.6,60.2,11.5,24.6,18.0,19.3,48.8,25.9,74.1,42.5,57.5,29.4,70.6,4.9,2.8,4.6,12.5,12.3,7.4,11.9,29.5,0.8,4.6,636.0,7.5,0.5,8.0,9.8,4.9,14.7,8.2,1.3,9.5,4.0,"$37,436,858",2
100,Donovan Mitchell,23.0,12.0,7.0,34.8,9.2,20.8,44.3,2.4,6.2,38.1,4.5,5.4,83.5,1.0,4.1,5.1,3.7,2.2,2.4,39.7,1.0,0.0,3.4,4.1,15.3,1.4,30.6,0.3,9.1,10.7,10.1,8.7,33.1,0.147,30.7,32.2,33.8,27.1,27.9,32.0,29.4,17.6,15.7,24.2,20.0,27.6,15.8,26.0,31.6,70.1,29.9,54.1,17.0,28.1,6.4,8.3,37.0,29.2,70.8,64.4,35.6,38.3,61.7,2.1,1.7,1.6,9.4,10.7,10.1,8.7,33.1,1.1,4.2,625.0,4.0,0.6,4.7,4.1,-0.5,3.6,4.2,0.4,4.7,2.4,"$3,635,760",2
101,Andrew Wiggins,24.0,9.0,6.0,35.0,9.7,20.7,46.8,2.3,6.6,35.4,3.6,5.3,68.4,1.2,4.2,5.4,3.3,1.8,2.4,40.2,0.0,0.0,3.6,4.2,15.6,0.7,11.8,1.1,21.3,10.9,9.5,8.7,34.5,0.107,28.4,31.6,30.8,24.5,23.5,25.8,28.9,14.1,15.2,18.7,17.5,33.9,15.7,25.1,29.8,68.1,31.9,58.0,8.4,27.7,3.7,13.7,49.6,37.3,62.7,65.7,34.3,44.1,55.9,3.5,1.6,0.9,12.5,10.9,9.5,8.7,34.5,1.3,4.0,524.0,2.4,-2.7,-0.2,7.1,-0.3,6.7,3.5,-2.4,1.1,1.0,"$27,270,000",2
102,Pascal Siakam,25.0,14.0,4.0,36.9,9.4,20.4,46.0,2.4,6.3,37.7,3.9,4.9,80.7,1.7,6.9,8.6,3.9,2.8,3.1,43.4,7.0,0.0,10.3,6.9,24.3,0.8,13.5,0.8,23.0,12.8,9.4,7.7,30.9,0.18,29.1,29.8,30.5,20.6,22.8,28.9,29.0,26.1,24.6,20.1,25.1,28.2,19.0,25.9,28.4,68.9,31.1,55.8,7.5,28.5,16.6,15.7,48.2,42.9,57.1,67.4,32.6,49.1,50.9,3.9,1.5,4.2,12.1,12.8,9.4,7.7,30.9,1.3,4.2,624.0,2.0,0.0,2.0,9.4,5.8,15.2,3.4,1.0,4.4,2.3,"$2,351,839",2
103,Kawhi Leonard,28.0,11.0,3.0,31.5,8.9,20.5,43.6,1.6,5.1,30.6,5.6,6.7,84.0,1.1,6.8,7.9,5.5,3.5,2.2,47.8,5.0,0.0,7.4,6.8,26.8,2.0,35.9,0.9,25.5,9.7,5.1,9.9,25.9,0.177,34.5,33.8,34.7,22.2,23.7,44.1,41.6,13.4,23.6,37.0,36.8,27.8,14.9,33.9,34.5,74.9,25.1,58.7,21.7,18.8,12.8,12.8,37.0,23.3,76.7,63.6,36.4,30.4,69.6,3.2,2.7,3.2,9.3,9.7,5.1,9.9,25.9,0.7,5.5,414.0,3.4,4.8,8.1,2.1,6.6,8.7,3.3,5.3,8.6,2.4,"$32,742,000",2
104,Devin Booker,23.0,8.0,10.0,35.4,8.8,17.2,51.0,2.2,5.2,41.9,4.8,5.0,95.6,0.5,3.2,3.7,6.3,4.1,3.2,37.0,2.0,0.0,1.2,3.2,12.8,0.6,11.2,0.3,11.3,12.6,9.0,9.3,37.1,0.055,27.5,28.6,26.2,21.3,19.3,31.9,28.6,7.6,11.7,31.1,38.3,21.7,18.2,27.4,28.3,70.0,30.0,54.0,10.9,26.5,19.3,18.6,43.1,44.5,55.5,64.1,35.9,49.4,50.6,4.6,2.2,4.7,10.6,12.6,9.0,9.3,37.1,0.8,5.0,600.0,2.8,-3.0,-0.2,7.6,-6.2,1.5,3.8,-3.8,0.1,0.9,"$27,250,000",2
105,D'Angelo Russell,23.0,1.0,9.0,31.5,8.5,18.7,45.5,2.8,7.9,35.4,4.5,5.9,76.3,0.2,3.4,3.6,6.7,3.4,1.8,39.2,0.0,0.0,-10.8,3.4,15.5,0.8,15.4,0.5,15.6,13.4,12.3,9.4,36.2,-0.032,31.8,32.0,31.6,45.2,36.9,38.5,41.3,3.2,12.8,39.9,32.7,13.3,13.5,34.5,34.2,57.8,42.2,46.9,23.0,34.6,16.5,12.8,23.9,36.8,63.2,53.6,46.4,42.4,57.6,3.1,2.0,4.0,5.8,13.4,12.3,9.4,36.2,0.4,4.1,315.0,4.9,-3.5,1.4,-2.3,-6.5,-8.7,4.0,-4.2,-0.2,0.4,"$27,285,000",2
106,Joel Embiid,25.0,12.0,4.0,30.1,7.4,16.1,45.7,1.2,3.9,30.6,6.9,8.4,81.5,2.7,9.6,12.3,2.8,2.9,3.4,45.8,12.0,0.0,7.0,9.6,40.0,0.9,16.9,1.4,37.1,9.8,5.6,7.4,24.1,0.207,31.5,30.7,31.1,21.3,22.7,53.4,51.1,43.9,40.8,19.1,29.0,30.8,26.8,43.6,34.3,76.0,24.0,54.2,18.1,15.6,6.8,12.3,36.2,46.5,53.5,89.5,10.5,53.4,46.6,2.8,3.7,1.6,8.3,9.8,5.6,7.4,24.1,0.8,6.6,413.0,1.9,3.4,5.3,-5.2,7.7,2.5,0.7,4.3,5.0,1.6,"$27,504,630",2
107,Paul George,29.0,7.0,2.0,29.5,7.0,16.4,42.6,3.8,9.7,39.1,4.8,5.1,93.5,0.7,5.4,6.1,3.9,3.9,2.4,37.5,0.0,0.0,6.6,5.4,24.0,1.6,25.0,0.3,9.1,10.6,6.6,9.4,24.2,0.149,29.8,27.5,29.1,47.2,43.3,39.4,34.6,7.8,19.6,24.3,35.4,13.0,16.8,27.7,31.8,41.2,58.8,28.6,8.9,50.2,10.3,15.8,19.7,55.2,44.8,85.3,14.7,71.4,28.6,3.6,1.9,2.3,4.4,10.6,6.6,9.4,24.2,0.3,4.0,233.0,5.9,0.9,6.8,1.1,3.6,4.7,5.3,1.4,6.7,1.1,"$33,005,556",2
108,Zach LaVine,24.0,6.0,14.0,32.1,7.8,18.1,43.1,3.0,7.4,40.1,3.6,4.5,80.9,0.8,3.3,4.1,4.0,3.3,2.6,35.1,0.0,0.0,-4.4,3.3,15.2,1.3,21.0,0.5,19.6,12.7,9.4,9.6,36.3,0.061,29.5,30.6,30.4,34.7,31.2,28.9,26.6,10.9,14.1,26.0,31.1,34.8,17.9,25.2,30.8,59.4,40.6,43.8,6.3,40.0,12.4,19.6,37.5,41.2,58.8,62.7,37.3,49.4,50.6,4.4,2.2,2.8,8.3,12.7,9.4,9.6,36.3,1.6,3.7,604.0,-0.3,0.3,-0.0,1.0,-8.9,-7.9,-0.0,-1.4,-1.4,0.4,"$19,500,000",2
109,Russell Westbrook,31.0,11.0,6.0,33.3,8.1,19.1,42.6,1.2,5.3,23.3,4.6,6.4,72.2,1.4,6.3,7.6,6.9,4.3,3.9,42.6,5.0,3.0,2.0,6.3,24.8,1.5,20.8,0.3,8.6,13.1,8.7,11.9,35.8,0.099,30.5,28.0,30.0,13.2,18.5,27.5,28.9,17.6,23.1,43.2,39.2,26.0,24.4,26.5,26.3,72.2,27.8,62.4,14.4,16.8,22.1,18.7,48.0,24.8,75.2,52.4,47.6,29.0,71.0,4.1,2.4,4.9,10.6,13.1,8.7,11.9,35.8,0.8,4.4,539.0,-1.1,-2.3,-3.4,-3.8,-1.5,-5.2,-1.6,-2.2,-3.9,-0.3,"$38,178,000",2
110,CJ McCollum,28.0,8.0,12.0,36.8,8.8,20.1,43.9,2.6,6.7,38.1,1.9,2.3,82.2,0.9,3.8,4.6,3.8,2.2,2.9,35.7,1.0,0.0,3.0,3.8,13.6,0.8,17.2,0.8,16.3,11.4,12.2,10.3,37.4,0.091,25.9,26.7,28.4,25.8,26.4,14.1,14.0,11.0,13.0,24.1,20.6,24.7,17.0,12.0,24.7,66.6,33.4,56.8,22.3,34.8,16.4,11.8,34.5,18.4,81.6,68.6,31.4,33.0,67.0,2.6,1.9,3.6,7.6,11.4,12.2,10.3,37.4,1.1,1.8,698.0,0.5,-1.4,-0.9,9.5,1.8,11.2,2.2,-0.9,1.3,1.4,"$27,556,959",2
111,Kemba Walker,29.0,12.0,5.0,32.2,7.0,17.2,40.6,3.4,8.8,38.9,4.5,4.9,91.7,1.2,3.5,4.7,4.7,2.1,1.8,36.6,0.0,0.0,4.2,3.5,15.0,0.9,14.4,0.5,13.6,9.8,9.0,9.1,27.8,0.10099999999999999,27.5,24.8,27.9,37.9,37.3,39.3,34.7,15.7,15.2,28.6,23.2,37.7,13.4,27.7,28.5,49.1,50.9,32.7,5.9,46.6,8.3,12.9,26.8,24.6,75.4,50.0,50.0,37.0,63.0,2.8,1.7,1.8,5.9,9.8,9.0,9.1,27.8,1.5,4.1,517.0,4.5,1.4,5.9,8.1,-5.8,2.3,5.5,0.0,5.5,2.2,"$34,379,100",2
112,Kyle Lowry,33.0,6.0,2.0,36.2,6.8,14.1,47.8,3.6,8.5,42.6,4.6,5.3,88.1,0.3,4.0,4.3,6.5,3.4,2.9,37.7,0.0,0.0,3.9,4.0,13.6,1.1,22.0,0.4,13.0,13.5,10.0,9.9,33.3,0.141,22.9,22.5,22.0,31.9,30.5,31.9,31.8,5.0,12.4,34.2,26.2,26.3,17.2,35.9,25.3,39.8,60.2,28.7,4.6,50.0,32.2,7.5,24.1,20.0,80.0,51.7,48.3,37.0,63.0,1.6,0.4,7.0,5.3,13.5,10.0,9.9,33.3,1.3,5.9,289.0,4.5,3.1,7.6,-2.8,-0.9,-3.7,3.3,2.5,5.8,1.3,"$33,296,296",2
113,DeMar DeRozan,30.0,7.0,13.0,34.1,8.5,16.1,52.6,0.1,0.3,20.0,4.8,5.9,81.2,0.5,5.1,5.6,4.7,2.7,3.0,37.2,1.0,0.0,-5.5,5.1,21.0,1.0,21.8,0.6,13.8,9.6,10.0,10.4,34.6,0.017,26.3,28.8,25.6,0.8,1.5,36.1,36.1,7.6,18.1,27.7,28.5,28.4,21.1,31.7,27.9,98.4,1.6,77.4,28.6,0.7,10.1,12.9,48.8,28.0,72.0,100.0,0.0,28.4,71.6,2.8,0.8,2.2,10.6,9.6,10.0,10.4,34.6,1.0,4.6,646.0,1.7,-4.4,-2.7,-2.0,-6.4,-8.3,1.1,-5.0,-3.9,-0.4,"$27,739,975",2
114,Lou Williams,33.0,14.0,6.0,32.0,7.0,16.4,42.4,1.9,5.1,36.6,6.0,7.1,84.4,0.6,2.9,3.5,6.2,3.2,1.6,34.3,2.0,0.0,2.6,2.9,12.0,0.6,13.3,0.2,4.6,10.7,8.7,9.8,29.8,0.111,28.0,25.3,27.0,26.8,23.8,42.0,38.6,7.4,10.8,40.9,28.4,29.2,10.3,37.0,28.5,69.2,30.8,47.0,18.9,25.6,14.1,13.8,28.1,16.7,83.3,67.6,32.4,30.2,69.8,3.0,2.4,3.1,6.1,10.7,8.7,9.8,29.8,1.1,6.0,613.0,5.2,-3.6,1.7,-1.0,-5.2,-6.2,4.3,-4.1,0.2,0.9,"$8,000,000",2
115,Jayson Tatum,21.0,13.0,5.0,34.4,7.5,18.3,40.9,2.2,6.2,35.7,3.3,4.1,82.2,1.4,5.7,7.2,2.5,2.2,2.3,36.7,2.0,0.0,8.5,5.7,22.3,1.4,22.2,0.6,13.5,9.5,9.7,8.1,29.8,0.17300000000000001,26.5,25.7,28.0,26.3,25.6,22.9,22.5,18.1,21.3,14.8,24.5,19.7,16.1,21.7,25.3,66.1,33.9,51.4,11.9,32.4,14.3,18.6,39.5,53.7,46.3,77.5,22.5,60.7,39.3,3.8,2.5,2.9,8.1,9.5,9.7,8.1,29.8,0.8,3.6,582.0,0.3,-0.5,-0.3,2.8,4.9,7.6,0.7,0.4,1.1,1.1,"$7,830,000",2
116,Buddy Hield,26.0,8.0,10.0,33.4,7.3,17.6,41.6,3.8,10.2,37.5,2.0,2.3,87.8,0.8,3.8,4.6,2.4,2.8,2.6,30.5,0.0,0.0,-2.5,3.8,16.7,0.8,14.7,0.4,14.3,12.1,10.1,8.1,35.8,0.065,27.0,26.7,29.2,42.1,41.7,20.8,18.9,12.0,15.6,14.6,25.0,22.7,16.4,14.0,27.8,42.0,58.0,34.1,14.6,56.1,12.7,14.6,19.5,44.4,55.6,76.8,23.2,61.4,38.6,3.0,1.0,2.6,4.0,12.1,10.1,8.1,35.8,0.8,1.7,561.0,-0.1,-1.2,-1.3,4.8,-4.6,0.1,0.9,-1.9,-1.0,0.5,"$4,861,208",2
117,Stephen Curry,31.0,1.0,3.0,28.0,6.8,16.5,40.9,2.3,9.3,24.3,4.5,4.5,100.0,1.0,4.0,5.0,6.5,3.8,2.5,37.5,1.0,0.0,-8.0,4.0,20.0,1.3,27.8,0.5,25.0,12.5,7.0,11.0,33.0,-0.040999999999999995,29.5,26.5,28.3,31.0,40.2,40.9,35.3,12.5,17.9,35.6,38.5,30.8,20.8,29.5,29.2,43.9,56.1,44.4,9.9,33.3,18.5,11.1,34.6,33.3,66.7,55.6,44.4,40.7,59.3,2.3,2.3,3.8,7.0,12.5,7.0,11.0,33.0,1.0,3.3,112.0,4.3,1.6,5.9,1.4,-5.7,-4.4,4.1,0.4,4.5,0.4,"$40,231,758",2
118,Spencer Dinwiddie,26.0,10.0,9.0,28.8,6.4,15.4,41.8,1.9,6.0,31.6,5.5,6.3,86.7,0.2,2.4,2.6,5.9,2.4,3.5,34.0,2.0,0.0,2.1,2.4,11.0,0.8,22.1,0.6,19.6,10.4,8.7,7.1,25.8,0.069,28.5,25.5,28.5,25.7,28.4,46.2,40.8,2.5,9.1,41.7,27.3,27.3,24.7,32.0,29.1,61.0,39.0,44.8,4.7,28.1,13.0,13.8,40.1,15.1,84.9,25.0,75.0,18.0,82.0,2.8,0.8,2.6,8.1,10.4,8.7,7.1,25.8,0.8,4.2,513.0,5.0,-3.0,2.0,6.4,-0.1,6.3,5.5,-2.6,2.9,1.5,"$10,600,000",2
119,Blake Griffin,30.0,2.0,5.0,30.0,6.4,15.0,42.9,1.6,6.1,25.6,5.3,6.7,78.7,1.4,3.7,5.1,3.3,2.9,1.6,30.1,0.0,0.0,1.3,3.7,17.4,0.3,7.7,0.4,13.6,11.9,8.0,10.0,29.1,0.051,29.8,26.0,28.3,17.7,27.6,53.6,53.4,20.0,18.1,21.1,29.0,20.8,13.9,46.3,28.9,59.0,41.0,49.3,0.0,23.9,10.1,12.3,49.3,38.2,61.8,54.5,45.5,42.2,57.8,2.4,1.1,2.0,9.7,11.9,8.0,10.0,29.1,0.7,6.3,178.0,1.5,-0.2,1.3,2.6,-3.1,-0.6,1.8,-0.8,1.1,0.3,"$34,234,964",2
120,Malcolm Brogdon,26.0,10.0,6.0,31.8,7.1,14.9,47.7,1.4,4.3,32.4,3.8,3.9,96.8,0.6,4.3,4.9,7.9,3.0,2.1,37.7,5.0,0.0,5.8,4.3,18.9,0.9,19.7,0.3,7.3,9.8,6.7,6.9,30.9,0.129,26.1,24.9,25.9,26.2,27.6,32.3,27.9,9.9,17.1,49.4,32.4,36.8,15.5,22.6,26.1,71.5,28.5,59.4,21.9,21.3,6.8,12.6,37.4,19.6,80.4,63.6,36.4,28.1,71.9,2.4,1.3,1.3,7.3,9.8,6.7,6.9,30.9,0.9,3.1,432.0,3.5,-0.7,2.8,2.8,3.1,5.9,3.5,-0.1,3.4,1.4,"$20,000,000",2
121,Jrue Holiday,29.0,6.0,11.0,36.2,7.5,17.3,43.5,1.9,5.4,34.8,2.1,2.6,77.8,1.1,4.0,5.1,7.2,3.6,2.5,41.1,4.0,0.0,-4.0,4.0,15.7,2.1,32.4,0.8,19.7,14.5,9.9,13.8,38.8,0.031,24.6,23.9,25.1,17.9,19.3,16.9,16.4,13.6,15.2,39.8,29.3,27.1,15.1,17.1,22.2,68.7,31.3,59.4,3.7,29.7,13.3,13.0,55.7,25.0,75.0,37.5,62.5,28.1,71.9,2.5,1.1,2.5,10.6,14.5,9.9,13.8,38.8,0.9,2.5,574.0,1.6,2.0,3.6,1.0,-2.2,-1.2,1.6,1.4,3.0,1.7,"$26,131,111",2
122,Gordon Hayward,29.0,7.0,1.0,31.2,7.6,13.8,55.5,1.6,3.8,43.3,2.0,2.4,84.2,0.8,6.4,7.1,4.1,1.9,1.9,34.7,2.0,0.0,8.3,6.4,27.1,0.8,12.5,0.3,6.5,8.0,9.4,6.9,27.8,0.156,22.3,27.2,23.3,18.8,17.1,17.4,16.2,14.6,24.9,25.6,23.1,17.9,12.6,15.9,24.8,72.7,27.3,63.6,14.6,25.8,16.6,14.6,49.0,54.2,45.8,100.0,0.0,63.9,36.1,2.8,1.0,3.1,9.3,8.0,9.4,6.9,27.8,0.6,2.5,249.0,2.2,-1.8,0.4,3.7,4.5,8.2,2.6,-0.8,1.8,0.6,"$32,700,690",2
123,LaMarcus Aldridge,34.0,7.0,13.0,32.8,7.7,14.8,51.7,0.6,1.6,35.5,3.0,3.6,83.3,2.1,4.7,6.7,2.5,1.7,2.2,36.3,2.0,0.0,-5.1,4.7,19.3,0.7,16.9,1.8,52.2,9.6,8.3,10.0,32.9,0.015,23.3,27.4,24.9,9.5,9.3,22.9,22.2,34.2,22.3,15.7,17.7,12.1,16.4,24.4,25.2,89.5,10.5,75.3,34.5,8.8,2.1,8.2,40.8,62.0,38.0,100.0,0.0,64.7,35.3,1.6,2.9,0.4,7.7,9.6,8.3,10.0,32.9,0.4,3.4,625.0,-1.2,0.9,-0.3,-4.3,-6.4,-10.7,-1.9,-0.3,-2.2,0.2,"$26,000,000",2
124,Jimmy Butler,30.0,11.0,3.0,33.3,5.4,12.6,42.6,0.6,2.6,24.3,7.4,8.5,86.6,1.9,3.5,5.4,6.6,2.4,1.3,42.8,2.0,0.0,9.3,3.5,14.6,2.6,34.3,0.8,24.4,13.3,9.6,7.7,30.9,0.153,24.4,19.7,22.8,8.5,13.2,46.8,42.0,33.8,18.2,36.2,20.9,28.2,9.6,39.4,24.1,79.0,21.0,50.4,4.6,10.3,14.5,21.4,45.8,51.5,48.5,66.7,33.3,53.3,46.7,4.0,1.9,2.7,8.6,13.3,9.6,7.7,30.9,0.8,6.8,438.0,4.7,6.4,11.1,2.9,3.8,6.6,4.6,6.2,10.8,3.0,"$32,742,000",2
125,Jaylen Brown,23.0,10.0,5.0,33.3,7.1,14.6,48.4,1.7,4.7,35.7,2.9,3.9,72.9,1.1,6.1,7.3,2.1,1.7,3.1,33.4,3.0,0.0,2.7,6.1,25.1,1.3,18.8,0.3,7.4,8.7,8.2,7.7,29.2,0.147,22.4,25.5,22.7,22.3,20.2,24.4,26.7,13.0,21.9,12.4,19.5,29.6,21.5,22.1,25.0,68.0,32.0,57.9,5.0,26.8,18.9,17.9,52.9,51.9,48.1,96.0,4.0,62.3,37.7,3.3,1.7,3.5,9.9,8.7,8.2,7.7,29.2,1.4,3.1,466.0,1.8,2.0,3.8,-0.5,1.5,1.0,1.4,2.0,3.4,1.5,"$6,534,829",2
126,Ja Morant,20.0,5.0,12.0,28.7,6.9,15.2,45.7,0.9,2.3,41.0,3.8,5.0,76.5,0.9,2.2,3.2,6.4,3.4,1.7,33.6,3.0,0.0,-2.9,2.2,10.4,1.4,28.8,0.3,9.4,10.8,9.0,8.2,28.2,0.065,29.8,28.4,28.6,14.4,13.5,39.6,39.9,15.8,11.6,42.7,33.7,52.2,13.2,31.7,28.6,84.9,15.1,64.4,5.7,15.1,15.8,12.9,58.7,29.4,70.6,50.0,50.0,32.2,67.8,2.4,1.8,2.9,10.9,10.8,9.0,8.2,28.2,2.1,4.1,457.0,0.5,-3.6,-3.1,1.0,1.8,2.9,0.7,-2.7,-2.1,0.2,"$8,730,240",2
127,Montrezl Harrell,25.0,14.0,6.0,29.8,7.8,13.2,58.9,0.0,0.3,0.0,3.1,4.6,66.3,3.0,4.7,7.6,2.3,1.9,2.3,35.6,5.0,0.0,5.5,4.7,20.3,0.9,18.5,1.3,37.9,10.1,8.3,8.6,26.9,0.121,22.5,29.8,23.8,0.0,1.6,21.4,25.5,42.4,25.5,15.9,18.1,33.3,15.9,29.0,25.5,97.7,2.3,83.6,0.0,0.0,15.1,15.6,83.6,58.1,41.9,0.0,0.0,58.1,41.9,2.9,4.1,2.8,15.5,10.1,8.3,8.6,26.9,1.2,4.7,572.0,1.5,6.6,8.2,5.0,1.8,6.8,2.3,6.0,8.3,3.2,"$6,000,000",2
128,Jamal Murray,22.0,13.0,4.0,33.2,7.1,16.2,43.6,1.9,5.4,34.8,2.5,2.8,89.6,0.8,3.8,4.5,4.9,2.5,2.0,34.8,1.0,0.0,7.8,3.8,15.4,1.6,29.2,0.4,11.8,8.5,6.7,8.8,31.1,0.17,25.6,25.1,26.3,24.8,25.8,22.8,19.8,10.2,14.2,27.9,27.9,20.4,15.5,23.2,24.7,66.5,33.5,55.9,22.2,30.5,7.9,15.6,33.7,47.7,52.3,65.6,34.4,52.5,47.5,2.9,1.3,1.5,6.2,8.5,6.7,8.8,31.1,0.6,3.5,527.0,0.2,1.9,2.0,7.4,2.5,9.9,1.5,2.0,3.5,1.7,"$4,444,746",2
129,Fred VanVleet,25.0,14.0,4.0,37.8,6.0,14.9,40.3,2.6,6.8,38.2,3.9,4.4,87.5,0.2,3.7,3.9,7.3,2.7,2.2,37.8,3.0,0.0,5.4,3.7,12.7,2.0,31.0,0.1,2.9,14.1,10.9,9.2,32.8,0.16699999999999998,22.1,19.4,21.9,23.6,24.4,28.2,26.1,3.4,11.0,38.3,22.4,24.4,13.8,25.5,21.3,54.1,45.9,36.6,1.2,42.3,17.1,17.1,35.4,27.9,72.1,70.2,29.8,46.3,53.7,3.2,1.5,3.2,6.6,14.1,10.9,9.2,32.8,1.2,4.1,639.0,2.0,0.0,2.0,-5.5,-0.6,-6.1,0.7,-0.1,0.5,1.1,"$9,000,000",2
130,Domantas Sabonis,23.0,11.0,6.0,34.4,7.2,14.0,51.3,0.3,1.2,25.0,3.8,4.8,80.2,3.7,9.3,13.0,3.6,2.7,3.5,40.5,14.0,0.0,4.6,9.3,37.6,0.7,13.6,0.5,16.4,10.4,7.3,8.2,31.9,0.132,23.1,23.6,21.9,4.5,6.8,35.1,36.7,49.6,40.4,21.3,26.9,32.7,23.8,36.3,23.6,91.6,8.4,74.5,10.2,4.8,4.8,13.4,64.3,59.0,41.0,100.0,0.0,60.7,39.3,2.5,3.1,0.9,11.9,10.4,7.3,8.2,31.9,1.0,5.1,510.0,0.7,0.7,1.4,2.7,3.5,6.2,1.1,1.2,2.3,1.3,"$3,529,555",2
131,Evan Fournier,27.0,7.0,11.0,30.5,6.3,13.5,46.5,2.4,5.8,41.0,3.5,4.1,85.1,0.1,2.9,3.0,3.4,2.1,2.1,28.8,0.0,0.0,2.2,2.9,13.1,1.1,19.4,0.2,4.1,8.1,6.6,6.4,28.0,0.11900000000000001,24.4,24.8,24.1,37.4,31.3,31.7,30.2,1.8,10.5,23.4,27.5,18.0,18.1,24.1,27.1,56.8,43.2,42.2,15.7,38.9,11.7,14.5,26.5,37.1,62.9,83.7,16.3,54.9,45.1,2.7,0.8,2.2,4.9,8.1,6.6,6.4,28.0,0.5,2.9,515.0,1.7,-0.3,1.4,8.9,-4.1,4.8,3.2,-1.1,2.1,1.3,"$17,000,000",2
132,Shai Gilgeous-Alexander,21.0,7.0,11.0,34.4,6.9,15.4,44.6,1.4,3.9,37.1,3.1,3.9,77.5,0.8,4.1,4.8,3.1,2.2,1.8,31.0,0.0,0.0,-1.5,4.1,16.7,0.9,16.7,0.6,16.7,11.5,9.7,8.9,36.4,0.078,24.6,24.3,25.8,19.0,19.1,21.7,22.3,15.1,16.4,19.2,22.5,41.3,13.3,21.4,23.3,74.8,25.2,59.6,9.1,23.7,11.2,20.4,50.5,33.7,66.3,73.1,26.9,41.9,58.1,3.7,0.7,2.1,9.2,11.5,9.7,8.9,36.4,1.4,3.5,586.0,-0.5,-1.0,-1.5,2.3,-5.0,-2.8,0.0,-1.8,-1.8,0.3,"$3,952,920",2
133,Danilo Gallinari,31.0,7.0,11.0,29.8,5.4,12.3,43.7,2.7,6.6,41.2,4.7,5.1,92.4,0.5,4.7,5.2,2.1,1.4,1.6,28.6,0.0,0.0,-0.2,4.7,23.2,0.7,14.3,0.1,4.4,10.2,7.9,7.8,32.0,0.049,23.1,22.1,23.6,39.2,36.0,35.0,31.4,10.2,20.7,15.1,17.2,23.1,12.7,29.7,26.3,46.4,53.6,29.3,14.6,44.8,5.2,10.7,14.6,52.1,47.9,77.6,22.4,64.9,35.1,1.9,1.3,0.9,2.7,10.2,7.9,7.8,32.0,0.7,4.4,509.0,3.0,0.2,3.2,6.2,-8.9,-2.7,3.8,-1.5,2.3,1.3,"$22,615,559",2
134,De'Aaron Fox,21.0,3.0,6.0,32.1,6.1,14.2,43.0,1.1,3.3,33.3,4.9,6.9,71.0,0.6,3.4,4.0,7.0,4.1,3.0,33.4,2.0,0.0,-4.9,3.4,16.8,0.8,14.9,0.6,17.9,13.3,9.0,8.1,37.3,0.022000000000000002,28.2,22.4,24.1,11.8,13.9,53.7,55.4,7.8,14.5,47.7,37.0,21.9,20.5,47.0,24.9,76.6,23.4,54.9,8.5,18.3,17.1,22.6,46.3,11.1,88.9,40.0,60.0,16.4,83.6,4.1,1.6,3.1,8.4,13.3,9.0,8.1,37.3,0.8,6.1,288.0,1.4,-4.8,-3.4,1.9,-8.5,-6.6,1.6,-5.8,-4.1,-0.2,"$6,392,760",2
135,Devonte' Graham,24.0,8.0,13.0,33.3,6.0,14.4,41.7,3.4,8.2,41.3,2.8,3.5,79.7,0.8,2.7,3.5,7.4,3.1,1.6,32.8,6.0,0.0,-1.9,2.7,13.0,0.6,11.7,0.2,9.3,12.2,9.2,7.8,36.1,0.049,24.1,21.7,24.1,37.2,31.9,24.6,22.6,11.7,12.7,45.0,30.4,24.5,13.0,25.7,24.0,43.0,57.0,28.8,4.2,55.8,12.3,22.3,24.6,30.9,69.1,49.3,50.7,41.3,58.7,4.0,0.8,2.2,4.5,12.2,9.2,7.8,36.1,0.6,3.9,632.0,3.7,-1.8,1.9,6.8,1.7,8.5,4.6,-1.3,3.3,2.0,"$1,416,852",2
136,Tobias Harris,27.0,14.0,6.0,34.2,7.2,14.5,49.3,1.3,4.2,30.1,2.5,3.3,76.9,0.7,6.4,7.1,3.2,2.1,3.0,34.8,3.0,0.0,5.2,6.4,24.2,1.1,16.8,0.8,20.3,11.6,6.7,7.7,31.7,0.159,22.1,24.8,24.1,18.0,20.7,20.1,20.0,10.9,21.6,16.9,17.7,33.3,18.8,14.2,23.4,71.4,28.6,65.4,12.7,20.8,10.0,18.0,52.6,50.0,50.0,96.0,4.0,58.0,42.0,3.3,1.7,1.8,9.5,11.6,6.7,7.7,31.7,1.0,2.3,612.0,0.7,1.6,2.3,2.2,4.0,6.2,1.0,2.1,3.1,1.8,"$31,034,483",2
137,Deandre Ayton,21.0,1.0,0.0,33.4,9.0,14.0,64.3,0.0,0.0,0.0,0.0,0.0,0.0,3.0,8.0,11.0,0.0,0.0,2.0,46.2,1.0,0.0,25.0,8.0,29.6,1.0,10.0,4.0,44.4,6.0,7.0,8.0,22.0,0.444,16.1,26.5,20.3,0.0,0.0,0.0,0.0,42.9,32.4,0.0,0.0,0.0,15.4,6.3,22.0,100.0,0.0,100.0,22.2,0.0,11.1,22.2,77.8,66.7,33.3,0.0,0.0,66.7,33.3,4.0,4.0,2.0,14.0,6.0,7.0,8.0,22.0,0.0,1.0,33.0,-0.7,13.9,13.2,-0.5,19.7,19.2,-0.8,15.7,15.0,0.3,"$9,562,920",2
138,T.J. Warren,26.0,12.0,7.0,33.5,7.4,14.7,50.2,1.2,3.0,38.6,2.1,2.5,81.3,0.7,2.7,3.4,1.1,1.4,2.5,26.8,0.0,0.0,4.5,2.7,10.9,1.2,26.1,0.3,7.7,11.6,7.7,7.9,32.8,0.149,21.9,25.2,23.9,20.0,18.3,18.1,18.7,11.3,11.0,6.4,14.7,20.8,18.8,18.8,23.8,79.6,20.4,69.2,20.5,19.4,22.0,22.3,48.7,59.3,40.7,90.9,9.1,64.3,35.7,4.0,2.6,3.9,8.7,11.6,7.7,7.9,32.8,0.6,2.6,569.0,-1.3,1.7,0.4,-2.6,2.8,0.2,-1.6,2.0,0.3,0.9,"$10,810,000",2
139,Collin Sexton,20.0,5.0,14.0,30.6,6.8,15.6,43.8,1.3,3.8,33.3,2.9,3.6,79.7,0.9,2.3,3.2,2.4,1.8,2.3,26.2,0.0,0.0,-4.7,2.3,10.4,0.8,20.0,0.1,3.0,11.5,8.9,9.3,35.5,0.021,25.8,27.1,27.9,18.8,20.5,26.2,25.6,13.7,11.2,18.8,19.6,38.8,20.6,30.4,26.1,75.8,24.2,62.5,10.6,21.2,18.6,12.1,51.9,24.5,75.5,83.3,16.7,35.4,64.6,2.2,1.6,3.3,9.3,11.5,8.9,9.3,35.5,1.7,4.2,549.0,0.6,-2.7,-2.1,3.7,-6.3,-2.6,1.3,-3.5,-2.2,0.2,"$4,764,960",2
140,Carmelo Anthony,35.0,3.0,3.0,30.6,7.0,15.2,46.2,1.7,4.5,37.0,2.0,2.5,80.0,1.0,5.0,6.0,2.2,2.2,3.5,28.5,1.0,0.0,6.2,5.0,20.3,0.7,23.5,0.2,3.8,8.2,8.3,9.8,32.3,0.095,25.9,24.7,26.5,19.2,22.3,20.7,21.1,19.4,20.1,14.3,29.5,42.9,25.3,26.4,23.6,70.3,29.7,60.4,26.4,28.3,5.7,10.4,34.0,34.4,65.6,100.0,0.0,50.0,50.0,1.8,2.0,1.0,6.0,8.2,8.3,9.8,32.3,1.0,3.2,146.0,-1.2,-4.9,-6.1,6.0,-1.0,5.0,0.0,-4.4,-4.3,-0.1,"$2,159,029",2
141,Khris Middleton,28.0,10.0,3.0,28.2,6.3,13.5,46.6,1.9,5.3,36.2,3.0,3.4,88.6,0.8,4.4,5.2,3.1,2.0,2.6,29.2,1.0,0.0,3.9,4.4,19.2,0.8,18.3,0.1,2.0,9.5,5.5,6.8,21.2,0.106,24.9,24.6,25.2,26.9,23.5,27.9,22.8,17.5,18.9,22.1,27.7,16.7,18.6,18.1,25.3,60.8,39.2,50.0,18.4,32.9,9.6,11.4,31.6,40.4,59.6,76.0,24.0,51.2,48.8,2.0,1.5,1.7,5.5,9.5,5.5,6.8,21.2,0.3,2.5,327.0,1.8,0.5,2.3,-0.8,3.2,2.4,1.4,1.0,2.3,0.8,"$30,603,448",2
142,Terry Rozier,25.0,8.0,13.0,32.3,6.1,14.3,42.9,2.6,6.4,40.3,2.7,3.1,86.2,0.8,3.2,4.0,4.1,2.7,2.2,30.0,1.0,0.0,-8.1,3.2,15.9,1.2,26.6,0.2,6.3,12.7,8.2,9.0,35.9,0.006999999999999999,24.1,24.2,24.5,28.9,27.2,28.1,24.5,11.3,14.7,26.0,26.1,15.6,17.3,22.3,25.3,55.5,44.5,40.8,7.6,44.0,14.1,19.6,33.2,22.7,77.3,83.3,16.7,48.1,51.9,3.4,1.4,2.5,5.8,12.7,8.2,9.0,35.9,0.5,2.9,613.0,-0.5,-0.6,-1.1,-4.6,-8.1,-12.7,-1.2,-2.0,-3.2,-0.1,"$19,894,737",2
143,Andre Drummond,26.0,6.0,13.0,34.5,7.4,13.5,54.5,0.0,0.5,0.0,2.7,4.3,64.2,4.6,12.5,17.1,3.2,3.9,4.2,48.6,16.0,0.0,-0.7,12.5,51.0,1.5,32.2,1.7,49.3,13.7,9.8,9.9,35.2,0.081,24.2,25.7,22.3,0.0,2.4,25.1,29.2,64.0,53.9,17.7,32.3,47.5,29.5,30.1,22.8,96.1,3.9,84.3,1.2,0.0,4.5,12.0,83.1,57.9,42.1,0.0,0.0,57.9,42.1,2.1,4.9,0.8,14.5,13.7,9.8,9.9,35.2,1.5,4.3,618.0,-2.3,3.0,0.7,-0.0,3.9,3.9,-2.0,3.4,1.4,1.3,"$27,093,019",2
144,Kevin Love,31.0,4.0,12.0,31.6,5.2,11.6,44.6,2.3,6.2,36.4,4.6,5.3,88.1,1.0,10.1,11.1,2.9,2.9,1.6,35.2,8.0,0.0,-3.9,10.1,45.1,0.7,13.8,0.4,20.0,11.1,8.6,11.0,34.8,0.07200000000000001,22.0,20.4,20.2,30.5,29.3,41.6,38.7,15.0,38.2,20.4,27.5,11.6,14.5,26.9,24.9,46.8,53.2,34.1,13.0,39.1,4.0,14.5,21.0,48.9,51.1,91.7,8.3,67.5,32.5,2.5,1.8,0.7,3.6,11.1,8.6,11.0,34.8,0.5,3.8,474.0,0.8,0.6,1.4,-2.7,2.9,0.2,0.3,1.1,1.4,1.0,"$28,900,000",2
145,Jeremy Lamb,27.0,7.0,3.0,33.0,6.5,13.4,48.5,1.2,4.0,30.0,2.9,3.4,85.3,0.6,5.0,5.6,2.9,1.5,2.3,31.8,1.0,0.0,5.5,5.0,21.4,1.0,21.3,0.7,16.3,11.5,5.9,8.1,34.4,0.113,21.2,21.5,22.7,19.4,23.8,23.4,22.4,11.1,19.4,17.3,14.6,19.0,15.9,18.8,21.6,70.1,29.9,62.0,24.6,21.1,8.8,18.1,37.4,34.0,66.0,83.3,16.7,43.1,56.9,3.1,1.4,1.5,6.4,11.5,5.9,8.1,34.4,0.4,2.8,256.0,2.2,2.6,4.8,4.6,-3.3,1.3,2.7,1.6,4.3,0.9,"$10,500,000",2
146,Eric Paschall,23.0,4.0,15.0,31.3,6.3,12.5,50.0,0.7,2.5,27.1,3.8,4.7,80.9,1.3,3.9,5.2,1.6,1.6,2.1,26.3,2.0,0.0,-6.1,3.9,18.5,0.4,7.4,0.4,12.7,11.5,9.1,9.9,34.2,0.015,21.3,24.8,21.8,11.4,14.1,27.0,28.0,21.9,19.3,9.8,18.0,28.6,17.0,26.3,24.1,79.8,20.2,65.6,11.8,12.1,7.1,14.6,53.9,58.5,41.5,100.0,0.0,63.0,37.0,2.5,1.9,1.2,9.2,11.5,9.1,9.9,34.2,1.1,3.5,566.0,-1.1,-4.9,-6.1,2.8,-6.8,-4.0,-0.4,-5.5,-5.9,-0.9,"$898,310",2
147,John Collins,22.0,2.0,3.0,32.2,6.4,12.2,52.5,1.8,3.8,47.4,2.4,3.4,70.6,2.0,6.8,8.8,1.6,1.4,3.4,37.6,1.0,0.0,-0.8,6.8,29.6,1.0,16.1,2.0,47.6,12.0,10.2,5.8,30.0,0.159,19.4,25.4,21.3,36.0,18.4,20.7,21.3,28.6,29.3,10.7,12.1,28.6,23.0,21.1,25.4,68.9,31.1,54.1,7.1,31.8,8.2,20.0,47.1,56.5,43.5,100.0,0.0,68.8,31.3,3.4,3.2,1.4,8.0,12.0,10.2,5.8,30.0,1.6,3.0,161.0,2.5,0.4,2.9,-5.8,11.4,5.6,1.1,2.5,3.6,0.5,"$2,686,560",2
148,Caris LeVert,25.0,4.0,5.0,31.6,6.6,15.6,42.1,1.4,4.0,36.1,2.2,3.4,64.5,1.1,3.9,5.0,4.0,3.4,2.2,27.7,0.0,0.0,0.8,3.9,15.6,0.7,14.0,0.1,3.6,10.9,7.8,8.7,32.9,0.077,25.2,23.6,25.4,16.0,17.6,18.2,20.8,13.9,15.2,25.0,33.0,23.7,16.9,23.0,21.9,74.3,25.7,60.9,2.6,25.8,19.9,17.2,58.3,37.0,63.0,92.3,7.7,49.2,50.8,2.9,2.6,3.3,9.8,10.9,7.8,8.7,32.9,1.0,3.6,284.0,-3.3,-0.7,-4.0,-0.2,-0.8,-1.0,-2.9,-0.7,-3.6,-0.1,"$2,625,718",2
149,Jabari Parker,24.0,4.0,16.0,28.0,6.9,13.5,50.9,1.1,4.0,27.8,2.0,2.7,72.2,2.0,4.6,6.6,2.1,1.9,3.4,31.8,2.0,0.0,-4.2,4.6,26.1,1.6,27.4,0.5,17.0,10.8,8.2,9.4,28.3,-0.006,23.9,27.4,25.7,17.1,21.5,18.3,19.4,35.7,28.4,13.5,20.4,27.4,24.4,17.4,25.0,70.6,29.4,68.7,4.8,19.7,14.3,22.4,63.9,61.7,38.3,95.5,4.5,67.2,32.8,3.8,2.8,2.4,10.7,10.8,8.2,9.4,28.3,1.2,2.3,508.0,2.4,-1.6,0.8,11.9,-4.9,7.0,4.3,-2.2,2.1,1.3,"$6,500,000",2
150,Julius Randle,25.0,4.0,15.0,32.7,6.3,14.0,44.7,1.0,3.7,27.1,3.2,5.1,63.5,2.4,6.6,9.1,3.6,3.4,3.0,32.5,8.0,0.0,-4.4,6.6,29.9,0.8,13.3,0.2,5.9,11.2,8.3,9.6,28.4,0.071,25.0,24.7,23.9,13.5,19.3,28.4,29.4,28.0,29.4,25.5,33.3,26.3,19.0,27.2,24.1,73.7,26.3,62.9,8.8,17.9,6.9,18.6,54.1,32.0,68.0,84.2,15.8,40.3,59.7,3.1,3.2,1.2,9.1,11.2,8.3,9.6,28.4,0.8,3.8,587.0,-2.2,-0.4,-2.5,-0.7,0.4,-0.2,-1.9,-0.2,-2.1,0.2,"$18,000,000",2
151,Luke Kennard,23.0,6.0,13.0,33.9,5.6,12.9,43.7,2.6,6.7,39.1,2.8,3.2,88.5,0.2,3.3,3.5,4.4,1.4,2.3,28.2,0.0,0.0,-1.3,3.3,14.4,0.5,11.5,0.2,5.6,13.6,10.1,9.9,36.2,0.055,19.9,20.3,22.1,32.1,30.9,24.2,20.7,3.2,11.9,25.5,11.5,14.5,17.2,15.8,22.2,47.8,52.2,35.8,11.9,47.2,10.4,11.0,23.9,47.4,52.6,78.0,22.0,61.7,38.3,1.8,1.8,1.7,4.0,13.6,10.1,9.9,36.2,0.4,2.3,611.0,3.0,-3.2,-0.2,4.3,-4.3,0.0,3.4,-3.5,-0.1,0.8,"$3,827,160",2
152,Harrison Barnes,27.0,8.0,10.0,35.1,5.7,11.4,50.0,1.6,4.0,38.9,3.7,4.7,79.8,1.1,3.9,5.0,2.1,1.4,1.3,28.1,0.0,0.0,0.4,3.9,16.4,1.0,18.8,0.2,6.5,12.2,8.4,8.1,35.8,0.10300000000000001,18.1,19.9,18.3,16.5,15.9,31.5,30.9,16.0,16.3,12.3,11.8,22.7,8.4,28.2,21.2,65.0,35.0,49.8,4.0,27.9,6.3,16.6,45.8,45.3,54.7,85.7,14.3,56.3,43.7,2.8,2.1,1.1,7.7,12.2,8.4,8.1,35.8,0.8,4.0,586.0,1.7,-0.2,1.5,3.6,0.9,4.5,2.2,-0.0,2.1,1.5,"$24,147,727",2
153,Derrick Rose,31.0,4.0,10.0,23.7,6.5,12.9,50.3,0.9,2.2,38.7,2.9,3.3,87.0,0.4,1.4,1.9,5.3,2.8,1.3,27.7,1.0,0.0,2.6,1.4,8.4,0.8,22.0,0.4,15.8,9.7,5.9,6.7,25.1,0.067,30.2,31.4,30.3,12.8,13.7,32.0,28.4,9.4,8.6,41.3,35.5,43.8,13.1,23.5,29.3,82.9,17.1,67.5,15.4,15.4,9.8,10.3,52.1,22.8,77.2,66.7,33.3,28.6,71.4,1.7,1.1,1.6,8.7,9.7,5.9,6.7,25.1,1.0,2.3,309.0,2.6,-3.3,-0.7,5.2,1.9,7.1,3.2,-2.5,0.7,0.6,"$7,317,073",2
154,Kendrick Nunn,24.0,13.0,5.0,29.3,6.5,13.8,47.2,2.3,5.7,39.8,1.1,1.4,76.9,0.2,2.2,2.4,3.2,2.2,2.9,26.7,0.0,0.0,2.9,2.2,10.0,1.3,21.3,0.3,8.9,13.0,8.1,7.9,25.6,0.134,23.7,27.2,27.4,32.8,31.9,10.2,10.2,3.9,8.7,20.8,19.1,29.5,21.9,11.6,25.0,58.5,41.5,51.5,8.8,41.7,15.6,17.3,42.7,38.2,61.8,73.2,26.8,50.4,49.6,2.8,1.3,2.6,7.0,13.0,8.1,7.9,25.6,0.7,1.6,499.0,0.4,1.1,1.5,-1.9,3.7,1.8,-0.0,1.6,1.5,1.1,"$1,416,852",2
155,Josh Richardson,26.0,10.0,6.0,32.0,5.8,12.8,45.6,2.0,5.2,38.6,2.5,3.1,80.0,0.6,2.8,3.4,3.6,2.3,2.9,28.6,0.0,0.0,6.8,2.8,11.6,1.1,19.1,0.6,16.7,10.4,6.8,8.3,29.1,0.171,21.2,20.5,21.9,26.4,25.9,24.4,22.2,9.2,11.1,20.6,20.8,30.2,19.3,24.8,21.7,59.3,40.7,47.3,17.1,37.2,6.2,24.4,30.2,47.5,52.5,71.9,28.1,55.9,44.1,3.9,1.3,1.0,4.9,10.4,6.8,8.3,29.1,0.8,3.7,512.0,1.6,1.7,3.3,5.3,3.1,8.4,2.4,2.0,4.4,1.9,"$10,100,000",2
156,Eric Bledsoe,29.0,17.0,3.0,27.4,6.0,12.8,46.5,1.2,3.9,30.8,2.7,3.4,77.9,1.0,4.1,5.0,5.7,2.3,2.6,31.7,0.0,0.0,6.8,4.1,16.8,0.8,18.4,0.4,9.8,8.6,5.7,6.8,23.3,0.138,24.1,23.5,24.4,16.7,17.8,23.5,21.8,18.4,17.1,39.3,28.1,37.0,22.7,20.9,22.8,69.5,30.5,60.3,3.8,22.9,20.0,17.1,56.5,29.5,70.5,58.3,41.7,35.3,64.7,2.7,0.9,3.2,8.9,8.6,5.7,6.8,23.3,0.9,2.9,501.0,2.9,-0.4,2.5,0.0,-0.9,-0.9,2.4,-0.6,1.8,1.2,"$15,625,000",2
157,Chris Paul,34.0,7.0,11.0,30.4,4.9,10.9,44.7,1.7,4.4,37.5,4.2,4.8,88.4,0.3,3.9,4.2,5.6,2.0,2.4,32.5,0.0,0.0,0.7,3.9,19.0,1.8,33.0,0.0,0.0,10.4,7.6,7.3,29.9,0.086,21.4,20.0,20.6,23.4,22.3,30.5,28.5,5.3,16.2,39.9,23.2,10.4,19.3,24.2,22.5,59.4,40.6,41.1,16.3,31.9,7.4,13.1,24.8,15.5,84.5,40.0,60.0,23.9,76.1,2.1,1.1,1.2,3.9,10.4,7.6,7.3,29.9,0.3,3.7,518.0,4.4,-2.0,2.4,1.1,-5.2,-4.1,4.1,-2.8,1.3,1.1,"$38,506,482",2
158,Will Barton,28.0,12.0,3.0,32.8,5.8,12.7,45.5,1.9,4.5,42.6,1.9,2.5,73.7,1.9,5.4,7.3,3.5,1.5,2.1,32.3,4.0,0.0,9.7,5.4,21.1,1.0,17.2,0.5,14.9,8.3,7.1,7.5,30.4,0.204,19.8,20.5,20.7,26.4,22.0,18.4,19.6,24.2,21.9,19.8,17.0,19.1,15.9,17.7,20.8,64.4,35.6,50.2,4.3,37.7,15.2,18.6,45.9,39.7,60.3,69.0,31.0,49.4,50.6,2.9,2.2,2.3,7.1,8.3,7.1,7.5,30.4,0.6,2.5,451.0,3.8,3.9,7.7,5.1,10.3,15.4,4.3,5.2,9.5,2.8,"$12,960,000",2
159,RJ Barrett,19.0,4.0,14.0,33.0,5.8,14.1,41.5,1.1,3.3,33.9,2.6,5.0,51.1,1.2,4.2,5.4,3.5,2.7,2.7,29.7,1.0,0.0,-5.7,4.2,19.1,1.4,22.1,0.4,14.9,11.6,9.0,10.1,28.3,0.07,23.9,22.8,23.4,16.5,17.9,21.4,27.4,13.3,17.4,25.2,26.2,31.0,16.3,26.1,21.9,76.7,23.3,61.6,7.2,21.7,14.9,20.7,54.3,37.6,62.4,95.0,5.0,48.6,51.4,3.2,1.3,2.3,8.3,11.6,9.0,10.1,28.3,1.0,3.9,565.0,-1.4,0.7,-0.8,-4.6,-2.1,-6.7,-2.0,0.2,-1.8,0.3,"$7,839,960",2
160,Tyler Herro,19.0,12.0,5.0,29.7,5.4,11.8,45.5,2.2,5.5,40.9,2.1,2.6,81.8,0.4,3.9,4.2,2.2,2.3,1.5,23.8,0.0,0.0,4.2,3.9,17.3,0.8,14.8,0.1,4.4,13.3,7.8,8.0,29.4,0.125,20.9,21.7,23.3,28.1,27.4,16.7,15.3,6.6,15.2,14.2,18.4,17.2,11.1,15.8,21.5,53.5,46.5,41.4,22.7,44.5,8.2,19.5,18.8,43.4,56.6,86.8,13.2,61.5,38.5,2.9,1.9,1.2,2.8,13.3,7.8,8.0,29.4,0.3,2.2,478.0,-0.2,-1.6,-1.8,0.3,1.0,1.3,-0.1,-1.3,-1.3,0.3,"$3,640,200",2
161,Alec Burks,28.0,3.0,14.0,28.5,4.9,12.0,40.7,1.5,4.1,35.7,3.8,4.2,88.9,0.5,3.9,4.5,2.7,1.4,2.3,26.8,1.0,0.0,-6.0,3.9,19.8,0.9,19.0,0.4,10.7,11.2,8.3,7.2,28.6,0.055999999999999994,22.0,22.1,23.3,29.4,26.3,33.0,31.0,9.6,17.6,19.8,15.6,22.8,20.4,25.5,24.7,65.7,34.3,45.5,9.4,29.4,15.3,18.8,36.1,50.0,50.0,76.0,24.0,57.8,42.2,2.8,1.0,2.3,5.4,11.2,8.3,7.2,28.6,0.8,3.3,454.0,1.8,-3.4,-1.6,-4.5,4.3,-0.2,0.8,-2.1,-1.3,0.3,"$2,320,044",2
162,Hassan Whiteside,30.0,8.0,9.0,27.6,6.0,10.3,58.3,0.0,0.0,0.0,2.8,3.6,75.8,3.6,8.8,12.4,0.9,2.0,2.9,36.8,11.0,0.0,2.0,8.8,42.1,0.4,13.7,2.2,58.7,8.1,8.5,7.8,25.5,0.059000000000000004,20.7,24.8,19.5,0.0,0.0,24.7,28.3,56.4,45.5,8.0,25.0,18.0,25.8,30.9,22.4,100.0,0.0,81.3,9.6,0.0,2.4,14.3,71.7,64.7,35.3,0.0,0.0,64.7,35.3,2.1,4.1,0.4,10.6,8.1,8.5,7.8,25.5,0.6,3.5,439.0,0.0,2.5,2.5,0.9,-2.9,-2.0,0.2,1.6,1.8,1.0,"$27,093,018",2
163,Aron Baynes,32.0,7.0,6.0,24.0,5.5,9.7,56.3,1.9,4.4,43.9,1.8,2.6,70.6,1.5,4.2,5.7,2.9,1.1,3.9,27.8,1.0,0.0,3.4,4.2,23.7,0.3,11.4,0.7,42.9,8.5,7.4,6.8,24.3,0.069,20.1,25.0,21.9,29.4,25.1,19.2,21.8,37.3,26.1,19.1,14.7,25.9,28.5,27.5,24.6,54.8,45.2,48.2,1.0,39.3,2.1,9.9,47.1,78.3,21.7,100.0,0.0,85.9,14.1,1.5,1.5,0.3,6.9,8.5,7.4,6.8,24.3,0.5,3.8,288.0,6.0,0.8,6.7,8.5,2.3,10.8,6.7,1.1,7.8,1.6,"$5,453,280",2
164,Clint Capela,25.0,9.0,6.0,31.9,6.7,10.5,63.7,0.0,0.0,0.0,1.3,2.9,44.2,3.7,10.9,14.7,1.0,1.5,2.9,40.8,11.0,0.0,1.0,10.9,42.8,0.9,14.6,2.0,54.5,13.9,9.3,12.8,34.5,0.107,16.3,24.8,17.5,0.0,0.0,9.7,16.2,48.7,44.2,6.5,13.1,41.2,19.7,18.3,19.1,100.0,0.0,91.3,0.9,0.0,15.5,14.2,90.4,85.0,15.0,0.0,0.0,85.0,15.0,2.1,3.2,2.3,13.2,13.9,9.3,12.8,34.5,1.4,2.6,478.0,-1.3,5.4,4.1,-2.7,-0.2,-2.9,-1.7,4.7,3.0,1.4,"$16,456,522",2
165,Al Horford,33.0,12.0,6.0,31.2,5.9,12.2,48.2,1.4,4.0,34.7,1.2,1.8,66.7,1.8,5.2,7.0,4.1,1.2,2.2,33.7,2.0,0.0,4.8,5.2,20.9,1.1,18.6,0.9,24.3,9.8,6.8,7.6,28.6,0.146,19.2,21.5,21.7,18.5,20.7,12.3,13.9,30.0,22.7,22.1,11.1,15.7,14.8,13.9,20.0,67.3,32.7,62.5,20.1,29.0,5.0,14.7,42.5,59.3,40.7,96.0,4.0,67.9,32.1,2.1,1.6,0.7,6.1,9.8,6.8,7.6,28.6,0.4,1.8,530.0,1.0,1.8,2.8,2.6,3.5,6.1,1.3,2.1,3.5,1.7,"$28,000,000",2
166,Thomas Bryant,22.0,6.0,11.0,28.2,5.8,10.2,56.6,0.6,2.0,29.4,2.1,2.8,76.6,2.2,6.3,8.5,2.6,1.4,2.4,31.7,5.0,0.0,-5.2,6.3,34.5,0.5,11.9,1.1,47.4,9.7,7.8,10.2,33.5,-0.024,18.4,21.8,18.5,8.6,10.8,25.2,26.1,39.6,35.7,15.5,16.4,10.4,20.0,22.1,20.9,80.3,19.7,72.7,14.0,12.4,9.5,8.7,58.7,78.4,21.6,90.0,10.0,79.6,20.4,1.2,2.9,1.4,8.4,9.7,7.8,10.2,33.5,0.4,2.5,458.0,-1.2,0.4,-0.7,-1.7,-7.8,-9.5,-1.4,-1.0,-2.3,0.1,"$7,936,508",2
168,Tristan Thompson,28.0,5.0,13.0,31.5,5.9,11.5,51.7,0.2,0.4,42.9,2.1,3.3,61.7,4.1,6.3,10.4,2.3,1.6,2.5,34.7,11.0,0.0,-2.4,6.3,27.0,0.8,20.5,1.2,61.1,12.0,8.4,9.3,35.4,0.077,19.6,23.5,20.2,2.5,2.1,18.2,23.5,58.3,34.2,18.0,15.1,30.5,22.3,23.5,20.6,96.6,3.4,81.9,3.9,3.5,5.5,10.2,78.0,61.5,38.5,33.3,66.7,60.7,39.3,1.4,3.1,0.8,11.0,12.0,8.4,9.3,35.4,1.4,3.2,536.0,-0.8,3.8,3.0,2.9,0.6,3.5,-0.1,3.5,3.4,1.6,"$18,539,130",2
169,Joe Harris,28.0,10.0,9.0,31.9,5.3,11.2,47.6,2.7,6.3,43.3,0.7,0.9,72.2,0.9,3.1,3.9,1.8,1.4,2.7,23.8,0.0,0.0,0.1,3.1,12.8,0.8,15.8,0.4,11.4,10.3,7.8,8.2,33.6,0.069,16.4,19.4,18.6,30.6,25.9,5.8,5.9,13.5,12.9,11.4,13.8,18.8,18.5,7.9,18.6,43.4,56.6,36.7,1.5,58.4,15.0,13.9,35.2,65.3,34.7,100.0,0.0,83.2,16.8,1.9,1.8,2.1,4.9,10.3,7.8,8.2,33.6,0.6,1.2,572.0,0.1,-1.6,-1.6,-1.4,-6.2,-7.6,-0.2,-2.6,-2.8,-0.0,"$7,670,000",2
170,Serge Ibaka,30.0,6.0,2.0,22.9,5.5,10.5,52.4,0.6,2.0,31.3,2.4,2.9,82.6,0.9,5.6,6.5,0.8,2.1,2.4,26.4,0.0,0.0,-1.1,5.6,30.4,0.6,16.7,1.3,45.5,6.9,7.5,5.4,20.3,0.099,25.5,30.1,25.2,11.4,12.2,26.8,27.7,23.3,29.2,6.7,27.9,11.8,20.4,20.3,27.5,81.0,19.0,69.6,17.9,13.4,9.8,20.5,51.8,82.1,17.9,100.0,0.0,84.1,15.9,2.9,2.0,1.4,7.3,6.9,7.5,5.4,20.3,0.3,1.9,183.0,-2.7,3.2,0.5,-6.4,-0.1,-6.4,-3.6,2.7,-0.9,0.2,"$23,271,604",2
171,Mike Conley,32.0,12.0,7.0,30.5,4.6,12.7,36.1,1.8,5.2,35.4,2.9,3.7,78.9,0.7,2.8,3.6,4.6,2.1,2.2,25.7,0.0,0.0,3.0,2.8,12.5,0.7,19.2,0.1,4.1,10.5,9.1,8.0,28.0,0.11800000000000001,23.0,19.0,23.9,23.0,26.0,22.0,22.0,13.9,12.7,33.5,21.9,13.6,16.6,24.4,20.0,58.9,41.1,39.2,6.8,39.6,9.1,16.2,32.5,21.2,78.8,54.3,45.7,34.5,65.5,2.3,0.6,1.3,4.5,10.5,9.1,8.0,28.0,0.4,3.7,548.0,-0.5,0.3,-0.2,3.0,-2.2,0.8,0.1,-0.2,-0.1,0.7,"$32,511,623",2
172,Bam Adebayo,22.0,13.0,5.0,31.9,5.0,8.5,58.8,0.1,0.3,16.7,3.7,5.7,65.0,2.2,8.1,10.3,4.4,2.7,2.5,38.3,10.0,0.0,3.9,8.1,34.4,1.6,23.5,1.2,38.6,13.7,8.8,7.4,29.4,0.146,18.7,19.6,16.0,0.7,1.7,27.1,31.6,43.0,35.9,25.8,22.6,15.6,18.7,31.4,19.1,96.1,3.9,71.8,4.0,1.2,5.2,14.9,67.7,75.3,24.7,100.0,0.0,75.6,24.4,2.1,2.6,0.7,9.3,13.7,8.8,7.4,29.4,0.4,5.1,551.0,-0.4,4.2,3.8,-1.7,2.2,0.5,-0.7,4.0,3.3,1.7,"$3,454,080",2
173,Ricky Rubio,29.0,6.0,7.0,30.6,4.5,11.2,40.7,1.3,3.5,37.8,3.2,3.8,83.7,0.5,4.5,5.1,7.8,2.0,3.0,32.9,6.0,0.0,5.0,4.5,20.8,1.2,25.9,0.0,0.0,10.3,8.2,6.8,31.4,0.102,19.7,16.5,19.4,16.7,16.1,25.5,24.5,9.2,18.3,41.8,20.3,34.2,18.5,24.1,18.0,69.0,31.0,47.7,9.1,29.0,10.8,9.7,38.6,28.6,71.4,88.2,11.8,45.8,54.2,1.3,1.0,1.5,5.2,10.3,8.2,6.8,31.4,1.0,4.1,364.0,1.4,1.7,3.1,3.0,3.0,6.0,1.7,2.0,3.8,1.2,"$16,190,476",2
174,Paul Millsap,34.0,13.0,4.0,26.1,4.5,9.2,48.4,1.2,2.4,48.8,3.4,3.8,87.7,2.1,3.8,5.8,1.2,1.1,2.8,26.4,2.0,0.0,8.4,3.8,19.5,0.9,18.6,0.8,37.1,6.9,5.4,6.8,22.9,0.162,19.2,19.7,18.8,20.8,14.9,38.3,35.1,31.0,22.4,9.2,15.3,34.0,26.5,27.5,22.6,73.9,26.1,48.9,7.9,26.2,11.4,13.1,41.0,58.9,41.1,100.0,0.0,69.7,30.3,1.8,2.1,1.5,5.5,6.9,5.4,6.8,22.9,1.0,3.1,423.0,2.2,2.9,5.1,0.7,6.6,7.2,2.1,3.6,5.7,1.8,"$30,500,000",2
175,Rudy Gobert,27.0,11.0,6.0,34.6,4.9,7.6,64.3,0.0,0.0,0.0,3.6,5.6,64.2,3.2,10.7,13.9,1.1,2.2,3.3,38.5,11.0,0.0,4.6,10.7,39.2,0.9,19.8,2.1,67.3,11.9,9.1,9.1,32.1,0.16699999999999998,15.1,17.7,12.6,0.0,0.0,24.7,29.9,56.7,42.2,7.4,20.5,20.3,22.9,33.8,17.1,100.0,0.0,73.1,0.0,0.0,3.5,16.7,73.1,69.9,30.1,0.0,0.0,69.9,30.1,2.2,3.5,0.5,9.8,11.9,9.1,9.1,32.1,0.8,5.9,553.0,-1.8,7.5,5.7,-0.6,5.3,4.6,-1.7,7.4,5.7,2.4,"$25,008,427",2
176,Lauri Markkanen,22.0,6.0,14.0,29.4,4.0,11.5,34.9,1.6,5.5,28.2,3.7,4.6,81.3,1.0,6.0,7.0,1.8,1.9,1.9,26.5,2.0,0.0,-3.3,6.0,28.8,0.9,15.2,0.5,19.6,11.7,8.1,9.2,32.4,0.08900000000000001,21.5,17.3,21.2,21.5,25.7,32.2,29.4,16.0,25.9,12.7,18.8,26.0,13.9,26.4,20.4,52.0,48.0,37.0,2.3,35.1,10.6,15.8,34.7,55.1,44.9,100.0,0.0,72.5,27.5,2.1,1.5,1.4,4.6,11.7,8.1,9.2,32.4,1.0,3.5,556.0,-2.8,-2.7,-5.4,-6.5,2.1,-4.4,-3.5,-1.9,-5.5,-0.8,"$5,300,400",2
177,Jonathan Isaac,22.0,5.0,11.0,30.5,5.0,10.8,46.5,1.3,3.9,33.9,1.7,2.1,81.8,1.9,5.4,7.3,1.5,1.4,2.4,35.0,3.0,0.0,0.8,5.4,24.9,1.4,26.4,2.7,60.6,9.1,7.9,6.8,27.6,0.132,18.6,20.5,19.6,23.1,21.5,16.3,16.0,30.0,26.0,10.5,17.4,11.4,20.4,16.8,20.0,64.0,36.0,56.7,12.5,30.3,17.3,26.0,44.2,59.3,40.7,90.5,9.5,67.5,32.5,3.4,2.1,2.3,5.8,9.1,7.9,6.8,27.6,0.3,2.0,458.0,1.3,5.3,6.6,2.4,3.8,6.1,1.6,5.3,6.9,2.3,"$5,806,440",2
178,Miles Bridges,21.0,8.0,13.0,31.5,5.1,11.3,45.4,1.6,4.5,34.7,1.1,1.4,80.0,1.4,4.1,5.5,2.0,1.6,2.0,24.9,1.0,0.0,-10.0,4.1,20.2,0.5,12.8,0.8,28.6,13.3,9.2,9.2,37.4,-0.016,18.3,20.3,19.9,18.9,20.1,12.7,12.0,19.3,20.0,13.2,14.3,22.2,14.7,11.9,19.1,60.1,39.9,54.9,1.5,36.3,13.6,11.4,53.5,46.7,53.3,93.9,6.1,61.1,38.9,1.5,1.8,1.8,7.0,13.3,9.2,9.2,37.4,0.7,1.4,600.0,-1.7,-2.2,-3.8,-0.5,-7.8,-8.3,-1.5,-3.2,-4.8,-0.6,"$3,755,400",2
179,Coby White,19.0,6.0,14.0,25.4,4.7,12.8,36.7,2.0,6.2,32.5,1.6,2.0,79.5,0.3,3.3,3.5,2.1,1.5,1.4,21.4,0.0,0.0,-3.2,3.3,18.6,0.9,14.3,0.0,0.0,8.1,6.1,7.7,24.5,0.091,23.8,23.4,25.8,31.5,31.2,18.2,16.9,4.2,15.0,17.7,19.6,25.9,11.7,14.3,23.5,52.0,48.0,41.7,9.3,46.3,17.8,25.5,32.4,40.7,59.3,77.5,22.5,56.4,43.6,3.3,1.3,2.3,4.2,8.1,6.1,7.7,24.5,1.1,1.6,487.0,-2.2,-0.7,-2.9,-4.8,2.1,-2.7,-2.7,-0.2,-2.9,-0.0,"$5,307,120",2
180,Ben Simmons,23.0,13.0,5.0,34.3,5.3,10.2,52.2,0.1,0.2,33.3,2.2,3.6,61.5,1.5,5.4,6.9,8.4,3.8,3.3,38.8,9.0,1.0,3.9,5.4,20.5,2.3,35.6,0.6,13.2,12.0,7.9,8.8,32.3,0.13699999999999998,19.0,18.0,16.4,0.7,0.8,18.0,21.7,20.8,20.6,43.5,32.7,16.0,19.5,26.1,16.3,98.4,1.6,81.5,1.7,1.3,29.2,21.0,79.8,51.6,48.4,100.0,0.0,52.1,47.9,2.7,1.4,3.8,10.3,12.0,7.9,8.8,32.3,0.4,4.2,542.0,-1.6,2.8,1.2,2.0,0.0,2.0,-1.0,2.4,1.4,1.2,"$8,113,930",2
182,Aaron Gordon,24.0,6.0,9.0,30.5,4.6,11.3,40.6,1.1,3.8,28.1,2.5,3.4,72.5,1.6,4.7,6.3,2.8,1.3,2.4,27.1,2.0,0.0,-0.3,4.7,20.4,0.7,14.9,0.5,12.9,8.7,7.3,7.6,27.3,0.125,19.6,18.8,20.0,17.0,18.6,23.7,25.8,23.3,21.1,18.8,15.8,23.8,19.9,26.6,19.4,66.5,33.5,55.5,9.4,25.1,17.3,22.0,46.1,52.8,47.2,75.0,25.0,58.0,42.0,2.8,1.8,2.2,5.9,8.7,7.3,7.6,27.3,0.7,3.1,426.0,-1.5,-1.0,-2.5,-0.4,-0.2,-0.6,-1.3,-1.0,-2.3,0.1,"$19,863,636",2
185,Marcus Smart,25.0,13.0,5.0,32.6,4.3,11.2,38.8,2.3,6.8,33.6,1.6,1.8,87.9,0.9,2.6,3.4,4.9,1.1,2.3,28.8,0.0,0.0,3.8,2.6,10.5,1.4,24.1,0.5,13.2,8.8,9.1,7.2,26.7,0.142,16.4,16.1,17.9,29.1,28.4,12.3,11.4,11.7,10.7,31.4,13.1,7.5,16.5,19.4,16.8,39.3,60.7,32.7,6.2,54.4,12.8,14.6,26.5,29.7,70.3,78.0,22.0,55.1,44.9,1.8,1.4,1.6,3.3,8.8,9.1,7.2,26.7,0.3,3.0,555.0,2.4,2.9,5.3,-2.2,3.2,1.0,1.6,3.1,4.7,2.1,"$12,553,471",2
186,Brandon Clarke,23.0,5.0,12.0,21.8,5.4,8.4,64.3,0.6,1.2,47.6,1.1,1.4,82.6,1.4,4.8,6.2,1.3,1.1,1.7,25.4,1.0,0.0,-4.4,4.8,30.0,0.5,17.0,1.0,37.8,10.3,7.2,8.9,23.1,0.033,18.8,27.9,20.1,12.5,9.1,18.3,16.3,31.2,30.3,9.7,15.7,12.2,16.6,13.2,25.2,85.3,14.7,77.0,4.7,14.1,11.7,13.6,72.3,79.3,20.7,100.0,0.0,81.5,18.5,1.7,1.5,1.5,9.1,10.3,7.2,8.9,23.1,0.3,1.1,352.0,0.7,-1.0,-0.2,-0.1,-3.7,-3.8,0.7,-1.5,-0.8,0.3,"$2,478,840",2
187,Justise Winslow,23.0,4.0,3.0,34.5,5.0,12.6,39.8,0.4,2.1,20.0,2.0,3.0,66.7,1.6,5.6,7.1,4.6,2.7,3.6,29.4,1.0,0.0,7.4,5.6,21.3,1.0,14.9,0.4,11.5,14.0,7.4,9.9,30.9,0.20600000000000002,19.2,16.8,20.4,4.8,9.9,13.9,14.5,22.0,21.5,26.7,19.2,10.0,18.7,13.7,15.0,83.0,17.0,73.6,6.9,10.3,11.5,23.0,66.7,53.1,46.9,66.7,33.3,54.3,45.7,2.9,0.9,1.4,8.3,14.0,7.4,9.9,30.9,0.3,2.4,215.0,-2.5,1.2,-1.3,0.1,7.5,7.6,-2.1,2.4,0.3,0.3,"$13,000,000",2
189,Jeff Teague,31.0,8.0,6.0,29.1,3.9,9.4,41.2,0.6,2.6,25.0,4.0,4.8,83.6,0.5,2.1,2.6,7.6,2.1,2.2,28.9,3.0,0.0,0.1,2.1,9.3,1.0,21.5,0.4,8.9,9.1,8.6,7.7,32.7,0.054000000000000006,18.9,15.1,17.1,7.7,10.9,33.5,30.2,10.0,9.4,51.0,25.0,23.4,16.5,24.3,17.3,72.5,27.5,52.0,4.6,15.6,5.8,13.3,47.4,15.6,84.4,44.4,55.6,20.4,79.6,1.6,0.6,0.7,5.9,9.1,8.6,7.7,32.7,0.8,3.3,408.0,1.8,-4.9,-3.1,2.1,-2.5,-0.4,2.0,-4.8,-2.8,-0.0,"$19,000,000",2
190,Rui Hachimura,21.0,6.0,11.0,26.8,5.4,11.2,47.6,0.4,1.8,20.0,1.3,1.5,84.6,1.6,3.8,5.4,1.5,0.9,2.1,23.0,1.0,0.0,-6.1,3.8,22.6,0.8,21.3,0.2,8.3,10.2,8.4,9.9,32.2,-0.042,19.8,21.3,21.9,5.5,10.6,16.2,15.3,29.7,24.3,9.4,10.5,42.6,17.2,11.9,19.1,84.3,15.7,81.0,21.0,8.6,12.9,17.6,60.0,64.7,35.3,100.0,0.0,67.0,33.0,2.2,1.8,1.6,7.4,10.2,8.4,9.9,32.2,1.5,1.2,429.0,-1.4,-4.8,-6.2,0.3,-9.4,-9.0,-1.2,-5.8,-7.1,-0.9,"$4,469,160",2
192,Josh Hart,24.0,2.0,10.0,27.8,3.9,8.9,43.9,2.2,5.8,37.1,2.1,2.7,78.1,1.3,4.9,6.3,1.4,1.5,2.8,25.0,2.0,0.0,-3.5,4.9,23.7,1.3,23.4,0.3,16.0,12.9,7.3,9.8,28.7,0.073,16.3,16.8,16.5,27.1,24.2,23.1,20.8,18.0,22.2,10.4,14.5,14.7,19.6,17.0,19.0,34.6,65.4,29.0,0.0,53.8,23.4,18.6,29.0,33.3,66.7,96.2,3.8,68.1,31.9,2.3,1.7,2.8,3.5,12.9,7.3,9.8,28.7,0.4,2.1,303.0,0.7,-0.2,0.5,-8.0,4.0,-4.0,-0.9,0.6,-0.3,0.4,"$1,934,160",2
193,Robert Covington,28.0,10.0,7.0,27.1,4.1,9.2,44.2,1.9,5.5,34.4,2.1,2.4,87.5,0.8,4.8,5.5,1.2,1.6,2.8,26.1,2.0,0.0,0.5,4.8,23.2,1.4,28.9,1.0,23.0,8.8,8.1,7.6,29.4,0.055,17.4,17.0,17.6,27.1,25.1,17.2,15.5,12.4,20.7,8.6,20.1,7.4,22.3,18.6,18.1,40.4,59.6,36.1,2.0,46.8,18.0,13.2,34.1,59.5,40.5,87.5,12.5,72.5,27.5,1.6,0.8,2.2,4.1,8.8,8.1,7.6,29.4,0.2,2.4,460.0,-0.2,1.9,1.7,4.4,-5.5,-1.2,0.7,0.6,1.3,1.0,"$11,301,219",2
195,Jarrett Allen,21.0,10.0,9.0,26.6,4.7,6.9,67.4,0.0,0.1,0.0,2.6,4.5,57.0,3.4,6.9,10.4,1.1,1.2,2.5,30.8,9.0,0.0,2.3,6.9,34.7,0.7,17.3,1.3,45.5,8.1,6.9,6.7,25.6,0.075,15.5,20.2,13.7,0.0,0.2,28.2,36.3,54.6,39.5,8.3,15.3,22.9,20.8,35.6,18.9,99.2,0.8,78.4,0.0,0.0,6.6,15.9,78.4,78.7,21.3,0.0,0.0,78.7,21.3,1.9,3.2,0.8,9.4,8.1,6.9,6.7,25.6,0.6,3.9,479.0,-0.5,4.1,3.6,4.9,3.5,8.4,0.5,4.3,4.7,1.8,"$2,376,840",2
196,De'Andre Hunter,21.0,4.0,16.0,31.6,4.3,10.8,39.4,1.7,4.7,36.6,1.7,2.2,77.3,0.5,3.6,4.1,1.8,1.9,2.7,20.1,1.0,0.0,-3.6,3.6,17.3,0.6,10.8,0.3,8.5,11.4,9.8,9.9,32.4,0.026000000000000002,17.7,15.9,18.6,23.1,21.1,14.0,13.9,7.8,15.0,11.6,17.3,25.5,18.2,13.6,16.3,56.9,43.1,42.9,8.4,42.9,10.5,8.8,34.5,54.9,45.1,94.1,5.9,70.6,29.4,1.1,1.2,1.3,4.1,11.4,9.8,9.9,32.4,1.3,2.0,563.0,-2.6,-2.7,-5.4,6.3,-1.4,4.9,-1.1,-2.6,-3.7,-0.3,"$7,068,360",2
199,Myles Turner,23.0,6.0,5.0,31.1,4.4,9.7,44.9,1.7,4.1,42.2,1.3,1.9,66.7,1.5,4.5,6.0,1.0,1.7,2.5,27.7,2.0,0.0,2.3,4.5,21.6,0.5,11.3,2.5,61.4,9.7,8.5,6.5,30.9,0.10400000000000001,17.1,16.2,17.3,26.4,25.3,13.9,16.9,26.7,22.7,6.4,18.8,11.8,21.9,21.7,16.8,57.9,42.1,45.0,7.8,44.2,3.9,19.4,37.2,69.0,31.0,100.0,0.0,81.3,18.8,2.3,2.0,0.5,4.4,9.7,8.5,6.5,30.9,0.4,2.8,274.0,-2.5,-2.0,-4.5,1.1,-7.2,-6.1,-1.9,-3.2,-5.1,-0.3,"$18,000,000",2
204,OG Anunoby,22.0,13.0,4.0,30.1,4.5,8.5,52.8,1.8,3.8,47.7,0.5,1.1,50.0,1.0,4.6,5.6,1.6,1.2,2.4,25.3,1.0,0.0,6.2,4.6,20.1,1.1,21.1,0.9,41.7,10.1,8.4,6.7,26.1,0.14300000000000002,14.5,17.7,15.6,18.8,16.0,5.1,8.3,21.8,20.3,10.3,13.7,27.3,20.9,11.1,16.0,54.9,45.1,46.9,2.1,48.4,15.6,23.4,44.8,68.9,31.1,100.0,0.0,81.6,18.4,2.6,0.9,1.8,5.1,10.1,8.4,6.7,26.1,1.1,1.3,476.0,0.1,4.1,4.1,3.8,1.0,4.8,0.7,3.7,4.4,1.7,"$2,281,800",2
206,Cody Zeller,27.0,6.0,12.0,24.3,4.4,8.5,51.6,0.7,1.8,36.4,1.7,2.7,64.6,3.1,4.9,7.9,1.2,1.4,2.4,23.6,4.0,0.0,-7.1,4.9,32.6,0.5,15.8,0.3,20.0,9.8,7.6,6.0,27.8,0.0,19.2,22.8,19.4,9.7,10.1,25.2,30.6,54.5,38.5,10.9,15.9,27.9,28.4,30.3,21.4,78.4,21.6,66.7,1.0,17.9,7.0,11.9,65.7,59.7,40.3,91.7,8.3,64.6,35.4,1.3,3.1,0.8,7.3,9.8,7.6,6.0,27.8,0.7,2.9,417.0,-0.8,-3.9,-4.7,-2.9,-8.0,-10.9,-1.1,-4.8,-5.9,-0.7,"$14,471,910",2
207,Gary Harris,25.0,13.0,4.0,32.3,4.2,10.1,41.3,1.5,4.2,34.7,1.3,1.7,75.9,0.5,2.8,3.3,1.8,0.9,2.2,21.7,0.0,0.0,5.9,2.8,11.5,1.3,23.2,0.4,11.3,9.3,6.8,9.0,29.9,0.16,15.6,15.4,16.8,21.4,20.7,11.9,12.4,6.8,10.3,10.7,11.0,21.4,16.9,9.5,15.4,58.1,41.9,48.7,8.5,39.7,19.6,23.3,40.2,76.1,23.9,84.0,16.0,78.9,21.1,2.6,0.4,2.2,4.5,9.3,6.8,9.0,29.9,0.7,1.4,511.0,-2.9,2.7,-0.2,0.9,3.1,4.0,-2.3,2.9,0.6,0.9,"$17,839,286",2
208,Lonzo Ball,22.0,2.0,9.0,27.0,4.2,10.8,38.7,2.2,6.4,34.3,0.5,0.9,60.0,0.9,3.2,4.1,5.7,2.4,1.8,26.6,1.0,0.0,-5.1,3.2,16.2,1.3,28.6,0.2,6.5,13.2,8.5,10.1,32.0,0.006,19.8,16.8,20.0,25.3,27.3,7.2,8.6,15.4,16.0,34.1,23.6,23.3,14.2,11.7,16.9,41.2,58.8,36.1,4.9,59.0,20.5,21.3,31.1,54.5,45.5,79.2,20.8,67.4,32.6,2.4,1.2,2.3,3.5,13.2,8.5,10.1,32.0,0.6,1.3,298.0,0.0,-1.4,-1.4,0.5,-4.1,-3.7,0.1,-1.9,-1.8,0.1,"$8,719,320",2
209,Richaun Holmes,26.0,8.0,10.0,27.4,4.7,7.3,64.9,0.0,0.0,0.0,1.6,2.1,76.3,2.4,5.8,8.2,0.9,1.1,4.1,28.0,6.0,0.0,1.6,5.8,31.0,0.8,17.5,1.5,52.9,9.2,7.4,5.7,28.0,0.09300000000000001,14.7,21.0,14.9,0.0,0.0,17.9,18.5,45.8,34.3,6.3,12.3,20.5,35.6,20.9,18.0,100.0,0.0,85.4,3.0,0.0,6.0,18.1,82.4,80.0,20.0,0.0,0.0,80.0,20.0,2.0,2.6,0.7,9.1,9.2,7.4,5.7,28.0,0.5,2.2,457.0,-0.8,0.2,-0.5,3.4,2.3,5.8,-0.0,0.6,0.6,0.8,"$4,767,000",2
211,Jae Crowder,29.0,5.0,13.0,30.9,3.7,8.8,41.8,2.3,6.4,35.7,1.3,1.9,68.6,0.7,5.2,5.9,2.8,1.5,2.1,24.5,2.0,0.0,-5.7,5.2,23.4,0.9,17.4,0.4,12.7,12.4,9.0,10.2,31.4,0.042,14.8,13.8,15.0,31.3,31.3,14.8,16.4,10.9,20.5,16.7,14.2,6.8,15.1,18.5,15.8,27.2,72.8,25.4,6.1,62.4,18.3,13.2,19.3,68.0,32.0,80.5,19.5,75.8,24.2,1.4,1.1,2.0,2.1,12.4,9.0,10.2,31.4,0.3,2.3,526.0,0.5,-0.0,0.5,-0.9,-1.0,-1.9,0.3,-0.2,0.2,0.8,"$7,815,533",2
212,Eric Gordon,30.0,6.0,3.0,29.4,3.8,12.2,30.9,2.3,8.2,28.4,1.0,1.6,64.3,0.3,1.6,1.9,0.8,1.3,2.3,15.3,0.0,0.0,-4.2,1.6,7.4,0.6,13.2,0.2,6.7,12.0,9.6,10.4,34.0,0.027999999999999997,18.6,15.8,21.7,27.6,27.8,6.0,7.1,5.7,7.0,6.1,14.6,35.7,16.7,10.7,15.0,32.7,67.3,26.5,0.0,64.3,13.3,19.4,26.5,38.5,61.5,95.2,4.8,73.5,26.5,2.1,0.7,1.4,2.9,12.0,9.6,10.4,34.0,1.1,1.8,265.0,-6.7,-5.7,-12.4,-3.7,-8.1,-11.8,-6.5,-6.5,-13.0,-1.4,"$14,057,730",2
214,Brook Lopez,31.0,16.0,3.0,27.0,3.6,8.8,41.1,1.5,5.1,28.9,1.9,2.1,92.5,0.6,4.4,4.9,1.6,1.1,2.3,27.4,2.0,0.0,8.3,4.4,18.3,0.7,16.3,2.4,56.8,9.5,5.5,6.7,22.2,0.128,16.4,14.4,17.4,18.7,22.7,17.3,13.7,13.4,17.6,10.7,13.0,9.1,20.2,13.5,15.4,42.3,57.7,40.4,4.9,41.4,3.0,7.9,35.5,70.7,29.3,100.0,0.0,82.6,17.4,0.8,0.5,0.3,3.8,9.5,5.5,6.7,22.2,0.2,1.8,487.0,-1.6,3.6,2.0,5.4,0.9,6.3,-0.4,3.2,2.8,1.4,"$12,093,024",2
220,Nemanja Bjelica,31.0,8.0,10.0,26.0,3.9,8.4,46.4,1.7,4.0,41.7,0.7,0.7,92.3,1.9,4.7,6.7,2.5,1.7,2.9,24.2,3.0,0.0,-3.7,4.7,28.2,0.9,21.1,0.4,17.4,9.6,7.4,6.0,26.3,0.040999999999999995,16.9,18.6,17.6,24.4,20.5,9.8,8.6,29.9,28.7,19.8,18.9,14.9,25.4,9.6,18.3,52.3,47.7,44.0,4.4,49.5,14.3,12.1,39.6,55.0,45.0,90.0,10.0,70.0,30.0,1.2,2.1,1.4,4.0,9.6,7.4,6.0,26.3,0.4,0.9,443.0,2.3,0.3,2.6,-2.1,-2.2,-4.3,1.7,-0.1,1.5,1.0,"$6,825,000",2
222,Dejounte Murray,23.0,5.0,12.0,22.4,3.9,8.5,46.5,0.2,1.3,18.2,1.8,2.3,76.9,1.2,5.1,6.3,4.1,2.3,2.3,26.4,3.0,0.0,-5.2,5.1,30.4,1.4,49.0,0.3,10.6,6.3,5.9,6.1,21.4,0.017,21.7,20.4,19.9,6.2,11.3,25.0,25.5,22.6,28.5,37.0,37.9,29.5,24.7,26.2,20.0,84.7,15.3,75.0,10.7,7.1,26.2,16.1,64.3,36.5,63.5,100.0,0.0,40.3,59.7,1.6,0.9,2.6,6.4,6.3,5.9,6.1,21.4,0.8,2.3,360.0,-0.9,0.1,-0.8,-0.0,-2.2,-2.2,-0.8,-0.2,-1.0,0.3,"$2,321,735",2
225,Cedi Osman,24.0,5.0,14.0,30.1,3.6,8.5,42.0,1.6,4.4,36.9,0.9,1.4,69.2,0.5,3.3,3.8,2.2,1.3,2.4,20.0,0.0,0.0,-1.8,3.3,14.9,1.1,25.3,0.2,13.8,11.2,8.2,8.2,34.2,0.062,14.5,14.5,15.5,24.6,23.7,8.5,9.5,6.9,13.0,16.6,12.7,15.8,21.2,12.3,14.5,48.1,51.9,40.0,2.2,50.3,17.3,15.1,37.8,51.4,48.6,93.5,6.5,70.6,29.4,1.5,0.6,1.7,3.7,11.2,8.2,8.2,34.2,0.6,1.6,534.0,-1.2,0.1,-1.1,4.2,3.6,7.9,-0.2,0.8,0.6,0.9,"$2,907,143",2
226,P.J. Tucker,34.0,13.0,6.0,34.7,3.5,6.6,53.6,1.9,4.1,46.2,0.8,0.9,83.3,1.5,4.6,6.1,1.4,0.9,3.2,23.9,1.0,0.0,3.7,4.6,18.0,1.4,22.1,0.5,14.5,14.0,8.8,12.9,35.3,0.09300000000000001,9.2,12.1,10.2,17.1,13.0,4.6,4.3,18.7,18.1,9.1,8.7,3.4,19.4,9.4,11.3,37.6,62.4,33.5,3.2,58.4,9.2,13.5,30.3,77.4,22.6,100.0,0.0,89.6,10.4,1.3,1.2,0.9,2.9,14.0,8.8,12.9,35.3,0.1,1.6,630.0,0.0,2.5,2.5,-1.3,1.3,0.0,-0.3,2.4,2.1,1.5,"$8,349,039",2
235,Steven Adams,26.0,6.0,9.0,26.1,4.2,7.4,56.8,0.0,0.0,0.0,0.9,2.3,40.0,2.7,6.2,8.9,2.9,1.4,1.8,27.0,3.0,0.0,0.8,6.2,32.9,0.5,13.0,0.9,41.9,9.1,5.5,6.1,26.1,0.065,15.8,19.2,16.3,0.0,0.0,8.8,17.1,53.2,37.2,23.2,17.9,24.2,17.6,22.2,15.5,100.0,0.0,90.0,0.0,0.0,5.7,14.3,90.0,69.8,30.2,0.0,0.0,69.8,30.2,1.3,1.9,0.5,8.4,9.1,5.5,6.1,26.1,0.5,2.8,368.0,-1.2,-4.0,-5.1,3.1,0.1,3.2,-0.4,-3.4,-3.8,-0.2,"$25,842,697",2
253,Josh Okogie,21.0,10.0,6.0,24.4,2.8,6.2,44.4,0.6,2.4,26.3,2.6,3.4,74.5,1.5,3.8,5.3,1.9,1.5,2.2,21.0,0.0,0.0,1.4,3.8,21.0,1.1,22.5,0.4,12.0,8.9,7.9,7.0,22.1,0.13,14.7,14.2,13.3,9.6,11.5,24.8,24.3,23.8,21.7,17.2,17.1,27.3,20.7,21.3,15.7,61.6,38.4,48.9,1.4,21.6,12.2,17.3,47.5,47.1,52.9,100.0,0.0,59.1,40.9,1.5,1.3,1.1,4.1,8.9,7.9,7.0,22.1,0.8,2.7,391.0,-1.7,2.0,0.3,-5.7,7.3,1.7,-2.5,3.1,0.6,0.7,"$2,530,680",2
261,Derrick Favors,28.0,2.0,7.0,21.0,4.0,6.4,62.1,0.1,0.2,50.0,0.2,0.7,33.3,3.4,5.4,8.9,2.1,1.6,2.3,23.6,3.0,0.0,-1.6,5.4,37.1,0.6,13.9,0.4,23.5,9.6,7.0,9.1,24.4,0.018000000000000002,15.1,20.5,15.2,1.6,1.2,3.8,8.0,54.4,42.3,17.6,19.7,38.9,27.3,13.0,16.0,96.6,3.4,93.3,2.7,4.0,5.3,16.0,90.7,74.3,25.7,100.0,0.0,75.0,25.0,1.3,2.0,0.4,7.6,9.6,7.0,9.1,24.4,0.8,1.1,189.0,-0.0,-2.4,-2.4,2.6,-2.3,0.3,0.4,-2.4,-2.0,0.1,"$17,650,000",2
262,Draymond Green,29.0,3.0,9.0,28.3,3.1,7.9,38.9,0.8,2.8,27.3,1.4,1.9,73.9,0.5,6.3,6.8,5.5,2.0,2.4,28.2,3.0,1.0,-8.3,6.3,29.3,1.3,33.3,0.6,24.1,11.2,8.2,7.7,27.8,0.01,15.8,13.6,15.2,13.8,16.1,13.1,14.0,8.6,24.8,34.2,22.6,11.8,19.1,20.9,13.5,65.3,34.7,56.0,6.0,27.0,10.0,11.0,50.0,78.6,21.4,100.0,0.0,83.8,16.2,0.9,0.3,0.8,4.2,11.2,8.2,7.7,27.8,0.3,2.4,320.0,-2.2,-1.0,-3.3,-0.9,-0.5,-1.5,-2.1,-0.9,-3.0,-0.0,"$18,539,130",2
268,Elfrid Payton,25.0,1.0,3.0,25.4,2.8,7.3,37.9,1.3,2.0,62.5,1.3,1.5,83.3,0.8,2.3,3.0,3.8,1.8,2.0,23.0,0.0,0.0,0.8,2.3,12.7,2.5,37.0,0.0,0.0,11.8,6.8,12.0,20.0,0.067,15.0,12.0,15.1,25.0,17.8,12.2,10.2,8.8,11.4,35.7,17.5,14.3,14.5,7.5,13.1,72.4,27.6,37.5,6.3,46.9,12.5,40.6,31.3,16.7,83.3,80.0,20.0,45.5,54.5,3.3,0.8,1.0,2.5,11.8,6.8,12.0,20.0,0.5,1.0,102.0,-1.6,0.3,-1.3,6.0,4.3,10.3,-0.3,1.1,0.9,0.2,"$8,000,000",2
271,DeAndre' Bembry,25.0,4.0,16.0,25.9,3.3,6.4,51.6,0.4,1.4,28.6,0.9,1.9,48.6,1.0,3.6,4.6,2.9,1.7,2.3,21.7,2.0,0.0,-7.8,3.6,20.2,1.5,30.6,0.4,16.3,11.9,8.0,7.4,24.1,0.043,13.9,16.0,13.7,8.4,8.5,9.1,13.8,18.2,19.7,22.7,16.0,13.6,17.8,15.4,14.1,78.1,21.9,73.4,0.0,15.2,20.3,24.7,73.4,60.3,39.7,100.0,0.0,65.2,34.8,2.0,1.0,1.6,5.8,11.9,8.0,7.4,24.1,0.6,1.7,454.0,-0.9,0.4,-0.5,-8.2,3.1,-5.1,-2.3,1.0,-1.3,0.3,"$2,603,982",2
282,DeAndre Jordan,31.0,8.0,8.0,21.4,3.1,4.7,66.7,0.0,0.0,0.0,1.3,2.1,63.6,2.3,7.0,9.3,2.0,1.0,2.1,25.4,3.0,0.0,-3.9,7.0,43.4,0.4,15.2,1.1,56.3,9.9,5.9,5.8,20.8,0.049,12.5,18.2,12.1,0.0,0.0,15.9,18.6,54.5,45.7,20.1,12.3,13.5,20.7,25.4,15.9,100.0,0.0,82.6,0.0,0.0,0.0,14.9,82.6,80.0,20.0,0.0,0.0,80.0,20.0,1.1,2.4,0.0,6.3,9.9,5.9,5.8,20.8,0.3,2.7,319.0,-0.1,0.3,0.2,-5.1,-1.6,-6.6,-1.0,0.0,-1.0,0.3,"$9,881,598",2
286,Patrick Beverley,31.0,13.0,5.0,30.1,2.8,7.6,36.5,1.2,4.5,27.2,0.7,1.2,61.9,1.3,5.0,6.3,3.3,1.6,3.8,24.7,2.0,0.0,3.8,5.0,22.3,1.4,25.5,0.7,20.3,10.3,6.3,8.3,25.2,0.145,13.1,11.2,13.6,16.8,21.0,6.0,7.7,16.8,20.8,23.2,15.6,6.7,26.1,14.5,10.9,40.9,59.1,41.5,1.5,48.9,7.4,18.5,40.0,35.7,64.3,100.0,0.0,64.0,36.0,1.4,0.6,0.6,3.0,10.3,6.3,8.3,25.2,0.2,2.2,507.0,-2.1,3.7,1.5,-0.3,4.7,4.4,-1.9,4.0,2.1,1.2,"$12,345,679",2
287,Bruce Brown,23.0,6.0,13.0,27.1,3.0,7.0,42.9,0.5,1.6,33.3,0.9,1.7,54.5,0.8,3.2,4.0,3.7,1.9,2.9,20.6,0.0,0.0,-2.4,3.2,17.0,1.1,26.0,0.5,17.2,11.0,8.5,6.6,27.9,0.054000000000000006,15.6,13.7,14.8,8.3,9.5,10.5,14.7,15.5,16.7,26.4,21.6,28.8,25.9,13.6,12.7,77.4,22.6,66.2,1.4,21.1,17.6,17.6,64.8,34.0,66.0,100.0,0.0,45.6,54.4,1.3,0.4,1.3,4.8,11.0,8.5,6.6,27.9,0.8,1.5,489.0,-4.4,3.1,-1.3,-3.6,-1.7,-5.3,-4.5,2.4,-2.1,0.2,"$1,416,852",2
288,Willie Cauley-Stein,26.0,3.0,14.0,22.5,3.4,6.2,54.3,0.0,0.0,0.0,0.8,1.0,76.5,1.3,4.9,6.2,1.6,0.9,2.9,23.0,0.0,0.0,-5.9,4.9,31.6,1.1,27.7,1.1,46.3,8.1,7.7,5.0,21.5,0.027000000000000003,14.5,18.9,15.3,0.0,0.0,9.3,9.8,36.7,32.5,14.3,15.8,21.3,30.8,11.2,15.7,100.0,0.0,89.8,4.7,0.0,17.3,19.7,85.0,78.9,21.1,0.0,0.0,78.9,21.1,1.5,1.1,1.3,6.4,8.1,7.7,5.0,21.5,0.6,1.0,359.0,-4.7,3.4,-1.3,-2.0,0.3,-1.6,-4.4,3.1,-1.3,0.3,"$2,177,483",2
327,Marc Gasol,34.0,14.0,4.0,28.6,1.9,6.1,30.9,1.1,3.2,35.1,0.9,1.2,81.0,0.7,5.9,6.6,3.3,1.3,3.2,21.8,2.0,0.0,6.5,5.9,26.9,0.5,10.6,0.9,37.0,10.5,7.3,6.4,23.4,0.14300000000000002,12.0,7.9,12.0,12.1,14.5,9.9,9.9,16.5,25.2,21.5,14.8,7.0,27.3,17.4,8.8,48.2,51.8,26.7,0.0,57.1,5.7,17.1,26.7,78.6,21.4,100.0,0.0,91.2,8.8,1.0,0.3,0.3,1.6,10.5,7.3,6.4,23.4,0.3,2.1,483.0,-3.4,2.2,-1.2,3.0,1.6,4.6,-2.4,2.1,-0.2,0.6,"$25,595,700",2
