,Player,Age,W,L,MP,FGM,FGA,FG%,3PM,3PA,3P%,FTM,FTA,FT%,OREB,DREB,REB,AST,TOV,PF,FP,DD2,TD3,+/-,DEF_RTG,DREB%,T_DREB%,STL,T_STL%,BLK,T_BLK%,OP_TOV,OP_2NDPTS,OP_PAINT,DEF_WS,USG%,T_FGM%,T_FGA%,T_3PM%,T_3PA%,T_FTM%,T_FTA%,T_OREB%,T_REB%,T_AST%,T_TOV%,T_BLKA%,T_PF%,T_PFD%,T_PTS%,FGA_2P%,FGA_3P%,2PT%,2PT_MR%,3PT%,FBPTS%,OFFTOV%,PAINTPTS%,AST_2FGM%,UAST_2FGM%,AST_3FGM%,UAST_3FGM%,FGM_AST%,FGM_UAST%,PTS_TOV,2ND_CH_PTS,FB_PTS,PAINT_PTS,OPP_PTS_TOV,OPP_2ND_PTS,OPP_FBPTS,OPP_PAINT_PTS,BLKA,PFD,Minutes,BSR Off.,BSR Def.,BSR Total,OOR Off.,OOR Def.,OOR Total,OVR Off.,OVR Def.,OVR total,WAR,salary,off_kmean
0,Ante Zizic,22.0,0.0,5.0,13.3,2.0,3.6,55.6,0.0,0.0,0.0,0.8,1.0,80.0,1.0,2.0,3.0,0.0,0.2,1.6,9.4,0.0,0.0,-2.4,2.0,22.2,0.2,14.3,0.2,33.3,3.4,3.6,3.4,14.0,-0.016,13.2,17.9,15.4,0.0,0.0,14.3,12.5,45.5,26.8,0.0,5.3,25.0,29.6,23.3,15.2,100.0,0.0,83.3,0.0,0.0,8.3,16.7,83.3,80.0,20.0,0.0,0.0,80.0,20.0,0.8,1.0,0.4,4.0,3.4,3.6,3.4,14.0,0.4,1.4,64.0,-3.6,-1.4,-4.9,1.6,-8.0,-6.4,-2.7,-2.6,-5.3,-0.1,"$2,281,800 ",0
1,Boban Marjanovic,31.0,5.0,3.0,13.0,3.0,6.0,50.0,0.0,0.1,0.0,1.3,1.5,83.3,1.5,3.1,4.6,0.6,0.9,1.8,14.0,0.0,0.0,5.6,3.1,29.4,0.3,16.7,0.1,11.1,4.9,3.3,4.3,12.0,0.044,23.5,23.1,23.8,0.0,1.3,29.4,30.8,41.4,32.5,9.1,25.0,38.5,29.2,42.5,20.6,97.9,2.1,82.8,3.4,0.0,3.4,10.3,79.3,45.8,54.2,0.0,0.0,45.8,54.2,0.8,2.6,0.3,5.8,4.9,3.3,4.3,12.0,0.6,2.1,104.0,0.2,-2.1,-1.9,13.7,-1.2,12.5,2.6,-2.1,0.5,0.2,"$3,500,000 ",0
9,Chris Silva,23.0,13.0,4.0,10.5,1.6,2.4,67.5,0.0,0.1,0.0,1.1,1.5,69.2,1.9,2.4,4.4,0.7,1.4,2.9,12.3,0.0,0.0,1.8,2.4,30.8,0.2,12.9,0.8,70.0,5.9,3.3,3.4,8.0,0.055,16.8,17.4,12.8,0.0,1.5,31.6,33.8,64.7,40.2,12.8,27.0,36.4,48.5,36.8,17.0,95.0,5.0,75.0,5.6,0.0,0.0,15.3,69.4,63.0,37.0,0.0,0.0,63.0,37.0,0.6,1.5,0.0,2.9,5.9,3.3,3.4,8.0,0.2,1.5,161.0,-2.0,4.1,2.1,3.8,1.6,5.4,-1.1,3.6,2.5,0.4,0,0
13,DaQuan Jeffries,22.0,0.0,2.0,5.4,0.5,0.5,100.0,0.0,0.0,0.0,0.0,0.0,0.0,0.5,0.0,0.5,0.5,0.0,0.5,2.4,0.0,0.0,2.5,0.0,0.0,0.0,0.0,0.0,0.0,1.0,2.0,1.0,3.0,0.083,3.6,9.1,4.0,0.0,0.0,0.0,0.0,50.0,10.0,14.3,0.0,0.0,16.7,33.3,8.3,100.0,0.0,100.0,0.0,0.0,0.0,0.0,100.0,100.0,0.0,0.0,0.0,100.0,0.0,0.0,0.0,0.0,1.0,1.0,2.0,1.0,3.0,0.0,0.5,11.0,-0.6,10.8,10.2,-9.2,21.8,12.6,-2.2,13.5,11.3,0.1,0,0
20,Derrick Jones Jr.,22.0,3.0,1.0,14.4,3.0,5.0,60.0,0.3,1.0,25.0,0.8,0.8,100.0,0.8,1.3,2.0,0.5,0.5,2.8,11.9,0.0,0.0,2.8,1.3,10.2,0.8,42.9,0.0,0.0,6.8,4.0,5.5,15.5,0.056,15.5,22.2,18.3,5.6,9.3,10.7,8.6,42.9,14.3,5.9,9.5,25.0,31.4,18.5,18.2,80.0,20.0,78.6,0.0,10.7,7.1,21.4,78.6,81.8,18.2,100.0,0.0,83.3,16.7,1.5,1.0,0.5,5.5,6.8,4.0,5.5,15.5,0.3,1.3,57.0,-1.3,4.1,2.8,4.6,-2.3,2.3,-0.3,3.0,2.8,0.2,"$1,645,357 ",0
29,Harry Giles III,21.0,3.0,4.0,7.4,1.6,3.6,44.0,0.0,0.0,0.0,0.3,0.3,100.0,0.4,0.6,1.0,0.7,0.7,1.9,7.1,0.0,0.0,-3.7,0.6,14.8,0.3,20.0,0.4,42.9,2.0,1.3,1.9,6.9,0.008,27.0,29.7,28.1,0.0,0.0,16.7,11.8,37.5,20.0,21.7,29.4,20.0,39.4,23.8,25.3,100.0,0.0,91.7,33.3,0.0,8.3,25.0,58.3,81.8,18.2,0.0,0.0,81.8,18.2,0.9,0.3,0.3,2.0,2.0,1.3,1.9,6.9,0.1,0.7,52.0,-8.6,-3.4,-12.0,-13.0,-1.5,-14.5,-9.9,-3.2,-13.1,-0.3,"$2,578,800 ",0
32,Jakob Poeltl,24.0,7.0,13.0,17.5,2.4,4.2,57.1,0.0,0.0,0.0,0.8,1.4,57.1,2.2,3.6,5.8,1.4,1.0,1.8,18.7,1.0,0.0,2.4,3.6,28.3,0.5,21.3,1.2,50.0,4.5,4.2,4.6,15.9,0.055,13.4,14.3,12.2,0.0,0.0,14.2,19.6,50.0,33.9,14.2,20.2,28.9,26.7,23.3,13.1,100.0,0.0,85.7,1.8,0.0,11.6,12.5,83.9,75.0,25.0,0.0,0.0,75.0,25.0,0.7,1.7,0.7,4.7,4.5,4.2,4.6,15.9,0.6,1.7,334.0,0.2,4.5,4.8,7.5,1.7,9.2,1.6,4.4,6.0,1.5,"$3,754,886 ",0
33,Jalen McDaniels,21.0,0.0,1.0,2.7,1.0,2.0,50.0,0.0,0.0,0.0,0.0,0.0,0.0,1.0,0.0,1.0,0.0,0.0,0.0,3.2,0.0,0.0,0.0,0.0,0.0,0.0,0.0,0.0,0.0,0.0,2.0,0.0,4.0,0.015,28.6,50.0,33.3,0.0,0.0,0.0,0.0,50.0,33.3,0.0,0.0,0.0,0.0,0.0,33.3,100.0,0.0,100.0,0.0,0.0,0.0,0.0,100.0,0.0,100.0,0.0,0.0,0.0,100.0,0.0,2.0,0.0,2.0,0.0,2.0,0.0,4.0,0.0,0.0,3.0,12.7,-24.4,-11.7,4.5,-6.0,-1.6,12.0,-22.2,-10.2,0.0,0,0
36,Jaren Jackson Jr.,20.0,5.0,12.0,26.8,5.5,12.1,45.4,2.1,5.1,40.2,2.1,2.6,79.5,1.4,3.6,5.0,1.4,1.8,3.9,25.9,1.0,0.0,-7.5,3.6,18.8,0.5,11.9,1.1,40.0,11.8,8.6,9.4,27.3,0.004,23.1,23.8,23.8,29.4,26.9,28.7,27.3,24.7,20.1,9.1,19.1,33.3,28.8,30.2,25.1,57.6,42.4,45.3,2.3,41.0,8.2,7.8,43.0,69.0,31.0,88.6,11.4,76.3,23.7,1.2,2.3,1.2,6.5,11.8,8.6,9.4,27.3,1.2,3.2,425.0,-0.7,-1.4,-2.1,0.5,-10.2,-9.7,-0.5,-3.0,-3.5,-0.2,"$6,927,480 ",0
41,Jonas Valanciunas,27.0,5.0,13.0,24.6,5.7,10.3,55.4,0.6,1.7,33.3,1.6,1.8,84.8,2.6,7.2,9.8,1.9,2.2,2.6,29.5,11.0,0.0,-3.8,7.2,37.7,0.3,8.3,0.9,38.1,10.7,6.0,7.4,24.8,0.058,21.6,27.2,22.1,10.0,11.1,21.2,19.8,43.1,39.0,14.6,23.5,17.9,24.9,19.4,24.6,83.9,16.1,76.2,4.1,12.3,7.0,12.3,72.1,54.8,45.2,100.0,0.0,59.2,40.8,1.7,3.5,0.9,9.8,10.7,6.0,7.4,24.8,0.7,1.8,412.0,-1.3,1.0,-0.3,-1.5,0.8,-0.6,-1.4,1.1,-0.3,0.5,"$16,000,000 ",0
45,Josh Magette,30.0,0.0,2.0,3.8,1.0,2.5,40.0,0.0,0.0,0.0,0.0,0.0,0.0,0.5,0.5,1.0,1.0,0.0,0.0,7.7,0.0,0.0,0.0,0.5,33.3,1.0,66.7,0.0,0.0,1.0,2.5,1.0,4.0,-0.001,23.8,22.2,27.8,0.0,0.0,0.0,0.0,25.0,28.6,33.3,0.0,0.0,0.0,0.0,20.0,100.0,0.0,100.0,0.0,0.0,50.0,50.0,100.0,0.0,100.0,0.0,0.0,0.0,100.0,1.0,1.0,1.0,2.0,1.0,2.5,1.0,4.0,0.0,0.0,8.0,5.1,8.9,14.0,3.0,-18.8,-15.7,5.1,4.3,9.4,0.0,0,0
53,Kristaps Porzingis,24.0,11.0,6.0,31.4,6.2,15.5,39.8,2.2,6.2,34.9,2.8,3.9,70.1,1.6,7.8,9.4,1.5,1.7,2.8,37.5,7.0,0.0,3.2,7.8,32.0,0.6,13.2,2.2,62.7,10.2,9.4,10.9,28.4,0.085,24.8,23.8,26.7,25.2,24.1,20.3,22.0,23.5,30.1,10.0,19.2,23.7,22.0,20.5,23.3,59.8,40.2,46.3,13.6,37.8,7.5,8.2,32.7,69.1,30.9,97.3,2.7,79.0,21.0,1.4,2.7,1.3,5.6,10.2,9.4,10.9,28.4,0.5,3.0,499.0,-2.0,0.5,-1.4,-4.4,2.8,-1.6,-2.7,1.0,-1.7,0.3,"$27,285,000 ",0
55,Larry Nance Jr.,26.0,5.0,12.0,25.9,4.2,7.8,54.1,1.3,3.3,39.3,1.3,1.8,71.0,2.1,5.6,7.6,1.3,0.9,1.6,25.8,3.0,0.0,-6.6,5.6,31.5,1.1,24.4,0.4,23.3,8.5,8.3,6.5,26.7,0.023,15.4,21.2,16.4,21.2,17.4,13.5,14.6,36.5,32.7,11.7,12.0,4.6,15.6,16.8,19.9,57.9,42.1,53.2,3.2,35.1,5.3,14.4,50.0,62.0,38.0,95.5,4.5,72.2,27.8,1.6,2.3,0.6,5.5,8.5,8.3,6.5,26.7,0.2,1.9,414.0,0.9,-1.6,-0.7,-3.0,-5.0,-8.1,0.2,-2.3,-2.0,0.2,"$12,727,273 ",0
59,Marvin Bagley III,20.0,0.0,1.0,27.7,6.0,16.0,37.5,0.0,0.0,0.0,2.0,4.0,50.0,4.0,6.0,10.0,0.0,1.0,1.0,31.0,1.0,0.0,-21.0,6.0,24.0,1.0,50.0,1.0,33.3,17.0,10.0,22.0,48.0,-0.029,25.7,27.3,31.4,0.0,0.0,28.6,33.3,50.0,30.3,0.0,5.9,50.0,7.7,30.0,24.1,100.0,0.0,85.7,28.6,0.0,0.0,14.3,57.1,66.7,33.3,0.0,0.0,66.7,33.3,2.0,7.0,0.0,8.0,17.0,10.0,22.0,48.0,3.0,3.0,28.0,-7.0,0.7,-6.3,-12.0,-6.1,-18.1,-8.2,-0.5,-8.8,-0.1,"$8,556,120 ",0
62,Moses Brown,20.0,3.0,1.0,3.8,0.8,1.8,42.9,0.0,0.0,0.0,0.5,1.0,50.0,0.5,1.8,2.3,0.0,0.3,1.0,5.2,0.0,0.0,-3.5,1.8,53.8,0.3,33.3,0.0,0.0,0.5,1.3,1.3,4.0,-0.025,22.7,23.1,23.3,0.0,0.0,33.3,44.4,50.0,52.9,0.0,25.0,0.0,44.4,50.0,23.5,100.0,0.0,75.0,0.0,0.0,0.0,0.0,75.0,66.7,33.3,0.0,0.0,66.7,33.3,0.0,1.5,0.0,1.5,0.5,1.3,1.3,4.0,0.0,0.5,15.0,-1.9,-7.5,-9.4,-5.1,-19.2,-24.3,-2.7,-10.2,-12.8,-0.1,0,0
66,Nikola Vucevic,29.0,6.0,8.0,30.8,6.8,15.1,45.0,1.1,3.6,32.0,2.4,2.8,84.6,2.9,8.6,11.6,3.5,1.4,1.9,39.9,10.0,0.0,4.2,8.6,36.7,0.6,12.3,1.1,26.8,8.8,6.9,6.3,28.0,0.121,25.0,26.3,26.7,17.2,18.7,21.7,21.0,44.1,38.3,21.7,19.6,28.9,17.8,21.8,24.7,76.3,23.7,66.1,7.5,20.1,2.9,10.9,58.6,72.2,27.8,100.0,0.0,76.8,23.2,1.9,1.4,0.5,10.0,8.8,6.9,6.3,28.0,0.8,2.7,431.0,-0.5,2.1,1.6,5.6,-0.4,5.2,0.7,1.7,2.4,1.1,"$28,000,000 ",0
70,Robert Williams III,22.0,11.0,5.0,14.4,1.9,2.6,73.8,0.0,0.0,0.0,0.4,0.7,54.5,1.1,3.4,4.5,1.3,0.9,1.8,17.1,0.0,0.0,-0.3,3.4,36.0,1.0,29.1,1.1,56.3,5.2,5.1,3.5,12.6,0.025,11.2,15.6,10.0,0.0,0.0,6.6,9.7,36.0,36.0,19.4,22.2,0.0,24.6,12.1,12.5,100.0,0.0,91.2,5.9,0.0,5.9,14.7,85.3,74.2,25.8,0.0,0.0,74.2,25.8,0.6,1.1,0.3,3.6,5.2,5.1,3.5,12.6,0.0,0.8,213.0,-1.3,1.8,0.6,4.5,-8.0,-3.5,-0.3,0.0,-0.3,0.3,"$1,937,520 ",0
72,Skal Labissiere,23.0,8.0,12.0,16.7,2.8,4.9,56.7,0.1,0.4,28.6,0.8,1.1,68.2,2.1,3.0,5.1,1.2,1.2,2.8,16.9,1.0,0.0,-1.0,3.0,22.6,0.3,12.5,1.1,55.3,5.6,5.3,4.5,17.3,0.055,16.0,19.9,15.4,2.2,2.9,13.2,14.8,56.0,30.0,16.2,23.0,12.1,31.8,13.4,16.7,92.8,7.2,83.5,20.5,4.7,7.1,7.1,63.0,73.6,26.4,100.0,0.0,74.5,25.5,0.5,1.6,0.5,4.0,5.6,5.3,4.5,17.3,0.2,1.0,317.0,-0.7,0.9,0.3,-1.3,0.4,-0.8,-0.8,0.9,0.1,0.5,"$2,338,847 ",0
75,Tacko Fall,23.0,1.0,0.0,3.6,2.0,4.0,50.0,0.0,0.0,0.0,0.0,0.0,0.0,0.0,3.0,3.0,0.0,1.0,2.0,6.6,0.0,0.0,-2.0,3.0,60.0,0.0,0.0,0.0,0.0,3.0,0.0,0.0,0.0,0.036000000000000004,62.5,66.7,80.0,0.0,0.0,0.0,0.0,0.0,60.0,0.0,50.0,0.0,100.0,0.0,66.7,100.0,0.0,100.0,0.0,0.0,0.0,0.0,100.0,100.0,0.0,0.0,0.0,100.0,0.0,0.0,0.0,0.0,4.0,3.0,0.0,0.0,0.0,0.0,0.0,4.0,-31.0,-0.4,-31.4,-12.2,3.3,-8.9,-29.2,0.0,-29.2,-0.1,0,0
84,Wendell Carter Jr.,20.0,6.0,14.0,28.9,5.0,8.7,56.9,0.1,0.7,15.4,2.7,4.0,68.4,3.8,6.0,9.7,0.9,1.3,4.1,28.7,10.0,0.0,0.2,6.0,29.5,0.7,11.6,0.8,42.1,10.4,7.0,9.5,28.5,0.093,16.8,20.9,16.0,1.3,3.1,24.9,27.2,52.1,35.4,6.4,14.4,26.4,28.0,25.2,19.2,92.5,7.5,76.4,3.9,2.4,8.3,20.1,72.4,64.9,35.1,100.0,0.0,65.7,34.3,2.6,4.5,1.1,9.2,10.4,7.0,9.5,28.5,1.0,3.4,545.0,-1.3,-1.9,-3.2,7.4,0.7,8.1,0.3,-1.5,-1.2,0.4,"$5,201,400 ",0
87,Yuta Watanabe,25.0,0.0,1.0,2.9,2.0,2.0,100.0,0.0,0.0,0.0,0.0,0.0,0.0,0.0,1.0,1.0,0.0,0.0,1.0,5.2,0.0,0.0,5.0,1.0,50.0,0.0,0.0,0.0,0.0,2.0,0.0,2.0,2.0,0.076,22.2,40.0,25.0,0.0,0.0,0.0,0.0,0.0,50.0,0.0,0.0,0.0,100.0,0.0,40.0,100.0,0.0,100.0,50.0,0.0,0.0,50.0,50.0,0.0,100.0,0.0,0.0,0.0,100.0,2.0,0.0,0.0,2.0,2.0,0.0,2.0,2.0,0.0,0.0,3.0,15.0,4.0,19.0,7.7,35.6,43.3,14.5,10.2,24.7,0.0,0,0
123,LaMarcus Aldridge,34.0,7.0,13.0,32.8,7.7,14.8,51.7,0.6,1.6,35.5,3.0,3.6,83.3,2.1,4.7,6.7,2.5,1.7,2.2,36.3,2.0,0.0,-5.1,4.7,19.3,0.7,16.9,1.8,52.2,9.6,8.3,10.0,32.9,0.015,23.3,27.4,24.9,9.5,9.3,22.9,22.2,34.2,22.3,15.7,17.7,12.1,16.4,24.4,25.2,89.5,10.5,75.3,34.5,8.8,2.1,8.2,40.8,62.0,38.0,100.0,0.0,64.7,35.3,1.6,2.9,0.4,7.7,9.6,8.3,10.0,32.9,0.4,3.4,625.0,-1.2,0.9,-0.3,-4.3,-6.4,-10.7,-1.9,-0.3,-2.2,0.2,"$26,000,000",0
127,Montrezl Harrell,25.0,14.0,6.0,29.8,7.8,13.2,58.9,0.0,0.3,0.0,3.1,4.6,66.3,3.0,4.7,7.6,2.3,1.9,2.3,35.6,5.0,0.0,5.5,4.7,20.3,0.9,18.5,1.3,37.9,10.1,8.3,8.6,26.9,0.121,22.5,29.8,23.8,0.0,1.6,21.4,25.5,42.4,25.5,15.9,18.1,33.3,15.9,29.0,25.5,97.7,2.3,83.6,0.0,0.0,15.1,15.6,83.6,58.1,41.9,0.0,0.0,58.1,41.9,2.9,4.1,2.8,15.5,10.1,8.3,8.6,26.9,1.2,4.7,572.0,1.5,6.6,8.2,5.0,1.8,6.8,2.3,6.0,8.3,3.2,"$6,000,000",0
130,Domantas Sabonis,23.0,11.0,6.0,34.4,7.2,14.0,51.3,0.3,1.2,25.0,3.8,4.8,80.2,3.7,9.3,13.0,3.6,2.7,3.5,40.5,14.0,0.0,4.6,9.3,37.6,0.7,13.6,0.5,16.4,10.4,7.3,8.2,31.9,0.132,23.1,23.6,21.9,4.5,6.8,35.1,36.7,49.6,40.4,21.3,26.9,32.7,23.8,36.3,23.6,91.6,8.4,74.5,10.2,4.8,4.8,13.4,64.3,59.0,41.0,100.0,0.0,60.7,39.3,2.5,3.1,0.9,11.9,10.4,7.3,8.2,31.9,1.0,5.1,510.0,0.7,0.7,1.4,2.7,3.5,6.2,1.1,1.2,2.3,1.3,"$3,529,555",0
137,Deandre Ayton,21.0,1.0,0.0,33.4,9.0,14.0,64.3,0.0,0.0,0.0,0.0,0.0,0.0,3.0,8.0,11.0,0.0,0.0,2.0,46.2,1.0,0.0,25.0,8.0,29.6,1.0,10.0,4.0,44.4,6.0,7.0,8.0,22.0,0.444,16.1,26.5,20.3,0.0,0.0,0.0,0.0,42.9,32.4,0.0,0.0,0.0,15.4,6.3,22.0,100.0,0.0,100.0,22.2,0.0,11.1,22.2,77.8,66.7,33.3,0.0,0.0,66.7,33.3,4.0,4.0,2.0,14.0,6.0,7.0,8.0,22.0,0.0,1.0,33.0,-0.7,13.9,13.2,-0.5,19.7,19.2,-0.8,15.7,15.0,0.3,"$9,562,920",0
143,Andre Drummond,26.0,6.0,13.0,34.5,7.4,13.5,54.5,0.0,0.5,0.0,2.7,4.3,64.2,4.6,12.5,17.1,3.2,3.9,4.2,48.6,16.0,0.0,-0.7,12.5,51.0,1.5,32.2,1.7,49.3,13.7,9.8,9.9,35.2,0.081,24.2,25.7,22.3,0.0,2.4,25.1,29.2,64.0,53.9,17.7,32.3,47.5,29.5,30.1,22.8,96.1,3.9,84.3,1.2,0.0,4.5,12.0,83.1,57.9,42.1,0.0,0.0,57.9,42.1,2.1,4.9,0.8,14.5,13.7,9.8,9.9,35.2,1.5,4.3,618.0,-2.3,3.0,0.7,-0.0,3.9,3.9,-2.0,3.4,1.4,1.3,"$27,093,019",0
146,Eric Paschall,23.0,4.0,15.0,31.3,6.3,12.5,50.0,0.7,2.5,27.1,3.8,4.7,80.9,1.3,3.9,5.2,1.6,1.6,2.1,26.3,2.0,0.0,-6.1,3.9,18.5,0.4,7.4,0.4,12.7,11.5,9.1,9.9,34.2,0.015,21.3,24.8,21.8,11.4,14.1,27.0,28.0,21.9,19.3,9.8,18.0,28.6,17.0,26.3,24.1,79.8,20.2,65.6,11.8,12.1,7.1,14.6,53.9,58.5,41.5,100.0,0.0,63.0,37.0,2.5,1.9,1.2,9.2,11.5,9.1,9.9,34.2,1.1,3.5,566.0,-1.1,-4.9,-6.1,2.8,-6.8,-4.0,-0.4,-5.5,-5.9,-0.9,"$898,310",0
147,John Collins,22.0,2.0,3.0,32.2,6.4,12.2,52.5,1.8,3.8,47.4,2.4,3.4,70.6,2.0,6.8,8.8,1.6,1.4,3.4,37.6,1.0,0.0,-0.8,6.8,29.6,1.0,16.1,2.0,47.6,12.0,10.2,5.8,30.0,0.159,19.4,25.4,21.3,36.0,18.4,20.7,21.3,28.6,29.3,10.7,12.1,28.6,23.0,21.1,25.4,68.9,31.1,54.1,7.1,31.8,8.2,20.0,47.1,56.5,43.5,100.0,0.0,68.8,31.3,3.4,3.2,1.4,8.0,12.0,10.2,5.8,30.0,1.6,3.0,161.0,2.5,0.4,2.9,-5.8,11.4,5.6,1.1,2.5,3.6,0.5,"$2,686,560",0
152,Harrison Barnes,27.0,8.0,10.0,35.1,5.7,11.4,50.0,1.6,4.0,38.9,3.7,4.7,79.8,1.1,3.9,5.0,2.1,1.4,1.3,28.1,0.0,0.0,0.4,3.9,16.4,1.0,18.8,0.2,6.5,12.2,8.4,8.1,35.8,0.10300000000000001,18.1,19.9,18.3,16.5,15.9,31.5,30.9,16.0,16.3,12.3,11.8,22.7,8.4,28.2,21.2,65.0,35.0,49.8,4.0,27.9,6.3,16.6,45.8,45.3,54.7,85.7,14.3,56.3,43.7,2.8,2.1,1.1,7.7,12.2,8.4,8.1,35.8,0.8,4.0,586.0,1.7,-0.2,1.5,3.6,0.9,4.5,2.2,-0.0,2.1,1.5,"$24,147,727",0
162,Hassan Whiteside,30.0,8.0,9.0,27.6,6.0,10.3,58.3,0.0,0.0,0.0,2.8,3.6,75.8,3.6,8.8,12.4,0.9,2.0,2.9,36.8,11.0,0.0,2.0,8.8,42.1,0.4,13.7,2.2,58.7,8.1,8.5,7.8,25.5,0.059000000000000004,20.7,24.8,19.5,0.0,0.0,24.7,28.3,56.4,45.5,8.0,25.0,18.0,25.8,30.9,22.4,100.0,0.0,81.3,9.6,0.0,2.4,14.3,71.7,64.7,35.3,0.0,0.0,64.7,35.3,2.1,4.1,0.4,10.6,8.1,8.5,7.8,25.5,0.6,3.5,439.0,0.0,2.5,2.5,0.9,-2.9,-2.0,0.2,1.6,1.8,1.0,"$27,093,018",0
163,Aron Baynes,32.0,7.0,6.0,24.0,5.5,9.7,56.3,1.9,4.4,43.9,1.8,2.6,70.6,1.5,4.2,5.7,2.9,1.1,3.9,27.8,1.0,0.0,3.4,4.2,23.7,0.3,11.4,0.7,42.9,8.5,7.4,6.8,24.3,0.069,20.1,25.0,21.9,29.4,25.1,19.2,21.8,37.3,26.1,19.1,14.7,25.9,28.5,27.5,24.6,54.8,45.2,48.2,1.0,39.3,2.1,9.9,47.1,78.3,21.7,100.0,0.0,85.9,14.1,1.5,1.5,0.3,6.9,8.5,7.4,6.8,24.3,0.5,3.8,288.0,6.0,0.8,6.7,8.5,2.3,10.8,6.7,1.1,7.8,1.6,"$5,453,280",0
164,Clint Capela,25.0,9.0,6.0,31.9,6.7,10.5,63.7,0.0,0.0,0.0,1.3,2.9,44.2,3.7,10.9,14.7,1.0,1.5,2.9,40.8,11.0,0.0,1.0,10.9,42.8,0.9,14.6,2.0,54.5,13.9,9.3,12.8,34.5,0.107,16.3,24.8,17.5,0.0,0.0,9.7,16.2,48.7,44.2,6.5,13.1,41.2,19.7,18.3,19.1,100.0,0.0,91.3,0.9,0.0,15.5,14.2,90.4,85.0,15.0,0.0,0.0,85.0,15.0,2.1,3.2,2.3,13.2,13.9,9.3,12.8,34.5,1.4,2.6,478.0,-1.3,5.4,4.1,-2.7,-0.2,-2.9,-1.7,4.7,3.0,1.4,"$16,456,522",0
165,Al Horford,33.0,12.0,6.0,31.2,5.9,12.2,48.2,1.4,4.0,34.7,1.2,1.8,66.7,1.8,5.2,7.0,4.1,1.2,2.2,33.7,2.0,0.0,4.8,5.2,20.9,1.1,18.6,0.9,24.3,9.8,6.8,7.6,28.6,0.146,19.2,21.5,21.7,18.5,20.7,12.3,13.9,30.0,22.7,22.1,11.1,15.7,14.8,13.9,20.0,67.3,32.7,62.5,20.1,29.0,5.0,14.7,42.5,59.3,40.7,96.0,4.0,67.9,32.1,2.1,1.6,0.7,6.1,9.8,6.8,7.6,28.6,0.4,1.8,530.0,1.0,1.8,2.8,2.6,3.5,6.1,1.3,2.1,3.5,1.7,"$28,000,000",0
166,Thomas Bryant,22.0,6.0,11.0,28.2,5.8,10.2,56.6,0.6,2.0,29.4,2.1,2.8,76.6,2.2,6.3,8.5,2.6,1.4,2.4,31.7,5.0,0.0,-5.2,6.3,34.5,0.5,11.9,1.1,47.4,9.7,7.8,10.2,33.5,-0.024,18.4,21.8,18.5,8.6,10.8,25.2,26.1,39.6,35.7,15.5,16.4,10.4,20.0,22.1,20.9,80.3,19.7,72.7,14.0,12.4,9.5,8.7,58.7,78.4,21.6,90.0,10.0,79.6,20.4,1.2,2.9,1.4,8.4,9.7,7.8,10.2,33.5,0.4,2.5,458.0,-1.2,0.4,-0.7,-1.7,-7.8,-9.5,-1.4,-1.0,-2.3,0.1,"$7,936,508",0
168,Tristan Thompson,28.0,5.0,13.0,31.5,5.9,11.5,51.7,0.2,0.4,42.9,2.1,3.3,61.7,4.1,6.3,10.4,2.3,1.6,2.5,34.7,11.0,0.0,-2.4,6.3,27.0,0.8,20.5,1.2,61.1,12.0,8.4,9.3,35.4,0.077,19.6,23.5,20.2,2.5,2.1,18.2,23.5,58.3,34.2,18.0,15.1,30.5,22.3,23.5,20.6,96.6,3.4,81.9,3.9,3.5,5.5,10.2,78.0,61.5,38.5,33.3,66.7,60.7,39.3,1.4,3.1,0.8,11.0,12.0,8.4,9.3,35.4,1.4,3.2,536.0,-0.8,3.8,3.0,2.9,0.6,3.5,-0.1,3.5,3.4,1.6,"$18,539,130",0
170,Serge Ibaka,30.0,6.0,2.0,22.9,5.5,10.5,52.4,0.6,2.0,31.3,2.4,2.9,82.6,0.9,5.6,6.5,0.8,2.1,2.4,26.4,0.0,0.0,-1.1,5.6,30.4,0.6,16.7,1.3,45.5,6.9,7.5,5.4,20.3,0.099,25.5,30.1,25.2,11.4,12.2,26.8,27.7,23.3,29.2,6.7,27.9,11.8,20.4,20.3,27.5,81.0,19.0,69.6,17.9,13.4,9.8,20.5,51.8,82.1,17.9,100.0,0.0,84.1,15.9,2.9,2.0,1.4,7.3,6.9,7.5,5.4,20.3,0.3,1.9,183.0,-2.7,3.2,0.5,-6.4,-0.1,-6.4,-3.6,2.7,-0.9,0.2,"$23,271,604",0
172,Bam Adebayo,22.0,13.0,5.0,31.9,5.0,8.5,58.8,0.1,0.3,16.7,3.7,5.7,65.0,2.2,8.1,10.3,4.4,2.7,2.5,38.3,10.0,0.0,3.9,8.1,34.4,1.6,23.5,1.2,38.6,13.7,8.8,7.4,29.4,0.146,18.7,19.6,16.0,0.7,1.7,27.1,31.6,43.0,35.9,25.8,22.6,15.6,18.7,31.4,19.1,96.1,3.9,71.8,4.0,1.2,5.2,14.9,67.7,75.3,24.7,100.0,0.0,75.6,24.4,2.1,2.6,0.7,9.3,13.7,8.8,7.4,29.4,0.4,5.1,551.0,-0.4,4.2,3.8,-1.7,2.2,0.5,-0.7,4.0,3.3,1.7,"$3,454,080",0
174,Paul Millsap,34.0,13.0,4.0,26.1,4.5,9.2,48.4,1.2,2.4,48.8,3.4,3.8,87.7,2.1,3.8,5.8,1.2,1.1,2.8,26.4,2.0,0.0,8.4,3.8,19.5,0.9,18.6,0.8,37.1,6.9,5.4,6.8,22.9,0.162,19.2,19.7,18.8,20.8,14.9,38.3,35.1,31.0,22.4,9.2,15.3,34.0,26.5,27.5,22.6,73.9,26.1,48.9,7.9,26.2,11.4,13.1,41.0,58.9,41.1,100.0,0.0,69.7,30.3,1.8,2.1,1.5,5.5,6.9,5.4,6.8,22.9,1.0,3.1,423.0,2.2,2.9,5.1,0.7,6.6,7.2,2.1,3.6,5.7,1.8,"$30,500,000",0
175,Rudy Gobert,27.0,11.0,6.0,34.6,4.9,7.6,64.3,0.0,0.0,0.0,3.6,5.6,64.2,3.2,10.7,13.9,1.1,2.2,3.3,38.5,11.0,0.0,4.6,10.7,39.2,0.9,19.8,2.1,67.3,11.9,9.1,9.1,32.1,0.16699999999999998,15.1,17.7,12.6,0.0,0.0,24.7,29.9,56.7,42.2,7.4,20.5,20.3,22.9,33.8,17.1,100.0,0.0,73.1,0.0,0.0,3.5,16.7,73.1,69.9,30.1,0.0,0.0,69.9,30.1,2.2,3.5,0.5,9.8,11.9,9.1,9.1,32.1,0.8,5.9,553.0,-1.8,7.5,5.7,-0.6,5.3,4.6,-1.7,7.4,5.7,2.4,"$25,008,427",0
177,Jonathan Isaac,22.0,5.0,11.0,30.5,5.0,10.8,46.5,1.3,3.9,33.9,1.7,2.1,81.8,1.9,5.4,7.3,1.5,1.4,2.4,35.0,3.0,0.0,0.8,5.4,24.9,1.4,26.4,2.7,60.6,9.1,7.9,6.8,27.6,0.132,18.6,20.5,19.6,23.1,21.5,16.3,16.0,30.0,26.0,10.5,17.4,11.4,20.4,16.8,20.0,64.0,36.0,56.7,12.5,30.3,17.3,26.0,44.2,59.3,40.7,90.5,9.5,67.5,32.5,3.4,2.1,2.3,5.8,9.1,7.9,6.8,27.6,0.3,2.0,458.0,1.3,5.3,6.6,2.4,3.8,6.1,1.6,5.3,6.9,2.3,"$5,806,440",0
182,Aaron Gordon,24.0,6.0,9.0,30.5,4.6,11.3,40.6,1.1,3.8,28.1,2.5,3.4,72.5,1.6,4.7,6.3,2.8,1.3,2.4,27.1,2.0,0.0,-0.3,4.7,20.4,0.7,14.9,0.5,12.9,8.7,7.3,7.6,27.3,0.125,19.6,18.8,20.0,17.0,18.6,23.7,25.8,23.3,21.1,18.8,15.8,23.8,19.9,26.6,19.4,66.5,33.5,55.5,9.4,25.1,17.3,22.0,46.1,52.8,47.2,75.0,25.0,58.0,42.0,2.8,1.8,2.2,5.9,8.7,7.3,7.6,27.3,0.7,3.1,426.0,-1.5,-1.0,-2.5,-0.4,-0.2,-0.6,-1.3,-1.0,-2.3,0.1,"$19,863,636",0
186,Brandon Clarke,23.0,5.0,12.0,21.8,5.4,8.4,64.3,0.6,1.2,47.6,1.1,1.4,82.6,1.4,4.8,6.2,1.3,1.1,1.7,25.4,1.0,0.0,-4.4,4.8,30.0,0.5,17.0,1.0,37.8,10.3,7.2,8.9,23.1,0.033,18.8,27.9,20.1,12.5,9.1,18.3,16.3,31.2,30.3,9.7,15.7,12.2,16.6,13.2,25.2,85.3,14.7,77.0,4.7,14.1,11.7,13.6,72.3,79.3,20.7,100.0,0.0,81.5,18.5,1.7,1.5,1.5,9.1,10.3,7.2,8.9,23.1,0.3,1.1,352.0,0.7,-1.0,-0.2,-0.1,-3.7,-3.8,0.7,-1.5,-0.8,0.3,"$2,478,840",0
187,Justise Winslow,23.0,4.0,3.0,34.5,5.0,12.6,39.8,0.4,2.1,20.0,2.0,3.0,66.7,1.6,5.6,7.1,4.6,2.7,3.6,29.4,1.0,0.0,7.4,5.6,21.3,1.0,14.9,0.4,11.5,14.0,7.4,9.9,30.9,0.20600000000000002,19.2,16.8,20.4,4.8,9.9,13.9,14.5,22.0,21.5,26.7,19.2,10.0,18.7,13.7,15.0,83.0,17.0,73.6,6.9,10.3,11.5,23.0,66.7,53.1,46.9,66.7,33.3,54.3,45.7,2.9,0.9,1.4,8.3,14.0,7.4,9.9,30.9,0.3,2.4,215.0,-2.5,1.2,-1.3,0.1,7.5,7.6,-2.1,2.4,0.3,0.3,"$13,000,000",0
190,Rui Hachimura,21.0,6.0,11.0,26.8,5.4,11.2,47.6,0.4,1.8,20.0,1.3,1.5,84.6,1.6,3.8,5.4,1.5,0.9,2.1,23.0,1.0,0.0,-6.1,3.8,22.6,0.8,21.3,0.2,8.3,10.2,8.4,9.9,32.2,-0.042,19.8,21.3,21.9,5.5,10.6,16.2,15.3,29.7,24.3,9.4,10.5,42.6,17.2,11.9,19.1,84.3,15.7,81.0,21.0,8.6,12.9,17.6,60.0,64.7,35.3,100.0,0.0,67.0,33.0,2.2,1.8,1.6,7.4,10.2,8.4,9.9,32.2,1.5,1.2,429.0,-1.4,-4.8,-6.2,0.3,-9.4,-9.0,-1.2,-5.8,-7.1,-0.9,"$4,469,160",0
194,Moritz Wagner,22.0,6.0,11.0,19.4,4.6,7.6,60.8,1.1,2.6,43.2,1.6,1.9,84.4,1.5,4.1,5.6,1.4,2.4,3.9,22.6,2.0,0.0,2.2,4.1,29.7,0.7,23.1,0.7,38.7,6.8,5.9,4.9,18.8,0.064,21.8,25.6,19.8,18.4,16.1,22.9,22.9,36.1,31.3,12.0,36.0,18.2,39.8,34.5,24.3,66.2,33.8,58.8,1.0,27.9,4.4,12.3,57.8,75.0,25.0,100.0,0.0,81.0,19.0,1.5,2.1,0.5,6.9,6.8,5.9,4.9,18.8,0.4,2.9,307.0,1.0,3.9,4.9,1.3,5.6,7.0,1.1,4.6,5.7,1.3,"$2,063,520",0
195,Jarrett Allen,21.0,10.0,9.0,26.6,4.7,6.9,67.4,0.0,0.1,0.0,2.6,4.5,57.0,3.4,6.9,10.4,1.1,1.2,2.5,30.8,9.0,0.0,2.3,6.9,34.7,0.7,17.3,1.3,45.5,8.1,6.9,6.7,25.6,0.075,15.5,20.2,13.7,0.0,0.2,28.2,36.3,54.6,39.5,8.3,15.3,22.9,20.8,35.6,18.9,99.2,0.8,78.4,0.0,0.0,6.6,15.9,78.4,78.7,21.3,0.0,0.0,78.7,21.3,1.9,3.2,0.8,9.4,8.1,6.9,6.7,25.6,0.6,3.9,479.0,-0.5,4.1,3.6,4.9,3.5,8.4,0.5,4.3,4.7,1.8,"$2,376,840",0
199,Myles Turner,23.0,6.0,5.0,31.1,4.4,9.7,44.9,1.7,4.1,42.2,1.3,1.9,66.7,1.5,4.5,6.0,1.0,1.7,2.5,27.7,2.0,0.0,2.3,4.5,21.6,0.5,11.3,2.5,61.4,9.7,8.5,6.5,30.9,0.10400000000000001,17.1,16.2,17.3,26.4,25.3,13.9,16.9,26.7,22.7,6.4,18.8,11.8,21.9,21.7,16.8,57.9,42.1,45.0,7.8,44.2,3.9,19.4,37.2,69.0,31.0,100.0,0.0,81.3,18.8,2.3,2.0,0.5,4.4,9.7,8.5,6.5,30.9,0.4,2.8,274.0,-2.5,-2.0,-4.5,1.1,-7.2,-6.1,-1.9,-3.2,-5.1,-0.3,"$18,000,000",0
206,Cody Zeller,27.0,6.0,12.0,24.3,4.4,8.5,51.6,0.7,1.8,36.4,1.7,2.7,64.6,3.1,4.9,7.9,1.2,1.4,2.4,23.6,4.0,0.0,-7.1,4.9,32.6,0.5,15.8,0.3,20.0,9.8,7.6,6.0,27.8,0.0,19.2,22.8,19.4,9.7,10.1,25.2,30.6,54.5,38.5,10.9,15.9,27.9,28.4,30.3,21.4,78.4,21.6,66.7,1.0,17.9,7.0,11.9,65.7,59.7,40.3,91.7,8.3,64.6,35.4,1.3,3.1,0.8,7.3,9.8,7.6,6.0,27.8,0.7,2.9,417.0,-0.8,-3.9,-4.7,-2.9,-8.0,-10.9,-1.1,-4.8,-5.9,-0.7,"$14,471,910",0
209,Richaun Holmes,26.0,8.0,10.0,27.4,4.7,7.3,64.9,0.0,0.0,0.0,1.6,2.1,76.3,2.4,5.8,8.2,0.9,1.1,4.1,28.0,6.0,0.0,1.6,5.8,31.0,0.8,17.5,1.5,52.9,9.2,7.4,5.7,28.0,0.09300000000000001,14.7,21.0,14.9,0.0,0.0,17.9,18.5,45.8,34.3,6.3,12.3,20.5,35.6,20.9,18.0,100.0,0.0,85.4,3.0,0.0,6.0,18.1,82.4,80.0,20.0,0.0,0.0,80.0,20.0,2.0,2.6,0.7,9.1,9.2,7.4,5.7,28.0,0.5,2.2,457.0,-0.8,0.2,-0.5,3.4,2.3,5.8,-0.0,0.6,0.6,0.8,"$4,767,000",0
220,Nemanja Bjelica,31.0,8.0,10.0,26.0,3.9,8.4,46.4,1.7,4.0,41.7,0.7,0.7,92.3,1.9,4.7,6.7,2.5,1.7,2.9,24.2,3.0,0.0,-3.7,4.7,28.2,0.9,21.1,0.4,17.4,9.6,7.4,6.0,26.3,0.040999999999999995,16.9,18.6,17.6,24.4,20.5,9.8,8.6,29.9,28.7,19.8,18.9,14.9,25.4,9.6,18.3,52.3,47.7,44.0,4.4,49.5,14.3,12.1,39.6,55.0,45.0,90.0,10.0,70.0,30.0,1.2,2.1,1.4,4.0,9.6,7.4,6.0,26.3,0.4,0.9,443.0,2.3,0.3,2.6,-2.1,-2.2,-4.3,1.7,-0.1,1.5,1.0,"$6,825,000",0
221,Jahlil Okafor,23.0,1.0,11.0,18.4,3.9,5.9,66.2,0.1,0.2,50.0,2.0,3.0,66.7,1.8,3.2,4.9,1.3,1.5,2.9,20.6,1.0,0.0,-2.8,3.2,21.7,0.3,13.3,1.1,50.0,7.5,3.6,6.3,20.3,0.043,18.9,24.6,16.4,1.7,1.1,40.7,41.4,41.2,26.1,13.6,24.7,29.2,34.0,37.0,23.8,97.2,2.8,77.3,0.0,2.5,5.0,5.9,77.3,60.9,39.1,100.0,0.0,61.7,38.3,0.6,1.8,0.5,7.7,7.5,3.6,6.3,20.3,0.6,2.8,193.0,-0.8,-0.5,-1.2,-1.7,-3.5,-5.2,-1.0,-1.0,-2.0,0.1,"$1,702,486",0
229,Rondae Hollis-Jefferson,24.0,9.0,2.0,22.4,3.8,6.7,56.8,0.0,0.2,0.0,2.0,2.7,73.3,2.9,3.4,6.3,1.7,1.3,2.1,21.8,2.0,0.0,5.4,3.4,20.6,0.8,25.7,0.3,9.1,7.6,5.3,6.0,16.4,0.134,16.6,20.8,16.3,0.0,1.2,22.4,22.9,41.0,26.7,15.4,16.9,13.3,19.3,20.3,19.0,97.3,2.7,79.2,5.7,0.0,11.3,24.5,73.6,64.3,35.7,0.0,0.0,64.3,35.7,2.4,1.9,1.1,7.1,7.6,5.3,6.0,16.4,0.4,2.2,224.0,3.5,0.6,4.1,0.0,4.8,4.8,3.0,1.4,4.4,0.8,"$2,500,000",0
235,Steven Adams,26.0,6.0,9.0,26.1,4.2,7.4,56.8,0.0,0.0,0.0,0.9,2.3,40.0,2.7,6.2,8.9,2.9,1.4,1.8,27.0,3.0,0.0,0.8,6.2,32.9,0.5,13.0,0.9,41.9,9.1,5.5,6.1,26.1,0.065,15.8,19.2,16.3,0.0,0.0,8.8,17.1,53.2,37.2,23.2,17.9,24.2,17.6,22.2,15.5,100.0,0.0,90.0,0.0,0.0,5.7,14.3,90.0,69.8,30.2,0.0,0.0,69.8,30.2,1.3,1.9,0.5,8.4,9.1,5.5,6.1,26.1,0.5,2.8,368.0,-1.2,-4.0,-5.1,3.1,0.1,3.2,-0.4,-3.4,-3.8,-0.2,"$25,842,697",0
243,Mitchell Robinson,21.0,3.0,12.0,20.3,3.5,5.1,68.8,0.0,0.0,0.0,1.9,2.9,65.1,2.9,3.4,6.3,0.6,0.9,3.5,24.3,1.0,0.0,-5.2,3.4,24.8,0.6,20.5,2.0,69.8,8.3,6.6,6.3,15.2,0.037000000000000005,15.1,23.2,14.4,0.0,0.0,25.9,28.3,50.0,32.2,8.0,12.3,19.4,34.2,30.1,21.6,100.0,0.0,79.1,0.0,0.0,1.5,9.7,79.1,66.0,34.0,0.0,0.0,66.0,34.0,0.9,3.9,0.1,7.1,8.3,6.6,6.3,15.2,0.4,2.7,276.0,2.4,1.0,3.4,-2.4,-2.1,-4.6,1.7,0.5,2.3,0.7,"$1,559,712",0
245,Bobby Portis,24.0,4.0,15.0,22.0,3.6,8.9,40.2,1.1,2.8,39.6,0.6,0.9,66.7,1.8,4.2,5.9,1.1,1.0,1.7,19.7,3.0,0.0,-4.4,4.2,26.9,0.7,20.0,0.3,18.2,8.2,6.2,5.6,19.2,0.047,19.2,21.6,22.3,20.8,18.2,9.0,9.0,35.8,29.0,11.6,14.0,23.1,17.4,13.3,19.5,68.6,31.4,55.6,9.5,37.3,4.7,14.8,46.2,42.6,57.4,100.0,0.0,60.3,39.7,1.3,2.4,0.4,4.1,8.2,6.2,5.6,19.2,0.5,1.2,405.0,-2.4,0.9,-1.6,-4.1,-2.2,-6.3,-2.8,0.4,-2.4,0.1,"$15,000,000",0
251,Hamidou Diallo,21.0,4.0,8.0,21.4,3.8,7.7,50.0,0.2,1.1,15.4,0.9,1.5,61.1,1.2,2.7,3.8,0.8,1.2,2.4,18.9,1.0,0.0,0.9,2.7,16.8,1.5,41.9,0.3,13.8,7.2,5.8,3.8,21.5,0.12,18.5,21.8,20.4,3.8,8.4,12.8,14.9,28.6,19.2,8.4,14.9,32.3,27.4,15.4,18.7,85.9,14.1,83.8,3.8,5.7,17.1,26.7,80.0,61.4,38.6,50.0,50.0,60.9,39.1,2.3,1.4,1.5,7.0,7.2,5.8,3.8,21.5,0.8,1.6,256.0,-2.5,2.8,0.2,-1.3,6.7,5.4,-2.4,3.6,1.2,0.5,"$1,416,852",0
257,Ivica Zubac,22.0,14.0,6.0,16.1,3.4,5.5,60.9,0.0,0.1,0.0,1.9,2.3,80.4,2.4,4.3,6.7,0.9,0.8,2.5,21.0,3.0,0.0,1.0,4.3,33.7,0.2,7.1,1.1,48.9,5.4,3.3,4.9,13.8,0.08,18.3,25.6,17.9,0.0,0.4,32.5,31.5,53.3,38.8,11.0,15.1,42.9,30.8,22.0,23.9,99.1,0.9,78.4,2.3,0.0,11.7,21.1,76.0,74.6,25.4,0.0,0.0,74.6,25.4,1.8,2.3,1.0,6.5,5.4,3.3,4.9,13.8,0.5,1.6,306.0,1.5,2.1,3.6,-3.8,1.9,-1.9,0.6,2.1,2.7,0.8,"$6,481,482",0
261,Derrick Favors,28.0,2.0,7.0,21.0,4.0,6.4,62.1,0.1,0.2,50.0,0.2,0.7,33.3,3.4,5.4,8.9,2.1,1.6,2.3,23.6,3.0,0.0,-1.6,5.4,37.1,0.6,13.9,0.4,23.5,9.6,7.0,9.1,24.4,0.018000000000000002,15.1,20.5,15.2,1.6,1.2,3.8,8.0,54.4,42.3,17.6,19.7,38.9,27.3,13.0,16.0,96.6,3.4,93.3,2.7,4.0,5.3,16.0,90.7,74.3,25.7,100.0,0.0,75.0,25.0,1.3,2.0,0.4,7.6,9.6,7.0,9.1,24.4,0.8,1.1,189.0,-0.0,-2.4,-2.4,2.6,-2.3,0.3,0.4,-2.4,-2.0,0.1,"$17,650,000",0
263,Jaxson Hayes,19.0,6.0,10.0,19.4,3.3,5.3,61.2,0.0,0.1,0.0,1.7,2.8,61.4,2.0,2.3,4.3,0.7,1.0,3.1,18.6,1.0,0.0,1.5,2.3,17.1,0.8,22.0,0.9,48.4,7.4,6.1,6.0,19.6,0.047,15.4,18.2,14.4,0.0,0.9,22.3,26.7,45.7,24.3,7.2,15.1,19.4,30.3,25.9,16.7,97.6,2.4,79.4,0.0,0.0,14.5,9.2,79.4,69.2,30.8,0.0,0.0,69.2,30.8,0.8,2.3,1.2,6.5,7.4,6.1,6.0,19.6,0.4,2.3,290.0,-1.6,-2.9,-4.6,4.9,2.8,7.7,-0.5,-2.0,-2.5,0.0,"$4,862,040",0
270,Omari Spellman,22.0,4.0,15.0,18.5,2.8,6.5,42.7,0.8,2.1,37.5,1.6,1.9,81.1,2.3,3.4,5.7,1.1,1.3,1.3,19.5,1.0,0.0,-0.8,3.4,25.2,0.7,28.0,0.7,38.9,6.8,4.2,5.0,20.2,0.052000000000000005,18.6,19.3,18.5,21.4,18.2,18.4,19.2,46.8,31.0,12.1,23.8,16.7,20.0,17.3,19.3,67.7,32.3,50.3,15.9,29.8,2.0,13.9,34.4,55.3,44.7,100.0,0.0,67.9,32.1,1.1,2.0,0.2,2.7,6.8,4.2,5.0,20.2,0.4,1.4,329.0,-1.4,1.1,-0.3,-1.5,2.7,1.2,-1.5,1.5,0.1,0.5,"$1,897,800",0
271,DeAndre' Bembry,25.0,4.0,16.0,25.9,3.3,6.4,51.6,0.4,1.4,28.6,0.9,1.9,48.6,1.0,3.6,4.6,2.9,1.7,2.3,21.7,2.0,0.0,-7.8,3.6,20.2,1.5,30.6,0.4,16.3,11.9,8.0,7.4,24.1,0.043,13.9,16.0,13.7,8.4,8.5,9.1,13.8,18.2,19.7,22.7,16.0,13.6,17.8,15.4,14.1,78.1,21.9,73.4,0.0,15.2,20.3,24.7,73.4,60.3,39.7,100.0,0.0,65.2,34.8,2.0,1.0,1.6,5.8,11.9,8.0,7.4,24.1,0.6,1.7,454.0,-0.9,0.4,-0.5,-8.2,3.1,-5.1,-2.3,1.0,-1.3,0.3,"$2,603,982",0
274,Christian Wood,24.0,6.0,11.0,14.2,2.9,4.9,58.3,0.6,1.4,45.8,1.5,2.2,65.8,1.1,3.1,4.2,0.4,0.7,0.8,16.6,2.0,0.0,1.6,3.1,30.1,0.3,14.7,1.0,44.7,5.8,3.6,4.4,14.4,0.075,19.4,25.9,20.4,21.2,16.9,22.9,25.5,35.3,31.3,5.0,13.3,17.9,13.5,29.2,24.9,71.4,28.6,56.7,1.5,24.6,14.2,21.6,55.2,76.3,23.7,81.8,18.2,77.6,22.4,1.7,1.4,1.1,4.4,5.8,3.6,4.4,14.4,0.3,2.1,232.0,1.4,4.5,5.9,-2.1,7.2,5.0,0.8,5.3,6.1,1.1,"$1,645,357",0
276,Bismack Biyombo,27.0,6.0,13.0,16.2,3.1,5.1,59.8,0.0,0.0,0.0,1.7,3.2,55.0,1.5,2.5,4.0,0.8,0.7,1.9,16.4,1.0,0.0,-1.5,2.5,24.2,0.3,14.6,0.7,46.7,5.5,4.3,4.8,17.6,0.032,19.0,22.8,17.5,0.0,0.0,33.0,39.7,42.6,29.0,10.0,16.0,39.1,27.8,31.9,21.8,100.0,0.0,77.9,1.3,0.0,8.1,15.4,76.5,81.0,19.0,0.0,0.0,81.0,19.0,1.2,1.1,0.6,6.0,5.5,4.3,4.8,17.6,0.5,2.4,264.0,0.3,-0.4,-0.1,1.8,3.4,5.3,0.6,0.4,1.0,0.5,"$17,000,000",0
281,Nerlens Noel,25.0,7.0,10.0,18.6,3.0,4.6,64.6,0.0,0.0,0.0,1.6,2.0,79.4,1.2,3.6,4.8,1.5,1.2,2.9,22.6,1.0,0.0,-3.6,3.6,28.2,0.9,27.6,1.8,65.2,7.2,7.1,5.5,18.6,0.047,15.8,21.2,14.7,0.0,0.0,21.8,21.7,48.8,31.7,18.3,20.0,2.9,35.7,23.6,19.3,100.0,0.0,79.1,9.3,0.0,4.7,11.6,69.8,82.4,17.6,0.0,0.0,82.4,17.6,0.9,1.5,0.4,5.3,7.2,7.1,5.5,18.6,0.1,1.9,292.0,-1.0,4.8,3.9,-6.8,-1.6,-8.4,-2.1,4.0,1.9,0.7,"$2,028,594",0
282,DeAndre Jordan,31.0,8.0,8.0,21.4,3.1,4.7,66.7,0.0,0.0,0.0,1.3,2.1,63.6,2.3,7.0,9.3,2.0,1.0,2.1,25.4,3.0,0.0,-3.9,7.0,43.4,0.4,15.2,1.1,56.3,9.9,5.9,5.8,20.8,0.049,12.5,18.2,12.1,0.0,0.0,15.9,18.6,54.5,45.7,20.1,12.3,13.5,20.7,25.4,15.9,100.0,0.0,82.6,0.0,0.0,0.0,14.9,82.6,80.0,20.0,0.0,0.0,80.0,20.0,1.1,2.4,0.0,6.3,9.9,5.9,5.8,20.8,0.3,2.7,319.0,-0.1,0.3,0.2,-5.1,-1.6,-6.6,-1.0,0.0,-1.0,0.3,"$9,881,598",0
285,Marquese Chriss,22.0,4.0,15.0,17.9,2.7,5.4,50.0,0.2,0.8,20.0,2.0,2.3,86.4,1.4,3.3,4.7,2.3,1.4,2.2,20.6,0.0,0.0,-3.0,3.3,29.0,0.8,24.6,1.0,59.4,6.9,4.6,4.9,19.2,0.01,17.8,18.5,16.2,3.8,6.7,25.7,25.4,38.6,31.3,24.6,26.2,17.8,30.8,22.2,18.4,85.3,14.7,67.1,4.2,6.3,7.7,18.2,62.9,66.7,33.3,100.0,0.0,68.6,31.4,1.4,2.0,0.6,4.7,6.9,4.6,4.9,19.2,0.4,1.8,315.0,-1.7,4.5,2.8,0.9,-3.0,-2.1,-1.3,3.5,2.2,0.8,"$1,678,854",0
288,Willie Cauley-Stein,26.0,3.0,14.0,22.5,3.4,6.2,54.3,0.0,0.0,0.0,0.8,1.0,76.5,1.3,4.9,6.2,1.6,0.9,2.9,23.0,0.0,0.0,-5.9,4.9,31.6,1.1,27.7,1.1,46.3,8.1,7.7,5.0,21.5,0.027000000000000003,14.5,18.9,15.3,0.0,0.0,9.3,9.8,36.7,32.5,14.3,15.8,21.3,30.8,11.2,15.7,100.0,0.0,89.8,4.7,0.0,17.3,19.7,85.0,78.9,21.1,0.0,0.0,78.9,21.1,1.5,1.1,1.3,6.4,8.1,7.7,5.0,21.5,0.6,1.0,359.0,-4.7,3.4,-1.3,-2.0,0.3,-1.6,-4.4,3.1,-1.3,0.3,"$2,177,483",0
289,Enes Kanter,27.0,6.0,5.0,16.5,2.9,5.1,57.1,0.0,0.1,0.0,1.6,2.5,64.3,2.6,3.5,6.1,1.2,0.8,1.2,19.5,0.0,0.0,4.6,3.5,30.2,0.8,34.6,0.5,50.0,4.8,4.4,3.6,16.0,0.078,17.5,20.5,16.6,0.0,0.9,24.3,28.3,61.7,38.7,13.5,17.0,25.0,19.4,27.3,19.1,98.2,1.8,78.0,4.9,0.0,6.1,14.6,73.2,43.8,56.3,0.0,0.0,43.8,56.3,1.1,2.5,0.5,5.5,4.8,4.4,3.6,16.0,0.5,2.2,160.0,3.5,2.3,5.7,4.3,-1.0,3.3,3.8,1.7,5.5,0.7,"$4,767,000",0
294,JaVale McGee,31.0,17.0,2.0,16.9,3.2,5.2,62.2,0.0,0.0,0.0,0.8,1.3,64.0,1.8,4.4,6.2,0.8,0.9,2.1,20.4,2.0,0.0,3.3,4.4,34.0,0.6,16.4,1.2,42.6,5.9,4.3,6.2,14.8,0.071,16.1,20.1,16.1,0.0,0.0,19.0,22.3,47.3,37.1,7.4,16.3,24.1,30.5,24.8,18.1,100.0,0.0,88.4,0.0,0.0,6.5,18.1,88.4,70.5,29.5,0.0,0.0,70.5,29.5,1.3,1.9,0.5,6.4,5.9,4.3,6.2,14.8,0.4,1.4,299.0,-0.7,4.6,3.9,2.3,-1.7,0.6,-0.2,3.6,3.4,0.9,"$4,000,000",0
295,Dwight Powell,28.0,10.0,5.0,25.2,3.0,4.7,64.3,0.3,0.7,40.0,0.9,1.9,50.0,1.6,2.7,4.3,1.3,1.1,2.7,16.4,0.0,0.0,5.7,2.7,14.4,0.7,20.4,0.4,18.2,10.0,6.9,6.5,26.4,0.057999999999999996,11.0,13.2,10.3,3.3,3.4,9.9,15.0,30.4,17.9,9.3,13.8,28.0,29.5,21.3,11.5,85.7,14.3,75.9,0.0,11.1,1.9,9.3,75.9,82.9,17.1,100.0,0.0,84.4,15.6,0.7,1.5,0.1,5.5,10.0,6.9,6.5,26.4,0.5,2.6,354.0,-1.3,-0.3,-1.5,8.9,-2.4,6.5,0.6,-0.7,-0.1,0.5,"$10,259,375",0
297,Mason Plumlee,29.0,13.0,4.0,16.7,2.9,4.9,59.0,0.0,0.1,0.0,1.4,2.6,51.1,1.8,3.8,5.6,2.1,1.5,2.6,19.7,0.0,0.0,-1.0,3.8,29.9,0.6,23.8,0.8,36.8,4.9,3.9,4.4,16.1,0.08900000000000001,19.0,22.0,15.7,0.0,1.3,28.4,34.1,41.9,33.0,23.5,31.3,13.6,33.8,27.4,20.7,97.6,2.4,81.0,1.7,0.0,5.0,14.0,79.3,73.5,26.5,0.0,0.0,73.5,26.5,1.0,1.5,0.4,5.6,4.9,3.9,4.4,16.1,0.2,2.0,267.0,-1.8,4.5,2.7,-5.0,0.9,-4.0,-2.5,3.9,1.5,0.6,"$14,041,096",0
303,Damian Jones,24.0,3.0,16.0,18.1,2.8,4.2,68.4,0.1,0.3,40.0,1.1,1.6,70.0,1.5,2.1,3.5,0.7,0.6,3.4,15.5,0.0,0.0,-5.9,2.1,19.3,0.5,13.8,0.8,59.3,8.0,5.7,6.5,19.5,-0.024,12.5,18.0,12.6,2.8,2.4,17.8,19.6,38.4,24.4,8.2,9.5,16.4,34.2,19.0,16.6,93.7,6.3,79.4,1.5,4.6,3.1,13.7,77.9,82.7,17.3,100.0,0.0,83.3,16.7,0.9,1.6,0.2,5.4,8.0,5.7,6.5,19.5,0.5,1.4,308.0,-0.4,-2.6,-3.0,2.5,-9.5,-6.9,0.1,-3.9,-3.8,-0.2,"$2,305,057",0
304,Dwight Howard,33.0,17.0,2.0,20.3,2.7,3.6,75.4,0.0,0.0,0.0,1.4,2.5,57.4,2.2,4.9,7.1,0.8,1.2,4.1,21.0,2.0,0.0,4.7,4.9,35.5,0.4,12.7,1.5,52.8,6.8,4.3,6.1,17.1,0.084,12.2,15.4,9.9,0.0,0.0,20.6,25.0,48.8,38.7,7.8,19.8,19.0,50.0,29.3,14.7,100.0,0.0,79.4,1.5,0.0,2.3,6.9,77.9,57.7,42.3,0.0,0.0,57.7,42.3,0.5,3.1,0.2,5.4,6.8,4.3,6.1,17.1,0.2,2.9,366.0,0.9,1.8,2.7,4.0,-0.5,3.5,1.5,1.4,2.9,1.0,"$2,564,753",0
305,Dwight Howard,33.0,17.0,2.0,20.3,2.7,3.6,75.4,0.0,0.0,0.0,1.4,2.5,57.4,2.2,4.9,7.1,0.8,1.2,4.1,21.0,2.0,0.0,4.7,4.9,35.5,0.4,12.7,1.5,52.8,6.8,4.3,6.1,17.1,0.084,12.2,15.4,9.9,0.0,0.0,20.6,25.0,48.8,38.7,7.8,19.8,19.0,50.0,29.3,14.7,100.0,0.0,79.4,1.5,0.0,2.3,6.9,77.9,57.7,42.3,0.0,0.0,57.7,42.3,0.5,3.1,0.2,5.4,6.8,4.3,6.1,17.1,0.2,2.9,366.0,0.9,1.8,2.7,4.0,-0.5,3.5,1.5,1.4,2.9,1.0,"$3,039,097",0
307,Daniel Theis,27.0,10.0,5.0,21.9,2.7,5.6,47.6,0.1,0.9,15.4,1.3,1.8,70.4,1.8,5.3,7.1,1.2,0.7,3.2,22.6,1.0,0.0,3.7,5.3,30.5,0.5,12.9,1.5,60.5,5.1,4.7,5.1,16.9,0.13,13.4,15.1,13.5,2.4,5.4,16.2,19.4,39.7,32.4,11.6,13.6,21.6,35.3,22.8,13.8,84.5,15.5,75.2,4.0,5.9,5.9,9.9,71.3,84.2,15.8,100.0,0.0,85.0,15.0,0.7,1.8,0.4,4.8,5.1,4.7,5.1,16.9,0.7,2.2,322.0,-3.3,4.6,1.2,-1.9,7.7,5.9,-3.3,5.3,2.0,0.8,"$5,000,000",0
308,Kyle Anderson,26.0,5.0,12.0,20.5,2.8,5.5,50.5,0.2,0.9,25.0,0.9,1.6,57.1,0.9,3.5,4.4,2.6,0.9,1.7,19.2,0.0,0.0,-4.7,3.5,24.6,0.7,23.5,0.7,25.5,9.8,7.2,6.6,22.6,0.034,14.0,15.6,14.4,6.3,8.2,13.9,17.8,22.5,24.1,22.7,12.3,4.4,19.3,17.5,14.6,82.8,17.2,75.4,8.8,10.5,21.1,19.3,66.7,60.5,39.5,100.0,0.0,63.8,36.2,1.3,0.9,1.4,4.5,9.8,7.2,6.6,22.6,0.1,1.4,334.0,0.4,-1.0,-0.5,-3.3,-3.1,-6.4,-0.2,-1.4,-1.6,0.2,"$9,073,050",0
312,Alex Len,26.0,4.0,15.0,16.7,2.5,5.2,47.5,0.2,1.3,16.0,1.4,2.1,67.5,1.4,3.0,4.4,0.8,1.1,2.2,15.5,1.0,0.0,-6.1,3.0,23.8,0.3,10.9,0.8,39.0,7.1,5.3,5.1,15.4,0.025,17.6,20.0,17.6,6.6,11.8,20.8,23.7,40.6,27.4,11.8,15.9,20.5,29.4,20.5,18.9,74.7,25.3,68.8,0.0,9.6,3.2,8.8,68.8,79.1,20.9,100.0,0.0,80.9,19.1,0.6,1.4,0.2,4.5,7.1,5.3,5.1,15.4,0.5,1.6,273.0,-3.7,3.1,-0.6,-12.0,-1.7,-13.7,-5.4,2.5,-2.9,-0.0,"$4,160,000",0
316,Chris Boucher,26.0,13.0,3.0,13.3,2.3,5.0,45.0,0.5,1.7,29.6,1.3,1.8,69.0,2.3,2.6,4.9,0.6,0.4,1.6,16.6,3.0,0.0,2.9,2.6,27.1,0.4,20.0,0.9,51.7,4.9,3.6,4.2,11.4,0.073,17.9,19.8,19.4,14.8,17.4,23.3,24.8,56.9,35.9,9.2,10.6,27.6,24.8,27.6,19.8,66.3,33.8,56.0,2.0,24.0,4.0,20.0,54.0,50.0,50.0,100.0,0.0,61.1,38.9,1.3,2.2,0.3,3.4,4.9,3.6,4.2,11.4,0.5,1.7,202.0,4.4,3.5,7.8,1.6,2.0,3.7,4.0,3.3,7.3,1.0,"$1,588,231",0
339,Taj Gibson,34.0,4.0,13.0,15.9,2.5,4.5,54.5,0.1,0.3,20.0,0.5,0.8,69.2,2.0,2.4,4.4,1.1,0.7,2.4,13.7,0.0,0.0,-2.6,2.4,22.6,0.5,18.0,0.1,14.3,6.1,3.6,4.1,14.8,0.027999999999999997,14.4,19.3,15.5,1.6,3.5,11.5,11.2,45.9,29.5,15.7,14.8,5.3,28.1,17.0,16.3,93.5,6.5,87.2,23.4,3.2,10.6,19.1,63.8,75.6,24.4,100.0,0.0,76.2,23.8,1.1,1.3,0.6,3.5,6.1,3.6,4.1,14.8,0.1,1.0,253.0,-0.8,-1.2,-2.0,1.0,-2.3,-1.3,-0.5,-1.4,-1.9,0.1,"$9,800,000",0
344,Cheick Diallo,23.0,5.0,8.0,9.6,2.4,3.0,79.5,0.0,0.0,0.0,0.6,0.7,88.9,0.8,2.0,2.8,0.5,0.5,1.0,10.0,1.0,0.0,0.8,2.0,32.5,0.0,0.0,0.3,44.4,1.8,2.6,2.4,9.7,0.004,17.0,26.7,17.0,0.0,0.0,20.0,18.0,41.7,34.6,9.1,25.0,0.0,37.1,14.9,23.0,100.0,0.0,88.6,11.4,0.0,5.7,17.1,77.1,80.6,19.4,0.0,0.0,80.6,19.4,0.9,0.9,0.3,4.2,1.8,2.6,2.4,9.7,0.0,0.5,121.0,3.1,2.3,5.4,9.3,-9.6,-0.2,4.4,0.2,4.7,0.5,"$1,678,854",0
350,Goga Bitadze,20.0,9.0,5.0,14.2,1.9,3.9,47.3,0.3,0.9,33.3,1.0,1.4,73.7,1.1,2.4,3.6,1.0,0.6,2.1,14.2,1.0,0.0,3.1,2.4,21.5,0.1,3.7,1.3,69.2,4.9,3.4,3.2,13.3,0.081,15.2,14.4,14.6,10.0,10.3,23.0,24.7,37.2,24.9,12.8,16.7,12.5,32.6,16.2,15.2,78.2,21.8,62.9,17.1,17.1,2.9,12.9,45.7,81.8,18.2,100.0,0.0,84.6,15.4,0.6,1.1,0.1,2.3,4.9,3.4,3.2,13.3,0.1,0.9,189.0,-1.9,2.2,0.3,3.5,2.7,6.1,-1.0,2.3,1.4,0.4,"$2,816,760",0
358,Tony Bradley,21.0,8.0,5.0,10.9,2.1,3.2,65.9,0.0,0.0,0.0,0.7,1.1,64.3,1.5,2.4,3.8,0.3,0.5,2.0,11.5,0.0,0.0,-1.6,2.4,26.7,0.2,20.0,0.5,63.6,5.6,4.5,3.3,13.2,0.043,15.5,24.1,16.7,0.0,0.0,16.7,19.7,63.3,34.2,6.7,11.9,35.7,32.5,16.3,20.4,100.0,0.0,85.7,0.0,0.0,9.5,3.2,85.7,74.1,25.9,0.0,0.0,74.1,25.9,0.2,1.4,0.5,4.2,5.6,4.5,3.3,13.2,0.4,0.6,142.0,0.5,4.0,4.4,-4.6,-1.2,-5.8,-0.4,3.1,2.6,0.4,"$1,962,360",0
362,Bruno Fernando,21.0,4.0,16.0,13.0,2.0,3.5,55.7,0.2,0.7,28.6,0.7,1.1,59.1,1.3,1.8,3.1,1.2,1.1,1.7,11.2,0.0,0.0,-0.9,1.8,19.7,0.3,13.9,0.5,40.9,6.4,3.5,2.9,12.1,0.05,15.3,18.1,14.6,6.6,7.8,17.1,19.6,37.1,24.6,18.1,18.6,23.8,28.3,22.4,16.8,80.0,20.0,73.7,2.1,12.6,11.6,13.7,71.6,65.7,34.3,100.0,0.0,69.2,30.8,0.7,1.3,0.6,3.4,6.4,3.5,2.9,12.1,0.5,1.2,230.0,-1.8,-0.3,-2.1,-2.0,6.2,4.3,-1.9,1.0,-0.9,0.2,"$1,400,000",0
373,Isaiah Hartenstein,21.0,5.0,2.0,13.4,1.6,2.1,73.3,0.0,0.1,0.0,1.3,1.6,81.8,1.1,2.4,3.6,0.6,0.9,2.1,11.3,0.0,0.0,6.0,2.4,22.1,0.3,12.5,0.6,50.0,5.7,4.3,3.9,12.0,0.081,11.4,13.4,8.9,0.0,1.0,23.7,23.4,38.1,25.5,9.3,17.6,0.0,34.1,25.0,12.9,93.3,6.7,71.0,0.0,0.0,0.0,12.9,71.0,81.8,18.2,0.0,0.0,81.8,18.2,0.6,1.1,0.0,3.1,5.7,4.3,3.9,12.0,0.0,1.4,73.0,0.5,1.9,2.4,4.2,4.9,9.1,1.1,2.5,3.6,0.2,"$1,416,852",0
378,Khem Birch,27.0,2.0,7.0,19.2,1.7,3.2,51.7,0.0,0.1,0.0,0.9,1.9,47.1,1.3,3.2,4.6,0.2,0.6,2.6,11.8,0.0,0.0,-4.6,3.2,24.8,0.3,9.4,0.4,19.0,6.4,6.0,6.0,17.6,0.067,10.1,11.4,9.0,0.0,1.0,16.3,23.9,30.0,26.1,3.2,9.6,9.1,31.5,33.3,11.2,96.6,3.4,78.9,0.0,0.0,10.5,21.1,78.9,86.7,13.3,0.0,0.0,86.7,13.3,0.9,0.7,0.4,3.3,6.4,6.0,6.0,17.6,0.1,2.3,145.0,-2.5,3.6,1.1,-5.3,-1.3,-6.6,-3.1,2.9,-0.3,0.2,"$3,000,000",0
380,Noah Vonleh,24.0,7.0,7.0,12.6,1.4,3.1,46.5,0.1,0.7,10.0,1.1,1.4,84.2,1.2,2.4,3.6,1.1,0.9,1.4,10.6,0.0,0.0,-1.2,2.4,27.0,0.3,14.3,0.2,13.6,5.2,4.0,3.6,12.6,0.063,14.4,14.1,12.8,2.2,7.3,24.6,20.9,41.5,30.5,17.6,20.0,18.2,25.0,21.5,14.4,76.7,23.3,66.7,0.0,5.3,0.0,14.0,66.7,57.9,42.1,100.0,0.0,60.0,40.0,0.6,1.3,0.0,2.7,5.2,4.0,3.6,12.6,0.3,1.2,177.0,-3.2,1.1,-2.1,-3.0,1.5,-1.4,-3.3,1.3,-2.1,0.1,"$2,000,000",0
387,Daniel Gafford,21.0,4.0,7.0,9.8,1.6,2.5,66.7,0.0,0.0,0.0,0.6,1.3,50.0,1.0,0.9,1.9,0.1,0.1,1.4,8.2,0.0,0.0,-2.8,0.9,12.8,0.0,0.0,0.6,50.0,3.5,2.2,2.5,7.3,0.048,12.9,23.4,12.9,0.0,0.0,24.1,33.3,39.3,19.8,2.1,2.9,12.5,26.8,26.8,21.1,100.0,0.0,83.7,0.0,0.0,9.3,9.3,83.7,61.1,38.9,0.0,0.0,61.1,38.9,0.4,1.1,0.4,3.3,3.5,2.2,2.5,7.3,0.2,1.0,100.0,-1.7,-0.5,-2.2,-10.4,5.0,-5.4,-3.3,0.5,-2.9,-0.0,"$898,310",0
407,Jordan Bell,24.0,4.0,5.0,8.2,1.2,2.1,57.9,0.0,0.3,0.0,0.8,1.2,63.6,1.0,2.6,3.6,0.7,1.3,0.7,8.2,0.0,0.0,-3.1,2.6,38.3,0.0,0.0,0.3,30.0,4.7,3.1,1.6,8.7,0.006,19.3,20.0,15.4,0.0,5.6,21.9,22.9,75.0,44.4,19.4,38.7,16.7,15.4,21.2,18.4,84.2,15.8,75.9,0.0,0.0,0.0,6.9,75.9,81.8,18.2,0.0,0.0,81.8,18.2,0.2,0.7,0.0,2.4,4.7,3.1,1.6,8.7,0.1,0.8,74.0,-5.5,-0.2,-5.7,-8.3,-1.7,-10.0,-6.3,-0.5,-6.8,-0.2,"$1,620,564",0
413,John Henson,28.0,1.0,0.0,8.3,1.0,2.0,50.0,0.0,1.0,0.0,1.0,6.0,16.7,2.0,1.0,3.0,0.0,1.0,0.0,17.6,0.0,0.0,-5.0,1.0,100.0,2.0,40.0,2.0,66.7,2.0,6.0,2.0,4.0,0.048,26.1,16.7,14.3,0.0,14.3,50.0,75.0,66.7,75.0,0.0,20.0,0.0,0.0,60.0,20.0,50.0,50.0,66.7,0.0,0.0,0.0,33.3,66.7,0.0,100.0,0.0,0.0,0.0,100.0,1.0,0.0,0.0,2.0,2.0,6.0,2.0,4.0,0.0,3.0,8.0,1.7,8.5,10.3,-15.2,3.5,-11.6,-1.3,8.0,6.8,0.0,"$9,732,396",0
414,Kevon Looney,23.0,0.0,1.0,10.5,1.0,4.0,25.0,1.0,1.0,100.0,0.0,0.0,0.0,5.0,4.0,9.0,1.0,1.0,3.0,14.3,0.0,0.0,-4.0,4.0,50.0,0.0,0.0,0.0,0.0,3.0,0.0,4.0,10.0,0.069,16.7,14.3,15.4,25.0,7.1,0.0,0.0,83.3,64.3,16.7,33.3,0.0,60.0,0.0,16.7,75.0,25.0,0.0,0.0,100.0,0.0,0.0,0.0,0.0,0.0,100.0,0.0,100.0,0.0,0.0,3.0,0.0,0.0,3.0,0.0,4.0,10.0,0.0,0.0,10.0,2.5,-17.6,-15.1,-10.3,12.7,2.4,0.3,-12.9,-12.6,-0.0,"$4,629,630",0
415,Nicolas Claxton,20.0,4.0,5.0,13.2,1.2,2.3,52.4,0.0,0.6,0.0,0.6,1.3,41.7,0.9,1.6,2.4,1.2,0.7,1.1,9.1,0.0,0.0,-3.4,1.6,15.4,0.1,8.3,0.6,29.4,6.9,4.9,5.8,14.0,0.036000000000000004,11.1,12.1,9.8,0.0,5.0,13.9,23.5,57.1,21.0,16.2,15.4,8.3,20.4,24.5,10.9,76.2,23.8,81.5,7.4,0.0,11.1,11.1,74.1,81.8,18.2,0.0,0.0,81.8,18.2,0.3,0.7,0.3,2.2,6.9,4.9,5.8,14.0,0.1,1.3,119.0,-1.8,2.0,0.2,-5.3,-1.3,-6.6,-2.6,1.6,-1.1,0.1,"$898,310",0
420,Chimezie Metu,22.0,2.0,4.0,3.6,1.2,2.0,58.3,0.0,0.0,0.0,0.3,0.7,50.0,1.2,0.7,1.8,0.3,0.0,0.0,6.4,0.0,0.0,-0.7,0.7,28.6,0.0,0.0,0.3,66.7,1.7,0.0,0.8,3.7,0.006999999999999999,22.2,43.8,25.5,0.0,0.0,22.2,22.2,46.7,37.9,22.2,0.0,66.7,0.0,21.4,38.1,100.0,0.0,87.5,25.0,0.0,12.5,12.5,62.5,71.4,28.6,0.0,0.0,71.4,28.6,0.3,0.8,0.3,1.7,1.7,0.0,0.8,3.7,0.3,0.5,21.0,13.6,5.8,19.4,-6.3,1.4,-4.9,10.6,5.4,16.0,0.2,"$1,416,852",0
424,Max Strus,23.0,0.0,2.0,3.1,1.0,1.5,66.7,0.0,0.5,0.0,0.5,0.5,100.0,0.5,0.0,0.5,0.0,0.0,0.5,3.1,0.0,0.0,7.5,0.0,0.0,0.0,0.0,0.0,0.0,0.5,0.0,0.0,1.0,0.033,15.8,20.0,18.8,0.0,12.5,20.0,20.0,25.0,10.0,0.0,0.0,0.0,11.1,0.0,17.2,66.7,33.3,80.0,0.0,0.0,0.0,0.0,80.0,50.0,50.0,0.0,0.0,50.0,50.0,0.0,1.0,0.0,2.0,0.5,0.0,0.0,1.0,0.0,0.0,5.0,16.4,-10.8,5.6,65.2,14.4,79.6,26.5,-6.7,19.8,0.1,"$415,414",0
435,Amile Jefferson,26.0,1.0,2.0,3.0,1.0,1.0,100.0,0.0,0.0,0.0,0.0,0.0,0.0,0.7,0.3,1.0,0.7,0.3,0.0,3.9,0.0,0.0,0.7,0.3,14.3,0.0,0.0,0.0,0.0,0.7,1.7,0.7,2.0,0.015,16.0,33.3,15.0,0.0,0.0,0.0,0.0,40.0,25.0,50.0,100.0,0.0,0.0,0.0,30.0,100.0,0.0,100.0,0.0,0.0,0.0,0.0,100.0,33.3,66.7,0.0,0.0,33.3,66.7,0.0,1.3,0.0,2.0,0.7,1.7,0.7,2.0,0.0,0.0,9.0,6.2,-15.9,-9.8,-3.6,0.5,-3.1,4.8,-13.8,-9.0,-0.0,"$1,355,851",0
436,Alize Johnson,23.0,6.0,1.0,5.2,0.7,1.6,45.5,0.0,0.0,0.0,0.4,0.6,75.0,0.9,0.9,1.7,0.3,0.1,0.6,4.2,0.0,0.0,-0.3,0.9,27.3,0.0,0.0,0.0,0.0,1.9,0.6,2.9,4.3,0.004,13.3,15.2,13.9,0.0,0.0,25.0,23.5,37.5,31.6,10.5,20.0,33.3,26.7,31.6,15.1,100.0,0.0,76.9,0.0,0.0,30.8,61.5,76.9,40.0,60.0,0.0,0.0,40.0,60.0,1.1,0.4,0.6,1.4,1.9,0.6,2.9,4.3,0.3,0.9,36.0,3.3,-4.6,-1.3,8.1,-9.5,-1.4,4.4,-5.8,-1.4,0.0,"$1,416,852",0
437,Tyson Chandler,37.0,11.0,6.0,9.1,0.7,0.9,75.0,0.0,0.0,0.0,0.3,0.5,55.6,1.1,1.7,2.8,0.4,0.4,1.3,7.3,0.0,0.0,3.4,1.7,25.4,0.3,17.9,0.4,63.6,2.7,1.9,2.5,9.8,0.035,6.7,9.2,5.4,0.0,0.0,5.1,7.3,47.4,30.9,10.9,16.7,8.3,37.9,17.0,7.1,100.0,0.0,82.8,0.0,0.0,6.9,10.3,82.8,83.3,16.7,0.0,0.0,83.3,16.7,0.2,0.3,0.1,1.4,2.7,1.9,2.5,9.8,0.1,0.9,146.0,-2.6,-1.0,-3.6,3.9,-0.1,3.8,-1.6,-0.9,-2.5,0.0,"$2,564,753",0
442,Ed Davis,30.0,5.0,2.0,12.1,0.6,1.4,40.0,0.0,0.0,0.0,0.3,0.6,50.0,1.4,3.7,5.1,0.3,0.9,2.7,9.3,0.0,0.0,-0.6,3.7,40.0,0.3,13.3,0.4,42.9,4.0,3.0,1.7,7.7,0.102,9.3,7.3,7.0,0.0,0.0,7.7,11.8,83.3,46.8,7.1,20.7,12.5,44.2,13.9,6.5,100.0,0.0,80.0,0.0,0.0,0.0,20.0,80.0,50.0,50.0,0.0,0.0,50.0,50.0,0.3,1.1,0.0,1.1,4.0,3.0,1.7,7.7,0.1,0.7,73.0,-3.1,9.1,6.0,-10.1,11.8,1.7,-4.6,10.0,5.4,0.3,"$4,767,000",0
444,Thanasis Antetokounmpo,27.0,3.0,0.0,4.2,0.7,1.3,50.0,0.0,0.0,0.0,0.0,0.0,0.0,0.7,0.0,0.7,0.3,0.3,0.7,2.3,0.0,0.0,-1.0,0.0,0.0,0.0,0.0,0.0,0.0,3.7,4.0,0.7,5.3,0.004,15.6,16.7,16.7,0.0,0.0,0.0,0.0,66.7,14.3,10.0,16.7,0.0,33.3,100.0,13.3,100.0,0.0,100.0,0.0,0.0,50.0,0.0,100.0,50.0,50.0,0.0,0.0,50.0,50.0,0.0,0.0,0.7,1.3,3.7,4.0,0.7,5.3,0.0,0.7,13.0,-0.5,-5.1,-5.6,4.5,-0.7,3.8,0.3,-4.6,-4.4,-0.0,"$1,445,697",0
447,Vincent Poirier,26.0,6.0,0.0,5.1,0.5,1.3,37.5,0.0,0.0,0.0,0.2,0.3,50.0,0.8,0.5,1.3,0.5,0.5,1.2,4.5,0.0,0.0,1.7,0.5,11.1,0.2,25.0,0.3,40.0,1.5,0.7,1.0,4.3,0.033,15.8,12.0,14.3,0.0,0.0,7.1,13.3,71.4,23.5,20.0,27.3,40.0,46.7,25.0,9.7,100.0,0.0,85.7,57.1,0.0,28.6,28.6,28.6,100.0,0.0,0.0,0.0,100.0,0.0,0.3,0.0,0.3,0.3,1.5,0.7,1.0,4.3,0.3,0.5,31.0,-6.9,-10.2,-17.1,-1.6,2.8,1.2,-6.3,-8.5,-14.8,-0.2,"$2,505,793",0
449,Jonah Bolden,23.0,2.0,0.0,2.4,0.5,0.5,100.0,0.0,0.0,0.0,0.0,1.0,0.0,0.0,0.0,0.0,0.0,0.5,0.0,2.0,0.0,0.0,-6.0,0.0,0.0,0.5,100.0,0.0,0.0,4.0,0.0,0.0,1.0,-0.043,23.1,50.0,16.7,0.0,0.0,0.0,33.3,0.0,0.0,0.0,33.3,0.0,0.0,33.3,25.0,100.0,0.0,100.0,0.0,0.0,100.0,100.0,100.0,100.0,0.0,0.0,0.0,100.0,0.0,1.0,0.0,1.0,1.0,4.0,0.0,0.0,1.0,0.0,0.5,5.0,-16.4,-0.1,-16.5,-27.4,-35.9,-63.4,-19.4,-6.9,-26.2,-0.1,"$1,698,450",0
