,Player,Age,W,L,MP,FGM,FGA,FG%,3PM,3PA,3P%,FTM,FTA,FT%,OREB,DREB,REB,AST,TOV,PF,FP,DD2,TD3,+/-,DEF_RTG,DREB%,T_DREB%,STL,T_STL%,BLK,T_BLK%,OP_TOV,OP_2NDPTS,OP_PAINT,DEF_WS,USG%,T_FGM%,T_FGA%,T_3PM%,T_3PA%,T_FTM%,T_FTA%,T_OREB%,T_REB%,T_AST%,T_TOV%,T_BLKA%,T_PF%,T_PFD%,T_PTS%,FGA_2P%,FGA_3P%,2PT%,2PT_MR%,3PT%,FBPTS%,OFFTOV%,PAINTPTS%,AST_2FGM%,UAST_2FGM%,AST_3FGM%,UAST_3FGM%,FGM_AST%,FGM_UAST%,PTS_TOV,2ND_CH_PTS,FB_PTS,PAINT_PTS,OPP_PTS_TOV,OPP_2ND_PTS,OPP_FBPTS,OPP_PAINT_PTS,BLKA,PFD,Minutes,BSR Off.,BSR Def.,BSR Total,OOR Off.,OOR Def.,OOR Total,OVR Off.,OVR Def.,OVR total,WAR,salary,shoot_kmean
0,Ante Zizic,22,0,6,11.7,1.8,3.5,52.4,0.0,0.0,0.0,0.7,0.8,80.0,0.8,1.8,2.7,0.0,0.2,1.3,8.4,0,0,-2.0,1.8,23.4,0.2,14.3,0.2,33.3,2.8,3.3,2.8,12.3,-0.008,14.3,19.0,16.8,0.0,0.0,13.8,11.9,38.5,26.7,0.0,5.3,33.3,28.6,25.0,15.9,100.0,0.0,84.6,0.0,0.0,7.7,15.4,84.6,81.8,18.2,0.0,0.0,81.8,18.2,0.7,1.2,0.3,3.7,2.8,3.3,2.8,12.3,0.5,1.3,70.0,-4.5,-2.2,-6.6,0.1,-6.0,-5.9,-3.7,-3.0,-6.7,-0.1,"$2,281,800 ",0
1,Boban Marjanovic,31,6,3,12.0,2.8,5.4,51.0,0.0,0.1,0.0,1.1,1.3,83.3,1.4,2.9,4.3,0.6,0.8,1.7,12.9,0,0,5.6,2.9,29.5,0.2,16.7,0.1,11.1,4.3,2.9,4.0,11.3,0.041,22.9,22.9,23.0,0.0,1.2,29.4,30.8,40.6,32.5,8.6,25.0,38.5,30.6,42.5,20.4,98.0,2.0,83.3,3.3,0.0,3.3,10.0,80.0,44.0,56.0,0.0,0.0,44.0,56.0,0.7,2.6,0.2,5.3,4.3,2.9,4.0,11.3,0.6,1.9,108.0,0.6,-2.8,-2.2,14.4,-1.8,12.6,3.3,-2.8,0.6,0.2,"$3,500,000 ",0
5,Brian Bowen II,21,2,1,3.2,0.3,1.3,25.0,0.0,0.3,0.0,0.0,0.0,0.0,0.0,0.3,0.3,0.0,0.0,0.0,2.1,0,0,1.0,0.3,12.5,0.0,0.0,0.3,50.0,0.0,0.0,0.7,2.0,0.016,16.0,10.0,20.0,0.0,20.0,0.0,0.0,0.0,9.1,0.0,0.0,0.0,0.0,20.0,8.7,75.0,25.0,100.0,0.0,0.0,0.0,0.0,100.0,100.0,0.0,0.0,0.0,100.0,0.0,0.0,0.0,0.0,0.7,0.0,0.0,0.7,2.0,0.0,0.3,10.0,-7.4,9.0,1.6,-0.1,3.1,3.0,-6.3,8.3,2.0,0.0,0,0
10,Chris Silva,23,14,4,10.3,1.6,2.3,68.3,0.0,0.1,0.0,1.1,1.6,71.4,2.0,2.3,4.3,0.7,1.3,2.8,12.2,0,0,1.9,2.3,30.6,0.3,16.1,0.8,70.0,5.6,3.2,3.3,8.0,0.051,16.5,17.4,12.5,0.0,1.5,31.7,33.3,63.2,40.3,12.5,26.7,33.3,49.0,38.4,17.1,95.1,4.9,73.7,5.3,0.0,0.0,14.5,68.4,60.7,39.3,0.0,0.0,60.7,39.3,0.6,1.6,0.0,2.9,5.6,3.2,3.3,8.0,0.2,1.6,186.0,-1.1,2.0,0.9,4.3,0.6,4.9,-0.1,1.6,1.5,0.4,0,0
14,DaQuan Jeffries,22,0,2,5.4,0.5,0.5,100.0,0.0,0.0,0.0,0.0,0.0,0.0,0.5,0.0,0.5,0.5,0.0,0.5,2.4,0,0,2.5,0.0,0.0,0.0,0.0,0.0,0.0,1.0,2.0,1.0,3.0,0.083,3.6,9.1,4.0,0.0,0.0,0.0,0.0,50.0,10.0,14.3,0.0,0.0,16.7,33.3,8.3,100.0,0.0,100.0,0.0,0.0,0.0,0.0,100.0,100.0,0.0,0.0,0.0,100.0,0.0,0.0,0.0,0.0,1.0,1.0,2.0,1.0,3.0,0.0,0.5,11.0,-0.8,11.0,10.2,-8.8,21.2,12.4,-2.5,13.9,11.4,0.1,0,0
21,Derrick Jones Jr.,22,5,1,12.3,2.2,3.8,56.5,0.2,0.8,20.0,1.0,1.3,75.0,0.5,1.3,1.8,0.5,0.5,2.3,10.5,0,0,2.0,1.3,12.7,0.7,44.4,0.2,12.5,4.5,4.5,4.5,12.7,0.071,15.3,19.7,16.1,4.8,8.9,18.8,19.5,33.3,15.3,7.5,12.5,25.0,32.6,27.3,17.8,78.3,21.7,72.7,0.0,9.1,6.1,18.2,72.7,83.3,16.7,100.0,0.0,84.6,15.4,1.0,1.2,0.3,4.0,4.5,4.5,4.5,12.7,0.2,1.5,74.0,-0.3,5.1,4.8,1.5,2.6,4.1,0.0,4.8,4.8,0.3,"$1,645,357 ",0
24,Drew Eubanks,22,3,1,7.8,1.3,2.5,50.0,0.0,0.0,0.0,0.3,0.3,100.0,1.3,2.0,3.3,0.5,1.0,1.0,7.2,0,0,-8.5,2.0,44.4,0.0,0.0,0.3,100.0,3.8,2.5,3.8,11.5,-0.052000000000000005,17.1,23.8,16.9,0.0,0.0,7.1,6.3,62.5,50.0,14.3,40.0,100.0,44.4,16.7,18.0,100.0,0.0,90.9,0.0,0.0,0.0,0.0,90.9,80.0,20.0,0.0,0.0,80.0,20.0,0.0,0.5,0.0,2.5,3.8,2.5,3.8,11.5,0.5,0.5,31.0,-5.9,-9.8,-15.7,-15.9,-19.6,-35.6,-8.4,-12.3,-20.6,-0.3,0,0
31,Harry Giles III,21,3,4,7.4,1.6,3.6,44.0,0.0,0.0,0.0,0.3,0.3,100.0,0.4,0.6,1.0,0.7,0.7,1.9,7.1,0,0,-3.7,0.6,14.8,0.3,20.0,0.4,42.9,2.0,1.3,1.9,6.9,0.008,27.0,29.7,28.1,0.0,0.0,16.7,11.8,37.5,20.0,21.7,29.4,20.0,39.4,23.8,25.3,100.0,0.0,91.7,33.3,0.0,8.3,25.0,58.3,81.8,18.2,0.0,0.0,81.8,18.2,0.9,0.3,0.3,2.0,2.0,1.3,1.9,6.9,0.1,0.7,52.0,-8.5,-3.1,-11.6,-12.6,-2.1,-14.7,-9.8,-3.1,-12.9,-0.3,"$2,578,800 ",0
34,Jakob Poeltl,24,8,14,19.0,2.5,4.4,57.3,0.0,0.0,0.0,0.7,1.3,55.2,2.3,3.9,6.2,1.5,1.0,1.9,20.2,1,0,1.7,3.9,28.9,0.6,22.6,1.3,49.1,4.8,5.4,5.0,17.5,0.051,12.7,14.0,11.8,0.0,0.0,11.9,16.8,51.0,34.5,14.7,19.4,26.5,24.6,20.9,12.5,100.0,0.0,87.3,1.6,0.0,10.3,11.1,85.7,72.7,27.3,0.0,0.0,72.7,27.3,0.6,1.8,0.6,4.9,4.8,5.4,5.0,17.5,0.6,1.6,417.0,0.2,4.9,5.1,8.1,2.2,10.3,1.9,4.8,6.6,2.0,"$3,754,886 ",0
43,Jonas Valanciunas,27,5,13,24.6,5.7,10.3,55.4,0.6,1.7,33.3,1.6,1.8,84.8,2.6,7.2,9.8,1.9,2.2,2.6,29.5,11,0,-3.8,7.2,37.7,0.3,8.3,0.9,38.1,10.7,6.0,7.4,24.8,0.058,21.6,27.2,22.1,10.0,11.1,21.2,19.8,43.1,39.0,14.6,23.5,17.9,24.9,19.4,24.6,83.9,16.1,76.2,4.1,12.3,7.0,12.3,72.1,54.8,45.2,100.0,0.0,59.2,40.8,1.7,3.5,0.9,9.8,10.7,6.0,7.4,24.8,0.7,1.8,444.0,-0.7,0.9,0.2,-1.8,0.3,-1.4,-0.9,0.9,0.0,0.6,"$16,000,000 ",0
44,Jordan Bone,22,1,2,2.1,0.7,1.7,40.0,0.0,0.3,0.0,0.0,0.0,0.0,0.0,0.0,0.0,0.0,0.7,0.7,0.7,0,0,-0.3,0.0,0.0,0.0,0.0,0.0,0.0,0.0,0.0,0.0,0.7,0.016,41.2,66.7,55.6,0.0,33.3,0.0,0.0,0.0,0.0,0.0,100.0,0.0,66.7,0.0,33.3,80.0,20.0,100.0,50.0,0.0,0.0,50.0,50.0,50.0,50.0,0.0,0.0,50.0,50.0,0.7,0.0,0.0,0.7,0.0,0.0,0.0,0.7,0.0,0.0,6.0,-30.2,-10.4,-40.6,-22.9,6.8,-16.1,-30.7,-7.4,-38.1,-0.1,0,0
62,Marvin Bagley III,20,0,1,27.7,6.0,16.0,37.5,0.0,0.0,0.0,2.0,4.0,50.0,4.0,6.0,10.0,0.0,1.0,1.0,31.0,1,0,-21.0,6.0,24.0,1.0,50.0,1.0,33.3,17.0,10.0,22.0,48.0,-0.029,25.7,27.3,31.4,0.0,0.0,28.6,33.3,50.0,30.3,0.0,5.9,50.0,7.7,30.0,24.1,100.0,0.0,85.7,28.6,0.0,0.0,14.3,57.1,66.7,33.3,0.0,0.0,66.7,33.3,2.0,7.0,0.0,8.0,17.0,10.0,22.0,48.0,3.0,3.0,28.0,-7.2,0.9,-6.3,-11.8,-6.9,-18.7,-8.5,-0.6,-9.2,-0.1,"$8,556,120 ",0
63,Melvin Frazier Jr.,23,1,2,2.8,0.3,1.7,20.0,0.0,0.3,0.0,0.0,0.0,0.0,0.3,0.0,0.3,0.3,0.0,0.0,1.6,0,0,-0.7,0.0,0.0,0.0,0.0,0.0,0.0,1.0,1.7,0.7,2.7,0.001,20.8,11.1,26.3,0.0,33.3,0.0,0.0,25.0,14.3,16.7,0.0,100.0,0.0,0.0,10.0,80.0,20.0,100.0,100.0,0.0,0.0,100.0,0.0,100.0,0.0,0.0,0.0,100.0,0.0,0.7,0.7,0.0,0.0,1.0,1.7,0.7,2.7,0.3,0.0,8.0,-3.2,-23.8,-27.1,-2.3,-12.1,-14.4,-3.1,-22.8,-25.9,-0.1,"$1,416,852 ",0
65,Moses Brown,20,3,1,3.8,0.8,1.8,42.9,0.0,0.0,0.0,0.5,1.0,50.0,0.5,1.8,2.3,0.0,0.3,1.0,5.2,0,0,-3.5,1.8,53.8,0.3,33.3,0.0,0.0,0.5,1.3,1.3,4.0,-0.025,22.7,23.1,23.3,0.0,0.0,33.3,44.4,50.0,52.9,0.0,25.0,0.0,44.4,50.0,23.5,100.0,0.0,75.0,0.0,0.0,0.0,0.0,75.0,66.7,33.3,0.0,0.0,66.7,33.3,0.0,1.5,0.0,1.5,0.5,1.3,1.3,4.0,0.0,0.5,15.0,-1.8,-7.4,-9.2,-4.8,-18.7,-23.6,-2.7,-10.3,-13.0,-0.1,0,0
69,Nikola Vucevic,29,6,8,30.8,6.8,15.1,45.0,1.1,3.6,32.0,2.4,2.8,84.6,2.9,8.6,11.6,3.5,1.4,1.9,39.9,10,0,4.2,8.6,36.7,0.6,12.3,1.1,26.8,8.8,6.9,6.3,28.0,0.12,25.0,26.3,26.7,17.2,18.7,21.7,21.0,44.1,38.3,21.7,19.6,28.9,17.8,21.8,24.7,76.3,23.7,66.1,7.5,20.1,2.9,10.9,58.6,72.2,27.8,100.0,0.0,76.8,23.2,1.9,1.4,0.5,10.0,8.8,6.9,6.3,28.0,0.8,2.7,431.0,-0.2,1.9,1.7,4.9,-0.2,4.7,0.9,1.5,2.4,1.1,"$28,000,000 ",0
74,Robert Williams III,22,12,5,13.9,1.9,2.6,71.1,0.0,0.0,0.0,0.4,0.7,58.3,1.1,3.2,4.4,1.2,0.9,1.8,16.7,0,0,-0.3,3.2,35.7,0.9,29.1,1.2,58.8,5.1,5.1,3.3,12.4,0.025,11.7,15.6,10.4,0.0,0.0,7.6,10.5,37.3,36.1,18.9,24.2,0.0,25.9,12.8,12.7,100.0,0.0,90.1,5.6,0.0,5.6,14.1,84.5,75.0,25.0,0.0,0.0,75.0,25.0,0.6,1.0,0.2,3.5,5.1,5.1,3.3,12.4,0.0,0.8,237.0,-2.4,2.4,0.0,3.6,-7.4,-3.8,-1.3,0.4,-0.9,0.2,"$1,937,520 ",0
75,Shamorie Ponds,21,2,0,3.8,1.0,2.0,50.0,0.0,0.5,0.0,0.0,0.0,0.0,0.0,0.5,0.5,1.0,0.0,1.0,5.6,0,0,0.0,0.5,33.3,0.0,0.0,0.5,50.0,1.0,2.0,1.5,2.0,-0.025,20.0,28.6,26.7,0.0,16.7,0.0,0.0,0.0,16.7,40.0,0.0,0.0,40.0,0.0,19.0,75.0,25.0,100.0,0.0,0.0,50.0,50.0,100.0,50.0,50.0,0.0,0.0,50.0,50.0,1.0,0.0,1.0,2.0,1.0,2.0,1.5,2.0,0.0,0.0,8.0,6.2,-42.0,-35.8,16.5,-22.1,-5.6,8.6,-40.6,-32.0,-0.1,0,0
76,Skal Labissiere,23,8,13,17.0,2.8,4.9,57.3,0.1,0.3,28.6,0.7,1.0,68.2,2.1,3.2,5.3,1.1,1.1,2.8,17.2,1,0,-1.3,3.2,23.7,0.2,11.4,1.0,51.2,5.6,5.4,4.8,17.9,0.053,15.7,19.9,15.3,2.1,2.7,12.7,14.3,55.7,30.7,15.9,21.7,11.8,31.5,14.7,16.7,93.2,6.8,84.4,20.7,4.4,8.1,6.7,63.7,73.7,26.3,100.0,0.0,74.6,25.4,0.4,1.6,0.5,4.1,5.6,5.4,4.8,17.9,0.2,1.1,357.0,-0.4,0.4,-0.1,-1.7,0.2,-1.5,-0.7,0.4,-0.4,0.4,"$2,338,847 ",0
78,Tacko Fall,23,1,0,3.6,2.0,4.0,50.0,0.0,0.0,0.0,0.0,0.0,0.0,0.0,3.0,3.0,0.0,1.0,2.0,6.6,0,0,-2.0,3.0,60.0,0.0,0.0,0.0,0.0,3.0,0.0,0.0,0.0,0.036000000000000004,62.5,66.7,80.0,0.0,0.0,0.0,0.0,0.0,60.0,0.0,50.0,0.0,100.0,0.0,66.7,100.0,0.0,100.0,0.0,0.0,0.0,0.0,100.0,100.0,0.0,0.0,0.0,100.0,0.0,0.0,0.0,0.0,4.0,3.0,0.0,0.0,0.0,0.0,0.0,4.0,-32.3,-0.4,-32.7,-13.8,2.2,-11.6,-30.4,-0.1,-30.6,-0.1,0,0
82,TJ Leaf,22,9,6,10.5,1.7,3.9,44.8,0.3,0.7,45.5,0.3,0.5,62.5,1.3,2.5,3.8,0.4,0.4,0.9,10.9,1,0,0.7,2.5,29.1,0.5,35.0,0.2,15.0,3.9,2.3,2.8,9.9,0.073,17.1,19.4,18.8,17.2,12.1,13.5,16.3,46.5,33.5,7.3,10.5,25.0,23.3,14.0,18.6,81.0,19.0,67.7,0.0,24.2,12.9,12.9,67.7,66.7,33.3,100.0,0.0,73.1,26.9,0.5,0.7,0.5,2.8,3.9,2.3,2.8,9.9,0.3,0.5,158.0,0.2,0.9,1.1,-6.6,5.8,-0.8,-1.2,1.9,0.7,0.3,0,0
86,Tyler Cook,22,2,4,2.9,0.8,1.0,83.3,0.0,0.0,0.0,0.3,0.3,100.0,0.5,0.3,0.8,0.0,0.2,0.2,3.3,0,0,-1.0,0.3,28.6,0.2,14.3,0.0,0.0,1.7,1.3,0.5,1.7,0.008,19.5,38.5,19.4,0.0,0.0,28.6,22.2,60.0,41.7,0.0,25.0,0.0,20.0,28.6,34.3,100.0,0.0,83.3,16.7,0.0,16.7,33.3,66.7,60.0,40.0,0.0,0.0,60.0,40.0,0.7,0.7,0.3,1.3,1.7,1.3,0.5,1.7,0.0,0.3,17.0,1.3,-1.4,-0.1,-5.8,0.8,-5.0,0.0,-0.9,-0.9,0.0,0,0
88,Wendell Carter Jr.,20,7,14,29.3,4.9,8.7,56.6,0.1,0.7,14.3,2.7,3.9,69.1,3.7,6.0,9.7,0.9,1.5,4.0,28.5,11,0,0.0,6.0,29.7,0.7,12.6,0.8,42.1,10.9,7.0,9.4,29.0,0.091,16.8,20.6,15.9,1.2,3.1,23.5,25.9,52.4,35.5,6.4,15.9,27.6,28.1,25.2,18.8,92.3,7.7,76.5,3.8,2.3,8.0,19.3,72.7,63.4,36.6,100.0,0.0,64.1,35.9,2.4,4.4,1.0,9.1,10.9,7.0,9.4,29.0,1.0,3.4,616.0,-2.0,-1.0,-3.0,5.6,1.9,7.5,-0.5,-0.5,-0.9,0.6,"$5,201,400 ",0
93,Zylan Cheatham,24,1,1,9.9,0.5,2.0,25.0,0.0,0.5,0.0,0.0,0.0,0.0,0.0,1.5,1.5,0.5,0.5,1.5,3.1,0,0,-11.5,1.5,25.0,0.0,0.0,0.0,0.0,4.0,5.5,3.0,12.0,-0.044,12.2,9.1,12.9,0.0,7.1,0.0,0.0,0.0,23.1,14.3,14.3,0.0,37.5,0.0,6.7,75.0,25.0,100.0,0.0,0.0,0.0,0.0,100.0,100.0,0.0,0.0,0.0,100.0,0.0,0.0,0.0,0.0,1.0,4.0,5.5,3.0,12.0,0.0,0.0,20.0,-8.1,-9.8,-17.9,-15.7,-17.3,-33.0,-10.2,-11.9,-22.1,-0.2,0,0
100,Anthony Davis,26,17,3,34.7,9.1,18.9,48.0,1.2,3.4,34.3,6.8,7.9,86.1,2.6,6.7,9.3,3.3,2.4,2.4,52.1,9,0,6.0,6.7,25.5,1.4,21.5,2.7,50.0,12.7,8.1,13.1,30.9,0.153,29.1,29.6,29.3,15.2,15.6,51.9,45.3,34.2,27.5,16.8,21.6,28.9,16.7,39.5,31.9,82.2,17.8,60.7,10.4,13.2,9.8,15.2,50.3,62.0,38.0,100.0,0.0,66.9,33.1,4.0,3.4,2.6,13.1,12.7,8.1,13.1,30.9,0.7,6.2,693.0,2.4,4.1,6.4,-3.9,3.9,0.1,1.1,4.2,5.3,2.9,"$27,093,019",0
128,Montrezl Harrell,25,16,6,29.7,8.0,13.2,60.1,0.0,0.4,0.0,3.2,5.1,61.9,3.0,5.0,8.0,2.2,1.8,2.2,36.3,6,0,7.1,5.0,21.6,0.9,19.0,1.2,37.1,9.9,8.2,8.9,27.0,0.126,22.8,30.1,23.8,0.0,1.9,22.1,27.6,42.0,26.4,15.0,18.1,31.2,16.0,29.8,25.8,97.3,2.7,83.3,0.0,0.0,15.0,15.0,83.3,57.7,42.3,0.0,0.0,57.7,42.3,2.9,4.4,2.9,15.9,9.9,8.2,8.9,27.0,1.1,4.9,654.0,1.9,5.9,7.8,5.9,1.7,7.6,2.8,5.3,8.1,3.6,"$6,000,000",0
131,LaMarcus Aldridge,34,7,13,32.8,7.7,14.8,51.7,0.6,1.6,35.5,3.0,3.6,83.3,2.1,4.7,6.7,2.5,1.7,2.2,36.3,2,0,-5.1,4.7,19.3,0.7,16.9,1.8,52.2,9.6,8.3,10.0,32.9,0.015,23.3,27.4,24.9,9.5,9.3,22.9,22.2,34.2,22.3,15.7,17.7,12.1,16.4,24.4,25.2,89.5,10.5,75.3,34.5,8.8,2.1,8.2,40.8,62.0,38.0,100.0,0.0,64.7,35.3,1.6,2.9,0.4,7.7,9.6,8.3,10.0,32.9,0.4,3.4,656.0,-1.0,0.5,-0.5,-3.0,-4.6,-7.7,-1.5,-0.4,-2.0,0.3,"$26,000,000",0
136,Domantas Sabonis,23,12,6,34.1,7.3,14.2,51.4,0.3,1.2,23.8,3.6,4.5,80.2,3.7,9.3,13.0,3.8,2.7,3.7,40.6,15,0,5.1,9.3,37.7,0.7,13.5,0.5,16.4,10.7,6.9,7.9,32.1,0.133,23.4,23.9,22.3,4.2,6.7,34.2,35.8,50.0,40.5,22.3,26.9,35.1,24.7,35.3,23.7,91.8,8.2,75.9,12.7,4.5,4.5,13.3,63.3,61.1,38.9,100.0,0.0,62.6,37.4,2.4,3.0,0.8,11.7,10.7,6.9,7.9,32.1,1.1,4.9,614.0,0.6,0.7,1.2,3.2,2.0,5.1,1.1,0.9,2.0,1.5,"$3,529,555",0
142,Deandre Ayton,21,1,0,33.4,9.0,14.0,64.3,0.0,0.0,0.0,0.0,0.0,0.0,3.0,8.0,11.0,0.0,0.0,2.0,46.2,1,0,25.0,8.0,29.6,1.0,10.0,4.0,44.4,6.0,7.0,8.0,22.0,0.444,16.1,26.5,20.3,0.0,0.0,0.0,0.0,42.9,32.4,0.0,0.0,0.0,15.4,6.3,22.0,100.0,0.0,100.0,22.2,0.0,11.1,22.2,77.8,66.7,33.3,0.0,0.0,66.7,33.3,4.0,4.0,2.0,14.0,6.0,7.0,8.0,22.0,0.0,1.0,33.0,-0.2,13.7,13.4,-0.1,19.2,19.1,-0.3,15.7,15.4,0.3,"$9,562,920",0
145,Eric Paschall,23,4,17,31.7,6.4,12.5,51.0,0.7,2.4,29.4,3.9,4.8,81.0,1.6,3.8,5.4,1.8,1.6,2.1,26.9,2,0,-6.4,3.8,18.1,0.3,6.6,0.3,11.3,12.1,9.4,10.4,34.6,0.022000000000000002,21.1,25.0,21.4,12.4,13.8,28.3,29.3,23.9,19.5,11.2,17.5,30.4,17.1,26.6,24.6,80.6,19.4,65.4,11.5,12.4,7.4,14.0,53.8,56.3,43.7,93.3,6.7,60.4,39.6,2.4,2.2,1.3,9.3,12.1,9.4,10.4,34.6,1.1,3.5,666.0,-0.7,-4.9,-5.7,1.6,-5.3,-3.7,-0.2,-5.2,-5.5,-0.9,"$898,310",0
148,Andre Drummond,26,8,13,33.9,7.2,13.3,53.9,0.0,0.5,0.0,2.7,4.2,62.9,4.6,12.3,16.9,3.1,3.9,3.8,48.9,17,0,0.4,12.3,50.4,1.7,35.0,1.9,53.3,13.7,9.3,10.0,34.5,0.08800000000000001,24.2,25.3,22.2,0.0,2.2,25.6,30.1,64.7,53.6,17.6,32.5,45.5,28.0,31.6,22.5,96.4,3.6,84.4,1.1,0.0,4.5,11.7,83.2,58.9,41.1,0.0,0.0,58.9,41.1,2.0,4.6,0.8,14.2,13.7,9.3,10.0,34.5,1.4,4.4,712.0,-2.2,3.6,1.3,-1.7,2.4,0.7,-2.3,3.6,1.3,1.5,"$27,093,019",0
156,Jabari Parker,24,5,16,28.0,6.7,13.5,49.6,1.0,4.0,26.5,1.9,2.6,72.2,2.0,4.5,6.5,2.0,1.8,3.2,31.4,2,0,-3.3,4.5,25.5,1.6,27.5,0.5,18.2,10.5,8.0,9.0,28.4,0.006,23.8,26.8,25.9,16.8,21.8,17.6,18.8,35.3,27.9,13.4,19.8,28.1,24.2,16.9,24.4,70.8,29.2,69.4,4.7,19.2,14.6,22.4,64.7,59.7,40.3,95.5,4.5,65.2,34.8,3.7,2.7,2.4,10.6,10.5,8.0,9.0,28.4,1.2,2.1,588.0,1.7,-1.1,0.6,9.8,-6.1,3.6,3.6,-2.1,1.4,1.3,"$6,500,000",0
162,Clint Capela,25,9,7,32.7,6.8,10.4,65.7,0.0,0.0,0.0,1.4,3.1,46.9,4.0,11.1,15.1,1.1,1.5,2.9,41.9,12,0,1.9,11.1,42.3,0.9,14.6,2.0,52.5,13.4,9.2,12.8,35.4,0.109,15.9,24.8,16.9,0.0,0.0,10.2,16.5,49.2,44.0,6.8,12.9,36.8,19.8,18.2,19.1,100.0,0.0,90.5,0.8,0.0,14.1,12.9,89.6,83.5,16.5,0.0,0.0,83.5,16.5,1.9,3.4,2.1,13.5,13.4,9.2,12.8,35.4,1.3,2.7,524.0,-0.7,6.0,5.3,-2.9,-0.3,-3.2,-1.3,5.0,3.7,1.7,"$16,456,522",0
164,Hassan Whiteside,30,8,10,27.5,6.1,10.4,58.8,0.0,0.0,0.0,2.7,3.6,75.4,3.8,8.7,12.4,0.9,2.1,3.0,36.6,12,0,1.3,8.7,41.8,0.4,13.5,2.1,59.4,8.1,8.4,7.6,25.0,0.053,21.1,25.5,19.8,0.0,0.0,24.7,28.4,57.6,45.6,7.5,26.6,17.5,25.8,31.2,23.0,100.0,0.0,81.8,9.7,0.0,2.2,13.4,72.1,66.4,33.6,0.0,0.0,66.4,33.6,2.0,4.0,0.3,10.8,8.1,8.4,7.6,25.0,0.6,3.4,495.0,-0.2,3.0,2.8,0.4,-2.6,-2.2,-0.1,2.0,1.9,1.2,"$27,093,018",0
170,Bam Adebayo,22,15,5,32.3,5.2,9.0,57.2,0.1,0.3,16.7,3.8,5.7,66.7,2.5,8.0,10.4,4.1,2.8,2.6,38.1,11,0,4.2,8.0,32.9,1.5,23.6,1.3,38.5,13.2,8.6,7.8,29.7,0.145,19.2,19.8,16.6,0.7,1.5,27.6,31.7,44.1,35.0,23.8,23.4,21.2,18.8,31.5,19.3,96.7,3.3,72.1,3.5,1.1,5.3,13.8,68.6,75.5,24.5,100.0,0.0,75.7,24.3,2.0,2.5,0.8,9.7,13.2,8.6,7.8,29.7,0.6,5.1,646.0,-1.0,3.9,2.9,-1.3,2.6,1.3,-1.1,3.7,2.6,1.8,"$3,454,080",0
171,Rudy Gobert,27,11,8,34.4,5.2,7.9,64.9,0.0,0.0,0.0,3.7,5.9,61.9,3.4,10.3,13.7,1.2,2.2,3.2,38.6,13,0,2.8,10.3,38.4,0.8,18.2,2.1,67.2,12.3,8.8,9.6,32.0,0.14800000000000002,15.8,18.7,13.2,0.0,0.0,26.3,32.3,57.7,41.8,7.5,20.2,18.3,21.8,35.1,18.1,100.0,0.0,73.7,0.0,0.0,4.1,15.8,73.7,71.4,28.6,0.0,0.0,71.4,28.6,2.2,3.6,0.6,10.3,12.3,8.8,9.6,32.0,0.7,6.1,654.0,-1.4,6.8,5.4,0.1,3.5,3.6,-1.2,6.5,5.3,2.7,"$25,008,427",0
174,Thomas Bryant,22,6,12,28.4,5.6,10.2,54.9,0.6,1.9,28.6,2.2,2.9,73.6,2.3,6.2,8.5,2.7,1.3,2.4,31.1,5,0,-6.5,6.2,33.4,0.4,11.4,1.0,47.4,10.0,8.0,10.4,34.2,-0.032,18.4,21.2,18.4,8.2,10.5,25.5,27.0,39.6,34.9,15.5,15.8,10.0,19.6,22.5,20.4,81.0,19.0,72.5,14.3,12.0,9.2,8.4,58.2,79.1,20.9,90.0,10.0,80.2,19.8,1.2,2.9,1.3,8.1,10.0,8.0,10.4,34.2,0.4,2.6,511.0,-2.3,-0.5,-2.7,-3.9,-5.9,-9.7,-2.8,-1.5,-4.3,-0.4,"$7,936,508",0
176,Tristan Thompson,28,5,14,31.4,5.8,11.5,50.9,0.2,0.4,42.9,2.1,3.4,60.9,4.2,6.4,10.6,2.2,1.5,2.5,34.4,12,0,-3.1,6.4,27.6,0.8,19.2,1.2,57.5,12.1,8.3,9.3,35.5,0.07,19.6,23.2,20.2,2.4,2.0,18.6,24.2,60.2,35.1,17.4,14.9,32.2,22.5,23.7,20.4,96.8,3.2,81.8,3.8,3.4,5.3,10.6,78.0,61.1,38.9,33.3,66.7,60.4,39.6,1.5,3.1,0.7,10.8,12.1,8.3,9.3,35.5,1.5,3.2,597.0,-1.4,2.8,1.4,0.2,2.3,2.5,-1.1,3.0,1.9,1.4,"$18,539,130",0
181,Rui Hachimura,21,6,13,28.0,5.8,11.9,48.7,0.4,2.0,21.1,1.4,1.7,84.4,1.5,4.1,5.6,1.7,0.8,2.2,24.5,1,0,-5.5,4.1,22.8,0.7,18.2,0.2,7.5,10.3,8.8,9.6,32.8,-0.042,19.7,21.7,21.9,6.2,11.3,16.2,15.2,27.4,23.9,10.3,10.1,39.1,17.4,12.8,19.5,83.2,16.8,80.0,18.8,9.4,12.9,16.1,61.2,68.6,31.4,100.0,0.0,70.9,29.1,2.2,1.8,1.7,8.2,10.3,8.8,9.6,32.8,1.4,1.4,532.0,-0.9,-4.2,-5.1,2.1,-9.5,-7.4,-0.4,-5.5,-5.9,-0.8,"$4,469,160",0
185,Ben Simmons,23,14,5,34.3,5.4,10.2,53.1,0.1,0.2,33.3,2.1,3.6,58.0,1.5,5.4,6.9,8.4,3.7,3.4,39.1,9,1,4.7,5.4,20.5,2.4,35.4,0.5,12.8,11.8,7.8,9.0,32.8,0.145,18.9,18.2,16.3,0.7,0.7,17.2,21.8,21.3,20.7,43.6,32.3,14.3,20.1,26.3,16.3,98.5,1.5,82.6,1.6,1.2,29.1,20.6,81.0,51.0,49.0,100.0,0.0,51.5,48.5,2.7,1.3,3.8,10.5,11.8,7.8,9.0,32.8,0.4,4.3,652.0,-1.1,2.8,1.7,2.8,-0.0,2.8,-0.3,2.4,2.0,1.6,"$8,113,930",0
202,Brandon Clarke,23,6,12,21.2,5.1,8.1,63.0,0.6,1.2,45.5,1.1,1.3,82.6,1.3,4.6,5.9,1.3,1.1,1.7,24.1,1,0,-4.7,4.6,29.3,0.5,17.0,0.9,37.8,10.0,6.9,8.4,22.2,0.036000000000000004,18.6,27.5,19.9,12.3,9.3,17.9,15.9,30.8,29.6,10.0,15.4,11.9,17.3,12.9,24.9,84.9,15.1,77.0,4.7,14.1,11.7,13.6,72.3,79.3,20.7,100.0,0.0,81.5,18.5,1.6,1.4,1.4,8.6,10.0,6.9,8.4,22.2,0.3,1.0,381.0,0.3,-1.6,-1.3,-1.6,-1.1,-2.7,-0.0,-1.5,-1.5,0.2,"$2,478,840",0
204,Jarrett Allen,21,10,10,26.5,4.5,6.8,66.7,0.0,0.1,0.0,2.6,4.4,58.0,3.4,7.1,10.5,1.2,1.2,2.6,30.4,9,0,2.2,7.1,35.1,0.7,17.1,1.3,43.9,7.8,6.9,6.4,25.3,0.076,15.1,19.7,13.4,0.0,0.2,27.9,35.8,55.3,39.8,8.8,14.6,22.4,21.7,35.5,18.4,99.3,0.7,77.9,0.0,0.0,6.5,16.5,77.9,77.8,22.2,0.0,0.0,77.8,22.2,1.9,3.1,0.8,9.0,7.8,6.9,6.4,25.3,0.6,3.8,529.0,-0.5,4.1,3.6,4.7,4.5,9.2,0.5,4.5,5.0,2.1,"$2,376,840",0
205,Richaun Holmes,26,8,11,27.7,4.9,7.5,65.7,0.0,0.0,0.0,1.6,2.1,77.5,2.5,5.7,8.3,0.9,1.0,4.1,28.6,6,0,1.5,5.7,30.4,0.8,17.9,1.5,50.9,9.4,7.4,5.7,27.9,0.09,14.9,21.7,15.2,0.0,0.0,17.8,18.3,47.5,34.2,6.3,11.5,20.5,34.8,20.4,18.5,100.0,0.0,85.8,4.6,0.0,5.5,18.3,81.3,79.8,20.2,0.0,0.0,79.8,20.2,2.1,2.7,0.6,9.4,9.4,7.4,5.7,27.9,0.5,2.2,527.0,-0.3,0.9,0.6,3.3,4.0,7.3,0.4,1.6,2.0,1.3,"$4,767,000",0
208,Cody Zeller,27,6,13,24.0,4.4,8.4,52.5,0.6,1.7,36.4,1.7,2.6,65.3,3.1,4.9,7.9,1.2,1.5,2.4,23.7,4,0,-6.7,4.9,32.4,0.5,15.5,0.4,23.5,9.9,7.2,5.7,27.7,0.006,19.2,23.3,19.6,9.4,9.8,24.2,29.5,54.7,38.4,10.9,15.7,27.3,27.6,29.7,21.6,79.4,20.6,67.9,0.9,17.0,6.6,11.3,67.0,61.1,38.9,91.7,8.3,65.5,34.5,1.3,3.2,0.7,7.5,9.9,7.2,5.7,27.7,0.6,2.9,456.0,-0.7,-3.4,-4.1,-3.7,-6.3,-10.0,-1.3,-4.1,-5.4,-0.6,"$14,471,910",0
227,Steven Adams,26,7,9,26.3,4.3,7.4,58.5,0.0,0.0,0.0,1.2,2.6,46.3,2.7,6.3,9.0,2.8,1.4,1.9,27.8,4,0,0.9,6.3,32.4,0.5,14.3,0.9,45.5,8.8,5.2,6.2,25.6,0.07200000000000001,15.9,19.8,16.2,0.0,0.0,10.9,18.3,54.4,36.8,23.2,17.6,24.3,18.4,22.7,16.3,100.0,0.0,87.9,0.0,0.0,5.1,14.0,87.9,63.8,36.2,0.0,0.0,63.8,36.2,1.4,1.9,0.5,8.6,8.8,5.2,6.2,25.6,0.6,2.9,420.0,-0.5,-2.8,-3.3,1.7,1.2,2.8,-0.1,-2.1,-2.2,0.1,"$25,842,697",0
236,Jahlil Okafor,23,1,12,17.6,3.8,5.8,65.3,0.1,0.2,50.0,1.8,2.8,66.7,1.6,3.1,4.7,1.3,1.5,2.8,19.4,1,0,-3.5,3.1,22.5,0.3,13.3,1.0,50.0,7.2,3.5,5.9,20.2,0.03,19.3,24.6,16.7,1.7,1.1,39.3,40.4,41.2,26.6,13.7,26.3,32.0,34.9,36.2,23.7,97.3,2.7,78.0,0.0,2.4,4.9,5.7,78.0,60.4,39.6,100.0,0.0,61.2,38.8,0.5,1.6,0.5,7.4,7.2,3.5,5.9,20.2,0.6,2.6,229.0,-0.9,-1.7,-2.6,-1.0,-3.9,-4.9,-1.0,-2.2,-3.2,-0.1,"$1,702,486",0
237,Rondae Hollis-Jefferson,24,10,3,22.0,3.8,6.5,57.6,0.0,0.2,0.0,1.8,2.6,70.6,2.7,3.3,6.0,1.7,1.2,1.9,21.4,2,0,5.2,3.3,19.8,0.8,23.3,0.4,13.2,7.7,6.2,6.4,16.8,0.12300000000000001,16.1,20.7,16.1,0.0,1.0,20.0,21.4,39.8,25.6,15.1,16.2,11.1,18.0,19.9,18.4,97.6,2.4,80.3,9.8,0.0,11.5,21.3,70.5,63.3,36.7,0.0,0.0,63.3,36.7,2.0,1.8,1.1,6.6,7.7,6.2,6.4,16.8,0.3,2.1,286.0,3.6,-0.1,3.5,0.5,4.8,5.3,3.1,0.9,4.0,1.0,"$2,500,000",0
252,Hamidou Diallo,21,4,8,21.4,3.8,7.7,50.0,0.2,1.1,15.4,0.9,1.5,61.1,1.2,2.7,3.8,0.8,1.2,2.4,18.9,1,0,0.9,2.7,16.8,1.5,41.9,0.3,13.8,7.2,5.8,3.8,21.5,0.121,18.5,21.8,20.4,3.8,8.4,12.8,14.9,28.6,19.2,8.4,14.9,32.3,27.4,15.4,18.7,85.9,14.1,83.8,3.8,5.7,17.1,26.7,80.0,61.4,38.6,50.0,50.0,60.9,39.1,2.3,1.4,1.5,7.0,7.2,5.8,3.8,21.5,0.8,1.6,256.0,-2.2,2.9,0.7,-1.2,6.5,5.2,-2.1,3.8,1.7,0.6,"$1,416,852",0
260,Mitchell Robinson,21,3,14,20.5,3.4,4.9,67.9,0.0,0.0,0.0,1.8,2.9,61.2,2.9,3.7,6.6,0.6,0.9,3.8,24.0,1,0,-5.5,3.7,27.0,0.6,20.4,1.9,66.0,7.9,6.8,6.4,15.9,0.033,14.8,22.1,13.8,0.0,0.0,23.3,26.6,51.0,34.1,7.9,12.8,17.1,35.6,28.8,20.3,100.0,0.0,79.2,0.0,0.0,2.8,10.4,79.2,64.9,35.1,0.0,0.0,64.9,35.1,0.9,3.7,0.2,6.7,7.9,6.8,6.4,15.9,0.4,2.6,348.0,1.2,0.4,1.6,-2.0,-1.0,-3.0,0.7,0.2,0.9,0.6,"$1,559,712",0
264,Derrick Favors,28,2,7,21.0,4.0,6.4,62.1,0.1,0.2,50.0,0.2,0.7,33.3,3.4,5.4,8.9,2.1,1.6,2.3,23.6,3,0,-1.6,5.4,37.1,0.6,13.9,0.4,23.5,9.6,7.0,9.1,24.4,0.018000000000000002,15.1,20.5,15.2,1.6,1.2,3.8,8.0,54.4,42.3,17.6,19.7,38.9,27.3,13.0,16.0,96.6,3.4,93.3,2.7,4.0,5.3,16.0,90.7,74.3,25.7,100.0,0.0,75.0,25.0,1.3,2.0,0.4,7.6,9.6,7.0,9.1,24.4,0.8,1.1,189.0,0.2,-1.8,-1.6,3.5,-2.2,1.3,0.8,-1.9,-1.1,0.2,"$17,650,000",0
267,Jaxson Hayes,19,6,12,20.2,3.3,5.3,61.5,0.0,0.1,0.0,1.7,2.7,63.3,1.9,2.7,4.6,0.7,0.9,3.1,19.0,1,0,1.4,2.7,18.8,0.8,21.2,0.9,44.7,7.4,6.2,5.7,19.4,0.051,14.9,17.8,13.9,0.0,0.8,24.0,27.5,46.7,25.2,6.8,14.9,17.5,30.4,25.8,16.5,97.9,2.1,79.2,0.0,0.0,18.8,9.4,79.2,71.2,28.8,0.0,0.0,71.2,28.8,0.8,2.1,1.6,6.6,7.4,6.2,5.7,19.4,0.4,2.2,363.0,-1.8,-2.7,-4.4,4.1,2.2,6.2,-0.7,-1.8,-2.4,0.1,"$4,862,040",0
271,Ivica Zubac,22,16,6,16.0,3.1,5.2,59.1,0.0,0.0,0.0,1.9,2.3,82.0,2.2,4.2,6.4,0.8,0.9,2.5,19.9,3,0,1.2,4.2,33.3,0.2,6.3,1.1,50.0,5.3,3.4,5.0,13.6,0.078,18.0,23.6,17.1,0.0,0.4,32.3,31.1,52.2,38.0,10.7,17.2,45.5,31.6,21.4,22.4,99.1,0.9,76.8,3.4,0.0,11.3,20.3,73.4,75.0,25.0,0.0,0.0,75.0,25.0,1.6,2.2,0.9,5.9,5.3,3.4,5.0,13.6,0.5,1.5,353.0,0.3,1.6,1.9,-4.3,3.3,-1.0,-0.7,2.0,1.3,0.7,"$6,481,482",0
273,DeAndre Jordan,31,8,9,21.5,3.4,4.9,68.7,0.0,0.0,0.0,1.3,2.1,61.1,2.2,6.9,9.2,2.0,1.0,2.1,25.6,3,0,-3.8,6.9,42.9,0.5,16.7,1.1,51.4,9.9,6.4,5.7,20.7,0.047,12.9,19.1,12.4,0.0,0.0,16.3,19.6,53.5,45.1,19.5,12.6,15.8,21.1,25.6,16.7,100.0,0.0,83.8,0.0,0.0,0.0,14.7,83.8,80.7,19.3,0.0,0.0,80.7,19.3,1.2,2.4,0.0,6.7,9.9,6.4,5.7,20.7,0.4,2.7,366.0,0.3,1.1,1.4,-5.0,-2.9,-7.8,-0.8,0.4,-0.5,0.4,"$9,881,598",0
280,Bismack Biyombo,27,6,14,16.7,3.1,5.3,58.1,0.0,0.0,0.0,1.8,3.3,55.4,1.7,2.7,4.4,0.9,0.7,1.9,17.0,1,0,-1.5,2.7,25.0,0.3,14.0,0.8,48.5,5.5,4.6,4.7,17.8,0.034,18.8,22.3,17.3,0.0,0.0,32.4,39.2,42.9,29.7,9.8,15.5,37.9,26.2,32.5,21.5,100.0,0.0,77.2,1.3,0.0,7.6,14.6,75.9,82.0,18.0,0.0,0.0,82.0,18.0,1.2,1.1,0.6,6.0,5.5,4.6,4.7,17.8,0.6,2.5,334.0,-1.0,-0.5,-1.5,2.1,3.4,5.5,-0.4,0.4,0.0,0.5,"$17,000,000",0
282,DeAndre' Bembry,25,5,16,26.0,3.2,6.3,51.1,0.4,1.4,30.0,0.9,1.8,48.6,1.0,3.7,4.7,2.8,1.6,2.2,22.1,2,0,-7.0,3.7,21.0,1.6,31.4,0.4,17.6,11.5,8.0,7.1,24.8,0.047,13.6,15.5,13.5,9.2,8.8,8.7,13.4,18.8,20.5,22.5,15.6,12.8,17.3,15.2,13.8,77.4,22.6,72.4,0.0,16.6,19.6,23.9,72.4,59.3,40.7,100.0,0.0,64.7,35.3,1.9,1.0,1.5,5.6,11.5,8.0,7.1,24.8,0.5,1.7,546.0,-1.0,1.2,0.1,-7.8,4.8,-2.9,-2.5,2.1,-0.5,0.6,"$2,603,982",0
284,Enes Kanter,27,7,5,16.4,3.0,5.3,57.1,0.0,0.1,0.0,1.8,2.8,63.6,2.9,3.6,6.5,1.1,0.8,1.2,20.1,1,0,4.6,3.6,31.6,0.8,33.3,0.5,54.5,4.6,4.2,4.0,16.2,0.076,17.9,21.4,17.0,0.0,0.8,24.4,28.9,62.5,40.6,12.9,17.9,25.0,18.2,27.7,19.8,98.4,1.6,77.4,4.3,0.0,5.4,16.1,73.1,41.7,58.3,0.0,0.0,41.7,58.3,1.3,3.1,0.4,5.7,4.6,4.2,4.0,16.2,0.5,2.3,197.0,3.9,1.8,5.6,4.1,-0.0,4.0,4.1,1.4,5.6,0.8,"$4,767,000",0
288,Nerlens Noel,25,8,10,18.6,3.0,4.7,63.5,0.0,0.0,0.0,1.6,2.1,76.3,1.3,3.6,4.8,1.4,1.1,2.8,22.5,1,0,-3.4,3.6,28.1,0.9,27.9,1.7,66.0,7.2,6.9,6.0,18.4,0.045,16.0,20.9,14.8,0.0,0.0,22.8,23.5,50.0,31.8,17.1,19.4,2.6,35.4,25.2,19.2,100.0,0.0,78.8,8.8,0.0,4.4,13.9,70.1,79.6,20.4,0.0,0.0,79.6,20.4,1.1,1.6,0.3,5.3,7.2,6.9,6.0,18.4,0.1,2.1,335.0,-0.7,4.4,3.6,-5.3,-2.7,-8.0,-1.7,3.2,1.5,0.7,"$2,028,594",0
289,Dwight Powell,28,12,5,25.7,3.2,4.9,64.3,0.2,0.6,36.4,1.0,2.0,50.0,1.6,2.9,4.5,1.1,1.0,2.6,16.9,0,0,6.2,2.9,15.2,0.7,20.0,0.4,15.0,9.8,6.8,7.2,26.8,0.075,11.2,13.9,10.7,2.9,3.2,10.4,15.8,29.7,18.3,8.2,12.8,24.1,28.5,21.5,12.0,86.9,13.1,77.5,0.0,9.3,4.7,10.9,77.5,82.0,18.0,100.0,0.0,83.3,16.7,0.8,1.4,0.4,5.9,9.8,6.8,7.2,26.8,0.4,2.6,436.0,-1.5,0.3,-1.3,7.5,-1.2,6.2,0.2,-0.0,0.2,0.7,"$10,259,375",0
291,Willie Cauley-Stein,26,3,16,22.4,3.4,6.3,53.8,0.0,0.0,0.0,0.7,1.0,73.7,1.4,5.1,6.4,1.6,0.9,3.0,23.5,1,0,-6.3,5.1,32.9,1.1,28.4,1.2,44.9,8.1,7.9,5.4,21.5,0.026000000000000002,14.9,19.0,15.6,0.0,0.0,9.6,10.4,37.7,33.8,14.6,15.7,21.6,32.4,11.7,16.0,100.0,0.0,90.1,5.6,0.0,16.2,20.4,84.5,76.6,23.4,0.0,0.0,76.6,23.4,1.5,1.2,1.2,6.3,8.1,7.9,5.4,21.5,0.6,1.0,426.0,-4.5,3.1,-1.4,-2.7,-0.3,-3.0,-4.4,2.7,-1.7,0.2,"$2,177,483",0
296,Damian Jones,24,4,16,18.4,3.0,4.4,69.0,0.1,0.3,40.0,1.3,1.7,73.5,1.6,2.2,3.8,0.8,0.7,3.5,16.2,0,0,-5.1,2.2,19.9,0.5,14.3,0.8,55.2,7.9,5.9,6.3,20.0,-0.015,12.9,18.6,12.9,2.6,2.2,19.7,20.9,40.0,25.3,8.2,10.5,16.4,34.8,19.5,17.3,94.3,5.7,78.9,1.4,4.1,5.4,16.3,77.6,82.8,17.2,100.0,0.0,83.3,16.7,1.2,1.7,0.4,5.7,7.9,5.9,6.3,20.0,0.6,1.5,369.0,-0.7,-2.6,-3.2,2.3,-7.6,-5.3,-0.1,-3.7,-3.8,-0.2,"$2,305,057",0
298,Marquese Chriss,22,4,17,18.2,2.6,5.5,47.8,0.1,0.8,17.6,2.0,2.3,85.4,1.4,3.3,4.8,2.1,1.6,2.1,20.1,0,0,-2.8,3.3,28.9,0.8,23.3,1.0,58.3,7.3,4.4,5.0,19.7,0.026000000000000002,18.0,18.1,16.1,3.6,6.8,25.3,25.4,34.1,30.3,23.4,27.5,15.7,31.3,23.1,18.1,85.2,14.8,67.5,3.9,5.8,7.1,16.9,63.6,69.2,30.8,100.0,0.0,70.9,29.1,1.2,1.8,0.5,4.7,7.3,4.4,5.0,19.7,0.4,1.9,382.0,-2.1,4.1,2.0,0.6,-1.9,-1.3,-1.6,3.3,1.6,0.9,"$1,678,854",0
303,Mason Plumlee,29,13,5,16.5,2.8,4.8,58.6,0.0,0.2,0.0,1.4,2.6,53.2,1.7,3.9,5.6,2.2,1.5,2.8,19.5,0,0,-1.1,3.9,31.8,0.6,23.3,0.8,35.9,4.7,4.1,4.2,16.6,0.085,19.1,21.8,15.6,0.0,1.8,29.1,34.3,40.3,34.0,24.2,32.1,12.5,35.5,28.8,20.7,96.6,3.4,80.3,1.6,0.0,4.7,13.4,78.7,74.5,25.5,0.0,0.0,74.5,25.5,0.9,1.6,0.3,5.6,4.7,4.1,4.2,16.6,0.2,2.1,297.0,-1.6,3.4,1.8,-4.3,1.7,-2.6,-2.3,3.1,0.8,0.5,"$14,041,096",0
304,Dwight Howard,33,18,3,19.9,2.8,3.8,73.8,0.0,0.0,0.0,1.4,2.7,52.6,2.1,4.8,6.9,0.8,1.1,3.9,20.7,2,0,3.8,4.8,34.8,0.3,12.5,1.4,53.6,6.7,4.9,5.6,17.0,0.071,13.0,16.2,10.7,0.0,0.4,21.1,27.4,47.3,37.9,8.3,19.7,16.7,49.7,32.1,15.4,98.8,1.3,79.7,1.4,0.0,4.1,6.1,78.4,61.0,39.0,0.0,0.0,61.0,39.0,0.4,2.9,0.3,5.5,6.7,4.9,5.6,17.0,0.2,3.2,417.0,0.2,1.4,1.7,4.1,-2.8,1.2,1.0,0.5,1.6,0.9,"$2,564,753",0
305,Dwight Howard,33,18,3,19.9,2.8,3.8,73.8,0.0,0.0,0.0,1.4,2.7,52.6,2.1,4.8,6.9,0.8,1.1,3.9,20.7,2,0,3.8,4.8,34.8,0.3,12.5,1.4,53.6,6.7,4.9,5.6,17.0,0.071,13.0,16.2,10.7,0.0,0.4,21.1,27.4,47.3,37.9,8.3,19.7,16.7,49.7,32.1,15.4,98.8,1.3,79.7,1.4,0.0,4.1,6.1,78.4,61.0,39.0,0.0,0.0,61.0,39.0,0.4,2.9,0.3,5.5,6.7,4.9,5.6,17.0,0.2,3.2,417.0,0.2,1.4,1.7,4.1,-2.8,1.2,1.0,0.5,1.6,0.9,"$3,039,097",0
306,Edmond Sumner,23,0,3,22.2,3.0,6.0,50.0,0.0,1.0,0.0,1.0,1.7,60.0,0.3,0.7,1.0,2.0,0.3,3.0,16.9,0,0,-11.0,0.7,6.1,1.7,35.7,0.3,14.3,7.0,10.7,3.0,20.7,-0.037000000000000005,13.6,15.3,14.3,0.0,10.7,16.7,22.7,7.7,6.5,16.7,6.7,0.0,27.3,23.1,14.5,83.3,16.7,85.7,0.0,0.0,38.1,38.1,85.7,55.6,44.4,0.0,0.0,55.6,44.4,2.7,0.0,2.7,6.0,7.0,10.7,3.0,20.7,0.0,2.0,67.0,-0.8,4.1,3.2,-1.9,-12.4,-14.3,-1.0,0.8,-0.2,0.1,"$2,000,000",0
307,JaVale McGee,31,18,3,16.7,3.1,5.1,60.2,0.0,0.0,0.0,0.8,1.2,64.0,2.0,4.4,6.4,0.7,0.9,2.1,20.1,2,0,2.5,4.4,35.1,0.6,15.8,1.2,44.6,6.0,4.4,6.3,14.9,0.068,16.0,19.9,16.2,0.0,0.0,18.2,21.6,49.4,38.5,6.8,15.8,24.1,30.8,24.6,17.8,100.0,0.0,89.0,0.0,0.0,6.2,17.1,89.0,70.8,29.2,0.0,0.0,70.8,29.2,1.2,1.8,0.4,6.2,6.0,4.4,6.3,14.9,0.3,1.3,351.0,-1.0,5.9,4.9,1.0,-2.7,-1.7,-0.7,4.4,3.7,1.2,"$4,000,000",0
311,Alex Len,26,5,15,16.7,2.6,5.3,49.5,0.2,1.3,15.4,1.4,2.1,68.3,1.3,3.1,4.3,0.8,1.1,2.1,15.7,1,0,-5.2,3.1,24.4,0.4,12.9,0.8,38.1,7.0,5.1,4.8,15.4,0.039,17.6,20.9,17.7,6.3,11.7,21.1,23.8,37.9,27.2,11.2,15.7,18.2,29.0,21.1,19.6,75.2,24.8,70.6,0.0,8.8,5.1,8.1,70.6,79.2,20.8,100.0,0.0,80.8,19.2,0.6,1.3,0.4,4.8,7.0,5.1,4.8,15.4,0.4,1.6,334.0,-3.0,2.6,-0.4,-10.9,1.4,-9.5,-4.8,2.6,-2.2,0.1,"$4,160,000",0
313,Kyle Anderson,26,5,12,20.5,2.8,5.5,50.5,0.2,0.9,25.0,0.9,1.6,57.1,0.9,3.5,4.4,2.6,0.9,1.7,19.2,0,0,-4.7,3.5,24.6,0.7,23.5,0.7,25.5,9.8,7.2,6.6,22.6,0.034,14.0,15.6,14.4,6.3,8.2,13.9,17.8,22.5,24.1,22.7,12.3,4.4,19.3,17.5,14.6,82.8,17.2,75.4,8.8,10.5,21.1,19.3,66.7,60.5,39.5,100.0,0.0,63.8,36.2,1.3,0.9,1.4,4.5,9.8,7.2,6.6,22.6,0.1,1.4,348.0,0.4,-0.9,-0.4,-3.2,-2.3,-5.4,-0.3,-1.1,-1.4,0.2,"$9,073,050",0
322,Daniel Theis,27,11,5,21.6,2.6,5.3,48.2,0.1,0.8,15.4,1.2,1.7,70.4,1.7,5.1,6.8,1.3,0.8,3.2,21.7,1,0,3.0,5.1,30.4,0.5,12.3,1.5,58.5,5.2,4.7,4.9,16.8,0.122,13.0,14.7,13.0,2.2,5.0,16.1,19.1,37.5,31.9,12.0,13.6,20.8,34.9,23.7,13.5,84.7,15.3,75.7,3.9,5.8,5.8,9.7,71.8,84.6,15.4,100.0,0.0,85.4,14.6,0.6,1.7,0.4,4.6,5.2,4.7,4.9,16.8,0.7,2.3,346.0,-3.6,4.1,0.6,-2.5,5.8,3.2,-3.6,4.6,1.0,0.7,"$5,000,000",0
339,JaKarr Sampson,26,6,3,18.5,2.6,4.6,56.1,0.2,1.1,20.0,0.2,0.8,28.6,0.8,1.9,2.7,0.4,0.7,2.6,12.4,0,0,1.3,1.9,13.9,0.6,20.8,0.7,30.0,6.7,3.6,5.8,17.3,0.07400000000000001,13.0,14.7,13.5,8.3,13.0,5.4,14.9,23.3,15.8,4.2,11.3,7.7,35.4,13.1,13.4,75.6,24.4,84.0,12.0,12.0,16.0,28.0,72.0,90.5,9.5,100.0,0.0,91.3,8.7,1.6,0.0,0.9,4.0,6.7,3.6,5.8,17.3,0.1,0.9,166.0,-4.0,2.3,-1.7,-0.6,0.8,0.2,-3.5,2.1,-1.4,0.1,"$1,737,145",0
342,Taj Gibson,34,4,15,16.3,2.5,4.8,51.6,0.1,0.4,25.0,0.5,0.8,60.0,2.1,2.5,4.6,1.1,0.7,2.3,14.5,0,0,-4.0,2.5,23.9,0.7,23.2,0.2,20.0,6.4,3.7,5.1,15.6,0.023,14.6,19.3,15.9,2.9,4.7,9.5,10.6,47.6,30.7,15.2,15.2,12.0,27.2,17.4,16.1,91.2,8.8,85.7,21.0,5.7,9.5,19.0,64.8,73.3,26.7,100.0,0.0,74.5,25.5,1.1,1.2,0.5,3.6,6.4,3.7,5.1,15.6,0.2,1.1,311.0,-1.5,-0.8,-2.3,-0.9,-3.2,-4.1,-1.4,-1.3,-2.7,0.0,"$9,800,000",0
347,Cheick Diallo,23,5,8,9.6,2.4,3.0,79.5,0.0,0.0,0.0,0.6,0.7,88.9,0.8,2.0,2.8,0.5,0.5,1.0,10.0,1,0,0.8,2.0,32.5,0.0,0.0,0.3,44.4,1.8,2.6,2.4,9.7,0.004,17.0,26.7,17.0,0.0,0.0,20.0,18.0,41.7,34.6,9.1,25.0,0.0,37.1,14.9,23.0,100.0,0.0,88.6,11.4,0.0,5.7,17.1,77.1,80.6,19.4,0.0,0.0,80.6,19.4,0.9,0.9,0.3,4.2,1.8,2.6,2.4,9.7,0.0,0.5,124.0,2.9,1.9,4.8,9.4,-9.1,0.4,4.4,-0.3,4.2,0.4,"$1,678,854",0
371,Tony Bradley,21,8,7,10.0,1.9,2.9,65.9,0.0,0.0,0.0,0.7,1.1,68.8,1.3,2.3,3.5,0.3,0.5,1.9,10.6,0,0,-1.0,2.3,27.2,0.1,20.0,0.5,63.6,4.9,4.0,2.9,11.6,0.045,15.8,24.6,17.1,0.0,0.0,18.6,20.8,61.3,34.0,6.5,11.3,37.5,33.3,17.0,21.1,100.0,0.0,84.1,0.0,0.0,8.7,5.8,84.1,72.4,27.6,0.0,0.0,72.4,27.6,0.3,1.3,0.4,3.9,4.9,4.0,2.9,11.6,0.4,0.6,150.0,1.1,5.6,6.7,-3.8,0.7,-3.2,0.2,4.7,4.9,0.6,"$1,962,360",0
373,Bruno Fernando,21,5,16,12.7,1.9,3.4,54.9,0.2,0.7,28.6,0.6,1.0,59.1,1.2,1.7,3.0,1.1,1.0,1.7,10.8,0,0,-0.7,1.7,19.9,0.2,13.2,0.4,39.1,6.2,3.4,2.8,12.1,0.048,15.1,17.6,14.5,6.5,7.7,16.5,19.1,36.6,24.6,18.6,18.3,23.3,28.7,21.8,16.2,80.3,19.7,73.7,2.1,12.6,11.6,13.7,71.6,65.7,34.3,100.0,0.0,69.2,30.8,0.6,1.2,0.5,3.2,6.2,3.4,2.8,12.1,0.5,1.1,267.0,-1.7,-0.7,-2.4,-1.1,6.0,4.9,-1.7,0.8,-0.9,0.3,"$1,400,000",0
376,Isaiah Hartenstein,21,5,2,13.4,1.6,2.1,73.3,0.0,0.1,0.0,1.3,1.6,81.8,1.1,2.4,3.6,0.6,0.9,2.1,11.3,0,0,6.0,2.4,22.1,0.3,12.5,0.6,50.0,5.7,4.3,3.9,12.0,0.081,11.4,13.4,8.9,0.0,1.0,23.7,23.4,38.1,25.5,9.3,17.6,0.0,34.1,25.0,12.9,93.3,6.7,71.0,0.0,0.0,0.0,12.9,71.0,81.8,18.2,0.0,0.0,81.8,18.2,0.6,1.1,0.0,3.1,5.7,4.3,3.9,12.0,0.0,1.4,94.0,0.7,2.5,3.2,6.4,4.9,11.3,1.8,3.1,4.9,0.4,"$1,416,852",0
384,Daniel Gafford,21,5,7,9.9,1.8,2.5,70.0,0.0,0.0,0.0,0.7,1.4,47.1,0.9,0.8,1.8,0.1,0.1,1.3,8.1,0,0,-1.8,0.8,11.9,0.0,0.0,0.6,50.0,3.3,2.3,2.5,7.2,0.055,13.2,24.1,13.2,0.0,0.0,24.2,35.4,39.3,18.8,1.9,2.7,11.8,25.8,27.7,21.6,100.0,0.0,84.0,0.0,0.0,10.0,10.0,84.0,66.7,33.3,0.0,0.0,66.7,33.3,0.4,1.0,0.4,3.5,3.3,2.3,2.5,7.2,0.2,1.1,118.0,-1.1,-0.5,-1.6,-7.5,6.3,-1.2,-2.5,0.9,-1.6,0.1,"$898,310",0
386,Khem Birch,27,4,7,21.0,1.5,3.2,48.6,0.0,0.1,0.0,1.0,2.1,47.8,1.8,3.6,5.5,0.9,0.5,2.8,14.7,0,0,-3.5,3.6,25.2,0.5,12.2,0.6,25.0,7.3,5.7,6.6,21.3,0.052000000000000005,9.4,9.0,8.1,0.0,0.7,16.4,23.0,38.5,28.4,10.6,8.8,12.5,32.6,29.9,9.2,97.1,2.9,75.6,0.0,0.0,8.9,22.2,75.6,82.4,17.6,0.0,0.0,82.4,17.6,0.9,0.7,0.4,3.1,7.3,5.7,6.6,21.3,0.2,2.4,231.0,-3.1,5.5,2.4,-4.0,-0.9,-5.0,-3.4,4.5,1.0,0.4,"$3,000,000",0
387,Noah Vonleh,24,7,7,12.6,1.4,3.1,46.5,0.1,0.7,10.0,1.1,1.4,84.2,1.2,2.4,3.6,1.1,0.9,1.4,10.6,0,0,-1.2,2.4,27.0,0.3,14.3,0.2,13.6,5.2,4.0,3.6,12.6,0.063,14.4,14.1,12.8,2.2,7.3,24.6,20.9,41.5,30.5,17.6,20.0,18.2,25.0,21.5,14.4,76.7,23.3,66.7,0.0,5.3,0.0,14.0,66.7,57.9,42.1,100.0,0.0,60.0,40.0,0.6,1.3,0.0,2.7,5.2,4.0,3.6,12.6,0.3,1.2,177.0,-3.3,1.5,-1.8,-2.8,2.2,-0.7,-3.4,1.7,-1.7,0.1,"$2,000,000",0
389,Justin James,22,4,6,13.2,1.8,4.1,43.9,0.3,1.3,23.1,0.1,0.6,16.7,0.2,1.6,1.8,0.8,0.5,1.0,9.6,0,0,-1.3,1.6,19.3,0.4,16.0,0.5,50.0,4.0,2.8,2.6,11.6,0.07200000000000001,15.7,17.8,17.3,20.0,16.0,2.3,9.7,8.7,17.0,12.9,13.2,22.2,16.1,12.5,15.3,68.3,31.7,75.0,15.0,22.5,32.5,30.0,60.0,73.3,26.7,100.0,0.0,77.8,22.2,1.2,0.0,1.3,2.4,4.0,2.8,2.6,11.6,0.2,0.7,132.0,-3.5,0.3,-3.2,-9.8,4.7,-5.0,-5.0,1.3,-3.7,-0.1,"$898,310",0
393,Ty Jerome,22,1,0,12.4,2.0,4.0,50.0,0.0,1.0,0.0,0.0,0.0,0.0,0.0,3.0,3.0,4.0,0.0,4.0,22.6,0,0,-1.0,3.0,60.0,3.0,75.0,0.0,0.0,4.0,7.0,2.0,16.0,0.021,13.8,18.2,17.4,0.0,9.1,0.0,0.0,0.0,50.0,50.0,0.0,50.0,50.0,20.0,13.8,75.0,25.0,100.0,0.0,0.0,0.0,0.0,100.0,50.0,50.0,0.0,0.0,50.0,50.0,0.0,0.0,0.0,4.0,4.0,7.0,2.0,16.0,1.0,1.0,12.0,3.8,9.7,13.5,-2.0,3.5,1.5,2.8,9.0,11.8,0.1,"$2,193,480",0
394,Isaac Bonga,20,4,10,15.4,1.6,3.0,52.4,0.3,0.7,40.0,0.5,0.7,70.0,0.8,2.1,2.9,1.2,0.6,2.0,11.0,0,0,0.5,2.1,18.2,0.6,29.0,0.1,12.5,4.6,3.9,4.1,14.3,0.044000000000000004,9.7,10.9,9.7,7.4,6.5,11.5,12.8,19.6,18.6,13.7,12.7,7.7,31.8,23.0,10.6,76.2,23.8,65.5,3.6,21.8,21.8,29.1,61.8,72.2,27.8,100.0,0.0,77.3,22.7,1.1,0.6,0.9,2.4,4.6,3.9,4.1,14.3,0.1,1.4,216.0,-0.5,1.2,0.7,0.0,7.4,7.4,-0.4,2.7,2.3,0.6,"$1,416,852",0
398,Bruno Caboclo,24,2,10,10.8,1.7,4.2,40.0,0.3,1.5,16.7,0.2,0.3,66.7,0.9,1.7,2.6,0.6,0.6,1.3,11.1,1,0,-0.3,1.7,22.5,0.6,24.1,0.8,47.4,4.8,4.3,3.5,8.5,0.045,17.5,18.5,19.8,11.1,20.0,3.5,4.1,34.4,25.6,10.8,18.4,23.5,28.1,7.9,15.0,64.0,36.0,75.6,8.9,20.0,8.9,15.6,66.7,70.6,29.4,100.0,0.0,75.0,25.0,0.6,0.7,0.3,2.5,4.8,4.3,3.5,8.5,0.3,0.4,130.0,-5.1,4.6,-0.5,-1.7,6.1,4.4,-4.7,5.2,0.6,0.2,"$1,845,301",0
407,Thanasis Antetokounmpo,27,4,0,6.1,1.5,2.5,60.0,0.0,0.0,0.0,0.5,1.0,50.0,0.8,0.0,0.8,1.0,0.5,0.8,5.4,0,0,0.8,0.0,0.0,0.0,0.0,0.0,0.0,5.0,3.0,2.0,5.5,0.006,22.0,24.0,23.3,0.0,0.0,66.7,57.1,60.0,12.5,21.1,18.2,100.0,30.0,66.7,22.6,100.0,0.0,85.7,0.0,0.0,28.6,14.3,85.7,50.0,50.0,0.0,0.0,50.0,50.0,0.5,0.5,1.0,3.0,5.0,3.0,2.0,5.5,0.3,1.0,25.0,5.4,-5.1,0.3,10.4,-2.9,7.5,6.6,-5.1,1.5,0.1,"$1,445,697",0
412,Jordan Bell,24,4,5,8.2,1.2,2.1,57.9,0.0,0.3,0.0,0.8,1.2,63.6,1.0,2.6,3.6,0.7,1.3,0.7,8.2,0,0,-3.1,2.6,38.3,0.0,0.0,0.3,30.0,4.7,3.1,1.6,8.7,0.006,19.3,20.0,15.4,0.0,5.6,21.9,22.9,75.0,44.4,19.4,38.7,16.7,15.4,21.2,18.4,84.2,15.8,75.9,0.0,0.0,0.0,6.9,75.9,81.8,18.2,0.0,0.0,81.8,18.2,0.2,0.7,0.0,2.4,4.7,3.1,1.6,8.7,0.1,0.8,74.0,-5.5,0.1,-5.4,-8.1,-1.2,-9.2,-6.3,-0.1,-6.5,-0.1,"$1,620,564",0
418,Javonte Green,26,10,3,6.5,1.3,2.4,54.8,0.2,0.8,30.0,0.2,0.4,40.0,0.2,0.7,0.9,0.2,0.2,0.8,5.1,0,0,-0.8,0.7,15.3,0.3,26.7,0.0,0.0,2.4,1.5,1.2,5.5,0.009000000000000001,17.8,23.6,20.3,20.0,19.6,5.9,11.9,18.8,16.0,6.7,12.0,0.0,20.8,10.8,20.2,67.7,32.3,71.8,0.0,23.1,25.6,35.9,71.8,71.4,28.6,100.0,0.0,76.5,23.5,1.1,0.3,0.8,2.2,2.4,1.5,1.2,5.5,0.0,0.3,84.0,-0.7,-1.4,-2.1,0.6,-7.1,-6.5,-0.5,-2.8,-3.3,-0.0,"$898,310",0
419,Nicolas Claxton,20,4,5,13.2,1.2,2.3,52.4,0.0,0.6,0.0,0.6,1.3,41.7,0.9,1.6,2.4,1.2,0.7,1.1,9.1,0,0,-3.4,1.6,15.4,0.1,8.3,0.6,29.4,6.9,4.9,5.8,14.0,0.036000000000000004,11.1,12.1,9.8,0.0,5.0,13.9,23.5,57.1,21.0,16.2,15.4,8.3,20.4,24.5,10.9,76.2,23.8,81.5,7.4,0.0,11.1,11.1,74.1,81.8,18.2,0.0,0.0,81.8,18.2,0.3,0.7,0.3,2.2,6.9,4.9,5.8,14.0,0.1,1.3,119.0,-2.1,1.8,-0.4,-5.8,-1.8,-7.6,-3.1,1.2,-1.9,0.1,"$898,310",0
424,Chimezie Metu,22,2,4,3.6,1.2,2.0,58.3,0.0,0.0,0.0,0.3,0.7,50.0,1.2,0.7,1.8,0.3,0.0,0.0,6.4,0,0,-0.7,0.7,28.6,0.0,0.0,0.3,66.7,1.7,0.0,0.8,3.7,0.006999999999999999,22.2,43.8,25.5,0.0,0.0,22.2,22.2,46.7,37.9,22.2,0.0,66.7,0.0,21.4,38.1,100.0,0.0,87.5,25.0,0.0,12.5,12.5,62.5,71.4,28.6,0.0,0.0,71.4,28.6,0.3,0.8,0.3,1.7,1.7,0.0,0.8,3.7,0.3,0.5,21.0,13.4,5.5,18.9,-5.7,1.3,-4.4,10.2,5.1,15.3,0.2,"$1,416,852",0
428,John Henson,28,1,1,11.1,1.0,2.5,40.0,0.0,1.0,0.0,0.5,3.0,16.7,1.0,1.5,2.5,1.0,1.0,0.5,15.0,0,0,-11.5,1.5,42.9,1.5,50.0,1.5,60.0,5.5,4.5,5.0,12.0,-0.064,18.2,11.1,12.5,0.0,11.8,25.0,60.0,33.3,38.5,25.0,22.2,0.0,14.3,55.6,11.6,60.0,40.0,80.0,0.0,0.0,0.0,20.0,80.0,50.0,50.0,0.0,0.0,50.0,50.0,0.5,0.0,0.0,2.0,5.5,4.5,5.0,12.0,0.0,2.5,22.0,-3.9,1.8,-2.1,-7.1,-17.5,-24.6,-4.8,-1.9,-6.7,-0.0,"$9,732,396",0
430,Max Strus,23,0,2,3.1,1.0,1.5,66.7,0.0,0.5,0.0,0.5,0.5,100.0,0.5,0.0,0.5,0.0,0.0,0.5,3.1,0,0,7.5,0.0,0.0,0.0,0.0,0.0,0.0,0.5,0.0,0.0,1.0,0.033,15.8,20.0,18.8,0.0,12.5,20.0,20.0,25.0,10.0,0.0,0.0,0.0,11.1,0.0,17.2,66.7,33.3,80.0,0.0,0.0,0.0,0.0,80.0,50.0,50.0,0.0,0.0,50.0,50.0,0.0,1.0,0.0,2.0,0.5,0.0,0.0,1.0,0.0,0.0,6.0,13.6,-1.0,12.7,55.8,19.2,75.0,23.4,3.2,26.6,0.1,"$415,414",0
433,Udonis Haslem,39,2,0,5.4,0.5,0.5,100.0,0.0,0.0,0.0,1.5,2.0,75.0,0.0,1.5,1.5,0.0,0.0,1.5,4.3,0,0,-3.5,1.5,75.0,0.0,0.0,0.0,0.0,1.0,3.0,2.0,7.0,-0.023,13.0,16.7,7.7,0.0,0.0,33.3,40.0,0.0,75.0,0.0,0.0,0.0,42.9,33.3,21.7,100.0,0.0,40.0,0.0,0.0,0.0,0.0,40.0,100.0,0.0,0.0,0.0,100.0,0.0,0.0,0.0,0.0,1.0,1.0,3.0,2.0,7.0,0.0,1.5,11.0,1.3,-2.2,-1.0,-14.1,-11.5,-25.6,-2.0,-4.4,-6.4,-0.0,"$2,564,753",0
441,Grant Williams,21,14,4,14.8,0.8,3.0,25.9,0.0,1.2,0.0,0.7,0.8,80.0,0.7,1.5,2.2,0.8,0.8,1.8,8.7,0,0,3.2,1.5,13.2,0.4,17.4,0.7,32.4,4.2,3.7,4.2,12.4,0.09699999999999999,11.2,6.4,10.6,0.0,10.5,11.3,11.5,21.3,15.0,12.1,19.2,12.5,25.8,13.0,6.5,59.3,40.7,70.0,5.0,0.0,7.5,22.5,65.0,71.4,28.6,0.0,0.0,71.4,28.6,0.5,0.3,0.2,1.4,4.2,3.7,4.2,12.4,0.2,0.9,267.0,-7.5,0.8,-6.7,-3.1,7.4,4.3,-7.1,2.2,-4.9,-0.3,"$2,379,840",0
443,Amile Jefferson,26,1,2,3.0,1.0,1.0,100.0,0.0,0.0,0.0,0.0,0.0,0.0,0.7,0.3,1.0,0.7,0.3,0.0,3.9,0,0,0.7,0.3,14.3,0.0,0.0,0.0,0.0,0.7,1.7,0.7,2.0,0.015,16.0,33.3,15.0,0.0,0.0,0.0,0.0,40.0,25.0,50.0,100.0,0.0,0.0,0.0,30.0,100.0,0.0,100.0,0.0,0.0,0.0,0.0,100.0,33.3,66.7,0.0,0.0,33.3,66.7,0.0,1.3,0.0,2.0,0.7,1.7,0.7,2.0,0.0,0.0,9.0,9.4,-8.2,1.2,-2.9,2.4,-0.5,7.5,-6.5,1.0,0.0,"$1,355,851",0
444,Sekou Doumbouya,18,2,1,2.9,1.0,2.0,50.0,0.0,0.3,0.0,0.0,0.3,0.0,0.0,0.7,0.7,0.0,0.0,0.7,2.8,0,0,3.0,0.7,28.6,0.0,0.0,0.0,0.0,1.0,0.7,0.0,0.7,0.031,28.6,30.0,37.5,0.0,25.0,0.0,20.0,0.0,25.0,0.0,0.0,0.0,40.0,16.7,23.1,83.3,16.7,100.0,0.0,0.0,0.0,0.0,100.0,100.0,0.0,0.0,0.0,100.0,0.0,0.0,0.7,0.0,2.0,1.0,0.7,0.0,0.7,0.0,0.3,9.0,-6.9,-5.8,-12.7,12.5,10.2,22.7,-3.4,-2.8,-6.2,-0.0,"$3,285,120",0
445,Tyson Chandler,37,11,7,9.0,0.7,0.9,76.5,0.0,0.0,0.0,0.3,0.5,55.6,1.1,1.7,2.7,0.3,0.3,1.3,7.2,0,0,2.7,1.7,25.2,0.3,17.9,0.4,63.6,2.8,1.9,2.6,9.7,0.033,6.6,9.8,5.5,0.0,0.0,4.9,7.0,48.7,31.0,10.7,15.4,7.1,38.1,16.3,7.4,100.0,0.0,83.9,0.0,0.0,6.5,9.7,83.9,84.6,15.4,0.0,0.0,84.6,15.4,0.2,0.3,0.1,1.4,2.8,1.9,2.6,9.7,0.1,0.8,163.0,-2.5,-0.1,-2.6,3.6,0.7,4.3,-1.5,0.0,-1.5,0.1,"$2,564,753",0
446,Caleb Martin,24,0,3,8.3,0.7,3.0,22.2,0.0,1.0,0.0,0.3,1.0,33.3,0.0,1.3,1.3,1.0,1.0,0.7,6.8,0,0,-3.0,1.3,19.0,0.3,25.0,0.7,40.0,3.0,0.7,1.3,6.7,0.079,21.3,13.3,22.0,0.0,25.0,14.3,25.0,0.0,16.0,25.0,23.1,0.0,22.2,20.0,12.5,66.7,33.3,80.0,0.0,0.0,40.0,0.0,80.0,50.0,50.0,0.0,0.0,50.0,50.0,0.0,0.0,0.7,1.3,3.0,0.7,1.3,6.7,0.0,0.7,25.0,-11.7,0.4,-11.3,-22.7,12.0,-10.8,-14.6,3.0,-11.7,-0.1,"$898,310",0
447,Alize Johnson,23,7,1,4.6,0.6,1.4,45.5,0.0,0.0,0.0,0.4,0.5,75.0,0.8,0.8,1.5,0.3,0.1,0.5,3.7,0,0,-0.6,0.8,27.3,0.0,0.0,0.0,0.0,1.6,0.5,2.5,3.8,0.0,13.1,15.2,13.9,0.0,0.0,25.0,23.5,37.5,31.6,10.5,20.0,33.3,26.7,31.6,15.1,100.0,0.0,76.9,0.0,0.0,30.8,61.5,76.9,40.0,60.0,0.0,0.0,40.0,60.0,1.0,0.4,0.5,1.3,1.6,0.5,2.5,3.8,0.3,0.8,37.0,3.4,-6.3,-2.9,7.6,-10.0,-2.3,4.5,-7.5,-3.0,-0.0,"$1,416,852",0
451,Ed Davis,30,5,4,12.0,0.6,1.4,38.5,0.0,0.0,0.0,0.2,0.4,50.0,1.4,3.6,5.0,0.4,1.0,2.3,9.7,0,0,-1.7,3.6,39.0,0.2,10.5,0.7,50.0,4.1,2.9,2.4,8.0,0.08800000000000001,9.6,7.1,7.1,0.0,0.0,5.6,8.9,76.5,45.5,11.4,22.0,10.0,40.4,15.2,6.1,100.0,0.0,83.3,0.0,0.0,0.0,16.7,83.3,40.0,60.0,0.0,0.0,40.0,60.0,0.2,1.1,0.0,1.1,4.1,2.9,2.4,8.0,0.1,0.8,108.0,-4.7,7.2,2.5,-11.1,8.4,-2.8,-6.3,7.8,1.5,0.2,"$4,767,000",0
454,Vincent Poirier,26,6,0,5.1,0.5,1.3,37.5,0.0,0.0,0.0,0.2,0.3,50.0,0.8,0.5,1.3,0.5,0.5,1.2,4.5,0,0,1.7,0.5,11.1,0.2,25.0,0.3,40.0,1.5,0.7,1.0,4.3,0.033,15.8,12.0,14.3,0.0,0.0,7.1,13.3,71.4,23.5,20.0,27.3,40.0,46.7,25.0,9.7,100.0,0.0,85.7,57.1,0.0,28.6,28.6,28.6,100.0,0.0,0.0,0.0,100.0,0.0,0.3,0.0,0.3,0.3,1.5,0.7,1.0,4.3,0.3,0.5,31.0,-7.3,-9.8,-17.1,-2.0,3.3,1.3,-6.7,-7.8,-14.5,-0.2,"$2,505,793",0
455,Jonah Bolden,23,2,0,2.4,0.5,0.5,100.0,0.0,0.0,0.0,0.0,1.0,0.0,0.0,0.0,0.0,0.0,0.5,0.0,2.0,0,0,-6.0,0.0,0.0,0.5,100.0,0.0,0.0,4.0,0.0,0.0,1.0,-0.043,23.1,50.0,16.7,0.0,0.0,0.0,33.3,0.0,0.0,0.0,33.3,0.0,0.0,33.3,25.0,100.0,0.0,100.0,0.0,0.0,100.0,100.0,100.0,100.0,0.0,0.0,0.0,100.0,0.0,1.0,0.0,1.0,1.0,4.0,0.0,0.0,1.0,0.0,0.5,5.0,-17.1,-0.3,-17.4,-27.5,-36.5,-64.0,-20.4,-8.0,-28.4,-0.1,"$1,698,450",0
456,Justin Patton,22,1,1,4.7,0.5,1.5,33.3,0.0,0.5,0.0,0.0,0.0,0.0,0.0,1.0,1.0,0.0,0.5,2.0,1.7,0,0,-2.0,1.0,25.0,0.0,0.0,0.0,0.0,5.0,1.0,0.0,6.0,-0.008,17.4,12.5,18.8,0.0,11.1,0.0,0.0,0.0,25.0,0.0,20.0,0.0,44.4,0.0,8.3,66.7,33.3,100.0,0.0,0.0,0.0,0.0,100.0,100.0,0.0,0.0,0.0,100.0,0.0,0.0,0.0,0.0,1.0,5.0,1.0,0.0,6.0,0.0,0.0,9.0,-17.1,-11.6,-28.7,4.3,-11.2,-6.9,-13.7,-12.2,-25.9,-0.1,"$1,620,564",0
457,Caleb Swanigan,22,1,3,2.8,0.3,0.5,50.0,0.0,0.0,0.0,0.3,0.5,50.0,0.3,0.8,1.0,0.0,0.8,0.8,3.5,0,0,1.0,0.8,30.0,0.3,25.0,0.5,66.7,1.3,0.8,0.8,2.5,0.054000000000000006,19.4,12.5,11.1,0.0,0.0,20.0,16.7,33.3,30.8,0.0,60.0,0.0,60.0,14.3,13.6,100.0,0.0,66.7,0.0,0.0,0.0,66.7,66.7,100.0,0.0,0.0,0.0,100.0,0.0,0.5,0.0,0.0,0.5,1.3,0.8,0.8,2.5,0.0,0.3,11.0,-12.5,-1.3,-13.8,-13.9,22.3,8.4,-13.5,3.6,-9.9,-0.0,"$2,033,160",0
