Player,Pos,Age,Tm,G,GS,MP,FG,FGA,FG%,3P,3PA,3P%,2P,2PA,2P%,FT,FTA,FT%,ORB,DRB,TRB,AST,STL,BLK,TOV,PF,PTS,ORtg,DRtg,PER,TS%,3PAr,FTr,ORB%,DRB%,TRB%,AST%,STL%,BLK%,TOV%,USG%,OWS,DWS,WS,WS/48,OBPM,DBPM,BPM,VORP,salary,Team,Minutes,BSR Off.,BSR Def.,BSR Total,OOR Off.,OOR Def.,OOR Total,OVR Off.,OVR Def.,OVR total,WAR
Andre Iguodala,SF,35,GSW,68,13,1578,4.6,9.1,0.5,1.4,4.3,0.333,3.1,4.8,0.652,1.2,2,0.582,1.4,6.2,7.6,6.5,1.8,1.5,1.6,2.9,11.7,124,109,13.1,0.587,0.477,0.222,3.4,13.2,8.5,16.8,1.8,2.7,13.6,10.4,2.4,1.8,4.2,0.129,0.2,1.7,1.9,1.6,"$17,185,185 ",,,,,,,,,,,,
Ante Žižić,C,23,CLE,4,0,64,7.5,13.6,0.556,0,0,0,7.5,13.6,0.556,3,3.8,0.8,3.8,6.8,10.6,0,0.8,0.8,0.8,6,18.1,124,114,13.9,0.594,0,0.278,8.3,15.4,11.8,0,0.8,1.3,4.7,14.1,0.1,0,0.1,0.112,-3,-4.2,-7.3,-0.1,"$2,281,800 ",Cavaliers,64,-3.6,-1.4,-4.9,1.6,-8,-6.4,-2.7,-2.6,-5.3,-0.1
Boban Marjanović,C,31,DAL,8,1,104,11,22.1,0.5,0,0.5,0,11,21.6,0.511,4.6,5.5,0.833,5.5,11.5,17,2.3,0.9,0.5,3.2,6.4,26.7,110,108,17.9,0.544,0.021,0.25,12.3,24.1,18.4,7.5,0.9,0.8,11.6,24.4,0.1,0.1,0.3,0.12,-2.7,-2.1,-4.8,-0.1,"$3,500,000 ",Mavericks,104,0.2,-2.1,-1.9,13.7,-1.2,12.5,2.6,-2.1,0.5,0.2
Bogdan Bogdanović,SG,27,SAC,16,0,445,9.4,22.5,0.417,5.1,12.9,0.393,4.3,9.6,0.448,3.2,4.4,0.725,0.2,4.5,4.7,8.5,2.8,0.2,3.2,3.3,27,111,110,18,0.553,0.574,0.196,0.5,10.8,5.5,28.3,2.8,0.4,11.6,24.5,0.7,0.4,1.1,0.118,3.4,-1.5,1.9,0.4,"$8,529,386 ",Kings,445,4.1,1.1,5.2,-0.2,1.4,1.3,3.6,1.2,4.8,1.7
Bojan Bogdanović,SF,30,UTA,17,17,565,10.6,22.1,0.479,4.7,10,0.466,5.9,12.1,0.49,5.1,5.7,0.882,0.9,5.1,6,3.1,1.1,0.3,4,2.9,30.9,111,107,17.9,0.627,0.452,0.261,2.2,10.9,6.8,11.6,1.1,0.6,13.9,26,0.9,0.7,1.6,0.138,2.5,-0.8,1.8,0.5,"$17,000,000 ",Jazz,565,1.9,-0.2,1.6,7.9,-1.6,6.3,3.1,-0.5,2.6,1.5
Brian Bowen,SG,21,IND,3,0,10,4.8,19.3,0.25,0,4.8,0,4.8,14.5,0.333,0,0,0,0,4.8,4.8,0,0,4.8,0,0,9.7,55,104,1.2,0.25,0.25,0,0,10.8,5.4,0,0,8.8,0,17.1,0,0,0,-0.114,-12,0.4,-11.6,0,,Pacers,10,-7.6,7.4,-0.2,-1.1,0.8,-0.3,-6.7,6.5,-0.2,0
Cameron Payne,PG,24,TOT,40,13,712,6.6,15.3,0.43,1.7,5.8,0.298,4.9,9.5,0.511,2.3,2.8,0.805,0.9,4,4.9,7.3,1.9,0.6,3.1,4.4,17.1,103,115,11.5,0.519,0.377,0.184,2,9.2,5.5,21.8,1.9,1.1,15.7,17.6,0.1,0.3,0.5,0.031,-1.9,-1.6,-3.5,-0.3,"$150,000 ",,,,,,,,,,,,
Charlie Brown,SG,22,ATL,4,0,16,2.9,8.8,0.333,2.9,2.9,1,0,5.8,0,11.7,11.7,1,5.8,2.9,8.8,0,0,2.9,0,0,20.4,169,118,21.7,0.735,0.333,1.333,13.8,6.9,10.4,0,0,5.7,0,12.3,0.1,0,0.1,0.25,2.2,-4.4,-2.2,0,,Hawks,16,2.7,7.3,10,3.3,12.6,15.9,3,8.8,11.8,0.1
Chris Chiozza,PG,24,WAS,3,0,37,2.5,11.2,0.222,2.5,5,0.5,0,6.2,0,0,0,0,0,5,5,8.7,2.5,2.5,3.7,7.5,7.5,78,112,4.8,0.333,0.444,0,0,12.1,5.9,21.2,2.5,4.5,25,13.3,-0.1,0,0,-0.061,-6.2,1.2,-5,0,,Wizards,37,-4.9,6.2,1.3,-18.8,23.2,4.4,-7.8,9.7,2,0.1
Chris Clemons,SG,22,HOU,12,0,101,8.1,19,0.429,6.3,15.8,0.4,1.8,3.2,0.571,1.4,1.8,0.75,0.9,3.2,4.1,2.7,0.9,0.9,2.3,5,24,114,113,13.4,0.606,0.833,0.095,2,7,4.5,9.1,0.9,1.7,10.3,19.6,0.2,0.1,0.2,0.1,1.1,-3.3,-2.2,0,,Rockets,101,3.1,1.9,5,-2.1,0.3,-1.8,2.3,1.7,4,0.4
Chris Silva,PF,23,MIA,16,0,161,7.4,10.9,0.676,0,0.6,0,7.4,10.3,0.714,4.1,5.9,0.7,9.1,10.3,19.5,3.2,1.2,3.5,6.8,13,18.9,111,99,17.2,0.699,0.054,0.541,23.5,23.3,23.4,10.4,1.2,7.3,33.4,18.4,0.2,0.3,0.6,0.171,-0.5,4.4,3.9,0.2,,Heat,161,-2,4.1,2.1,3.8,1.6,5.4,-1.1,3.6,2.5,0.4
C.J. Miles,SG,32,WAS,10,0,161,5.4,16.8,0.322,3.1,10,0.314,2.3,6.8,0.333,4.3,5.7,0.75,1.1,2.3,3.4,3.4,2.9,1.1,1.1,4,18.3,103,114,11.3,0.472,0.593,0.339,2.7,5.5,4.1,9,2.9,2.1,5.6,18.3,0.1,0.1,0.1,0.032,-0.5,-1.5,-2,0,"$8,730,158 ",Wizards,161,1.2,-0.3,0.9,0.1,-6.6,-6.5,1,-1.4,-0.4,0.2
Cristiano Felicio,C,26,CHI,60,0,746,6.2,11.6,0.531,0,0.3,0,6.2,11.4,0.543,3.3,4.7,0.685,5.1,9,14.2,2.4,0.7,0.5,2.1,4.5,15.6,116,114,13.4,0.568,0.022,0.408,11.4,20.5,15.9,7.2,0.7,0.8,13.5,14.3,0.9,0.4,1.4,0.088,-2.5,-1.1,-3.5,-0.3,"$8,156,500 ",,,,,,,,,,,,
Damion Lee,SG,27,GSW,11,0,241,6.9,17.9,0.385,2.4,6.9,0.343,4.5,11,0.411,5.5,6.5,0.848,1.8,6.7,8.5,3.9,1.6,0,2.6,3.5,21.6,105,115,12.7,0.521,0.385,0.363,3.9,15.2,9.5,12.5,1.6,0,11,20.7,0.1,0.1,0.2,0.04,-1.4,-2.7,-4.1,-0.1,,Warriors,241,-0.2,-0.8,-1,-1.5,0.4,-1.2,-0.4,-0.6,-1,0.2
Danuel House,SF,26,HOU,14,13,416,6,12.7,0.474,4,8.9,0.444,2.1,3.8,0.543,3,3.7,0.794,1.8,5.3,7,1.8,2,1.1,1.4,3.1,19,128,109,15.7,0.661,0.698,0.293,3.9,11.7,7.8,5.5,2,2.1,9,14,1,0.4,1.4,0.157,2.1,0.5,2.5,0.5,"$3,540,000 ",Rockets,416,1.1,3.4,4.5,2.7,1.4,4,1.4,3.2,4.6,1.6
DaQuan Jeffries,SG,22,SAC,2,0,11,4.5,4.5,1,0,0,0,4.5,4.5,1,0,0,0,4.5,0,4.5,4.5,0,0,0,4.5,8.9,213,119,12.8,1,0,0,10.2,0,5.2,12.8,0,0,0,4,0,0,0,0.167,2.9,-3,-0.1,0,,Kings,11,-0.6,10.8,10.2,-9.2,21.8,12.6,-2.2,13.5,11.3,0.1
Dario Šarić,PF,25,PHO,17,17,468,6.7,15.8,0.424,3.1,7.9,0.392,3.6,7.9,0.456,1.7,2.1,0.81,2.8,9,11.8,3.4,1.8,0.7,2.5,4.1,18.2,105,107,13.2,0.544,0.5,0.133,6.5,21.6,13.9,10.3,1.8,1.3,13,17.5,0.3,0.6,0.8,0.087,-0.2,1.2,1,0.4,"$3,481,986 ",Suns,468,-1.3,0.8,-0.5,4.2,-1.1,3.1,-0.4,0.5,0.1,0.7
Darius Miller,SF,28,NOP,69,15,1757,5,12.8,0.39,3.5,9.6,0.365,1.5,3.2,0.467,1.5,1.9,0.789,0.4,3,3.4,3.9,1.1,0.6,1.6,4.4,15,110,116,8.4,0.55,0.752,0.147,0.8,6.6,3.8,10.4,1.1,1.1,10.3,13.4,1.1,0.6,1.6,0.045,-0.1,-1.5,-1.7,0.1,"$7,250,000 ",,,,,,,,,,,,
Daryl Macon,SG,24,MIA,3,0,13,3.7,11,0.333,3.7,7.3,0.5,0,3.7,0,0,0,0,0,0,0,3.7,0,0,7.3,3.7,11,65,113,-3,0.5,0.667,0,0,0,0,10.4,0,0,40,16.5,0,0,0,-0.141,-9.5,-5.5,-15,0,,Heat,13,-9.5,-0.2,-9.7,-13.3,22.7,9.4,-10.7,4.1,-6.7,0
Dāvis Bertāns,PF,27,WAS,16,0,441,7.3,16,0.455,5.6,12.7,0.443,1.7,3.3,0.5,1.9,2.2,0.857,1.3,6.4,7.6,3,0.9,0.8,1.1,4.2,22.1,127,117,15.8,0.649,0.792,0.136,2.9,15.4,9,8.3,0.9,1.5,6.3,16.2,1.1,0,1.1,0.121,4.1,-2.1,2,0.4,"$7,000,000 ",Wizards,441,3.7,-1,2.7,3.5,3.1,6.6,3.8,-0.2,3.6,1.4
Dean Wade,PF,23,CLE,3,0,18,2.7,5.4,0.5,2.7,2.7,1,0,2.7,0,0,0,0,0,5.4,5.4,0,2.7,0,0,8,8,148,111,6.6,0.75,0.5,0,0,12.2,6,0,2.7,0,0,4.7,0,0,0,0.089,-2.3,-1,-3.3,0,,Cavaliers,18,-5.1,-6.5,-11.7,20.6,-9.2,11.5,-0.6,-7.1,-7.7,0
DeMarcus Cousins,C,28,GSW,30,30,771,11,22.9,0.48,1.6,5.9,0.274,9.4,17,0.551,6.5,8.9,0.736,2.7,12.6,15.2,6.6,2.5,2.7,4.4,6.7,30.1,109,102,21.4,0.562,0.256,0.388,6.2,27,17.1,20.4,2.5,4.8,14.2,28.1,0.9,1.5,2.4,0.151,0.2,3.4,3.6,1.1,"$3,500,000 ",,,,,,,,,,,,
Demetrius Jackson,PG,24,PHI,6,0,39,9.7,18.2,0.533,2.4,7.3,0.333,7.3,10.9,0.667,4.8,4.8,1,2.4,1.2,3.6,6.1,2.4,0,1.2,4.8,26.6,138,112,21,0.656,0.4,0.267,5.6,2.6,4.1,19.6,2.4,0,5.6,19.1,0.2,0,0.2,0.231,4.4,-3.4,1,0,"$92,857 ",,,,,,,,,,,,
Dennis Schröder,PG,26,OKC,17,0,490,9.5,21.8,0.437,2.2,7.6,0.286,7.4,14.3,0.517,3.5,4.7,0.75,0.8,6.1,6.9,6.4,1.4,0.5,4.8,4.1,24.8,96,110,12.7,0.518,0.347,0.216,1.8,13.5,7.8,22.1,1.4,0.8,16.8,26.2,-0.3,0.4,0.1,0.009,-2,-0.8,-2.8,-0.1,"$15,500,000 ",Thunder,490,-1.9,0.2,-1.8,-2.3,14.8,12.6,-2.1,2.9,0.8,0.9
Dennis Smith,PG,22,NYK,11,0,172,6.6,19.7,0.333,2,6.3,0.318,4.6,13.4,0.34,1.4,2.3,0.625,2.6,2.6,5.1,8.3,1.7,0.3,4.6,7.4,16.5,87,115,6.3,0.4,0.319,0.116,5.3,5.9,5.5,26.3,1.7,0.6,18.1,21.8,-0.3,0,-0.3,-0.072,-4.2,-3,-7.2,-0.2,"$4,463,640 ",Knicks,172,-4,-3.1,-7.1,-6.9,-5.3,-12.2,-4.7,-3.6,-8.3,-0.5
Derrick Jones,SF,22,MIA,4,0,57,10,16.7,0.6,0.8,3.3,0.25,9.2,13.3,0.688,2.5,2.5,1,2.5,4.2,6.7,1.7,2.5,0,1.7,9.2,23.3,124,105,16.1,0.657,0.2,0.15,6.4,9.4,8,5.8,2.5,0,8.6,17.6,0.1,0.1,0.2,0.184,0.6,-1,-0.3,0,"$1,645,357 ",Heat,57,-1.3,4.1,2.8,4.6,-2.3,2.3,-0.3,3,2.8,0.2
Derrick Walton,PG,24,LAC,3,0,9,5.2,5.2,1,5.2,5.2,1,0,0,0,0,0,0,0,0,0,5.2,0,0,5.2,10.4,15.6,125,114,8.6,1.5,1,0,0,0,0,14.9,0,0,50,9.1,0,0,0,0.089,0.9,-6.8,-6,0,"$1,445,697 ",Clippers,9,0.4,-4.4,-4,13.3,10.2,23.5,2.7,-2.1,0.6,0
Devon Hall,SG,24,OKC,2,0,15,3.2,12.9,0.25,0,6.4,0,3.2,6.4,0.5,9.6,12.9,0.75,0,3.2,3.2,6.4,0,0,3.2,3.2,16.1,91,116,5.6,0.434,0.5,1,0,7.1,3.6,18.2,0,0,14.8,19.8,0,0,0,-0.042,-5.5,-4.6,-10.1,0,,Thunder,15,-5,-15.8,-20.8,30.7,-1.2,29.5,1.4,-13.9,-12.5,-0.1
Dion Waiters,SG,27,MIA,44,28,1138,8.5,20.5,0.414,4.7,12.4,0.377,3.8,8.1,0.471,0.9,1.9,0.5,0.3,4.7,5,5.2,1.2,0.4,2.7,3.1,22.6,102,111,11.4,0.53,0.605,0.092,0.7,10.2,5.4,16.4,1.2,0.7,11.4,21.1,0.1,1.1,1.2,0.052,-0.3,-1.6,-1.9,0,"$12,100,000 ",,,,,,,,,,,,
Drew Eubanks,PF,22,SAS,1,0,2,0,47.5,0,0,0,0,0,47.5,0,0,0,0,47.5,23.7,71.2,0,0,0,23.7,23.7,0,46,109,-27.9,0,0,0,100,54.7,80.1,0,0,0,33.3,63.2,0,0,0,-1.117,-40.6,-24.2,-64.8,0,,Spurs,2,-39.9,-9.7,-49.6,-38,1,-37.1,-42,-8.3,-50.2,-0.1
Džanan Musa,SF,20,BRK,13,0,211,5.3,15.7,0.338,1.3,7.7,0.171,4,7.9,0.5,4,5.3,0.75,1.3,7.3,8.6,3.1,1.3,0.2,4,2.6,15.9,84,111,6.1,0.441,0.493,0.338,3,16.1,9.7,9.2,1.3,0.4,18.1,19.5,-0.4,0.2,-0.2,-0.051,-5.8,-1.4,-7.2,-0.3,"$1,911,600 ",Nets,211,-4.5,1.2,-3.3,-8.5,0.7,-7.9,-5.5,1.2,-4.3,-0.2
Ersan İlyasova,PF,32,MIL,16,0,257,6.5,14.1,0.463,1.9,7.2,0.268,4.6,6.9,0.667,3,3.5,0.85,3.5,10.6,14.1,1.6,1.4,1.1,0.9,5.3,18,123,102,15.6,0.574,0.513,0.25,7.9,22.2,15.3,4.7,1.4,2,5.3,14.9,0.5,0.5,1,0.185,0.2,0.2,0.4,0.2,"$7,000,000 ",Bucks,257,1.8,2.5,4.4,-2.6,-4,-6.6,1.1,1.4,2.5,0.7
Garrison Mathews,SG,23,WAS,2,0,14,0,6.6,0,0,6.6,0,0,0,0,0,0,0,0,3.3,3.3,6.6,0,0,3.3,9.8,0,39,121,-7.1,0,1,0,0,8,3.9,15.1,0,0,33.3,8.8,-0.1,0,-0.1,-0.199,-9,-3.2,-12.2,0,,Wizards,14,-4.9,0.9,-4,-16,30.6,14.6,-7.3,6.4,-0.9,0
Gary Trent,SG,21,POR,11,1,93,7.5,16.6,0.455,5.5,11.5,0.478,2,5,0.4,0,0,0,1.5,4.5,6,2.5,1,1,1,3.5,20.6,125,114,15,0.621,0.697,0,3.3,9.7,6.5,7.6,1,1.8,5.7,15.6,0.2,0,0.2,0.127,2.2,-1.9,0.2,0.1,"$1,416,852 ",Trail Blazers,93,4,-2.4,1.6,-0.8,-8.8,-9.7,3.3,-3.7,-0.4,0.1
Gerald Green,SG,33,HOU,73,0,1473,7.7,19.2,0.4,5.2,14.7,0.354,2.5,4.6,0.547,1.9,2.3,0.838,1,5.1,6.1,1.3,1.1,0.9,1.8,4.2,22.5,107,113,11.4,0.555,0.763,0.118,2.2,11.7,6.8,4.1,1.1,1.6,8.3,19.5,0.9,1,1.9,0.061,-0.8,-2.6,-3.4,-0.5,"$2,564,753 ",,,,,,,,,,,,
Glenn Robinson,SF,26,GSW,19,19,604,7.1,14.6,0.484,2,4.8,0.41,5.1,9.8,0.52,1.7,2,0.846,2.5,4.5,7.1,3.2,1.6,0.3,1.3,2.4,17.8,117,116,13.9,0.575,0.328,0.14,5.6,10.4,8,10.3,1.6,0.6,7.9,14.9,0.9,0.1,1,0.079,0.8,-1.3,-0.5,0.2,"$1,882,867 ",Warriors,604,-0.1,-1.4,-1.4,2,-5.4,-3.4,0.3,-2.1,-1.8,0.3
Goran Dragić,PG,33,MIA,16,1,460,8.2,18.3,0.446,3.6,8.9,0.407,4.5,9.4,0.484,5.2,7.3,0.704,0.4,4.9,5.3,8.3,1.1,0.4,4.6,2.7,25.1,108,107,15.2,0.583,0.486,0.401,1.1,11,6.3,27.1,1.1,0.9,17.8,23.7,0.6,0.6,1.1,0.117,0.4,-1.4,-1,0.1,"$19,217,900 ",Heat,460,2.2,-2.5,-0.3,-1.2,-6.8,-8,1.7,-3.5,-1.7,0.2
Guerschon Yabusele,PF,23,BOS,41,1,251,6.7,14.8,0.455,1.7,5.4,0.321,5,9.4,0.531,2.9,4.2,0.682,4.4,5.8,10.2,2.9,1.5,1.3,2.9,6.1,18,108,109,12.4,0.542,0.364,0.286,9.8,12.8,11.3,8.2,1.5,2.5,14.8,17.5,0.2,0.3,0.5,0.09,-2.1,-0.1,-2.1,0,"$3,117,240 ",,,,,,,,,,,,
Harry Giles,PF,21,SAC,7,0,52,10.4,23.6,0.44,0,0,0,10.4,23.6,0.44,1.9,1.9,1,2.8,3.8,6.6,4.7,1.9,2.8,4.7,12.3,22.7,90,109,9.8,0.464,0,0.08,6.5,9,7.7,16.3,1.9,5.3,16.2,25.9,-0.1,0.1,0,-0.028,-5.7,0.9,-4.9,0,"$2,578,800 ",Kings,52,-8.6,-3.4,-12,-13,-1.5,-14.5,-9.9,-3.2,-13.1,-0.3
Henry Ellenson,PF,23,BRK,1,0,3,0,0,0,0,0,0,0,0,0,0,0,0,0,0,0,0,0,0,0,0,0,0,118,0,0,0,0,0,0,0,0,0,0,0,0,0,0,0,-0.007,-6.3,0,-6.2,0,,Nets,3,-0.6,-12.5,-13.1,-17.2,-3.6,-20.8,-3.9,-11.6,-15.4,0
Ian Mahinmi,C,32,WAS,34,6,498,4.5,9.9,0.452,0.3,1.5,0.188,4.2,8.4,0.5,4,5.8,0.689,4.6,7.6,12.2,2.4,2.4,1.5,2,8,13.2,113,111,12,0.531,0.154,0.587,10.3,17.7,13.9,6.5,2.4,2.7,13.8,12.9,0.5,0.5,1,0.092,-2.3,1.3,-1,0.1,"$15,450,051 ",,,,,,,,,,,,
Ivan Rabb,PF,21,MEM,49,13,721,8,14.6,0.547,0.2,1,0.2,7.8,13.6,0.574,3.4,4.8,0.71,4.8,9.4,14.2,3.7,1.2,1,2.4,6.2,19.6,117,109,16.1,0.586,0.071,0.325,10.7,21.5,16,12,1.2,1.8,12.6,17.2,1.2,0.9,2.1,0.137,-1.3,0.7,-0.6,0.2,"$371,758 ",,,,,,,,,,,,
Jakob Pöltl,C,24,SAS,19,5,334,6.4,11.4,0.563,0,0,0,6.4,11.4,0.563,2.3,4,0.571,6,9.7,15.6,4,1.4,2.7,2.6,5,15.1,118,110,17.6,0.574,0,0.35,13.1,22.3,17.6,11.2,1.4,4.7,16.3,13.9,0.6,0.3,0.9,0.123,-0.2,2.3,2.1,0.4,"$3,754,886 ",Spurs,334,0.2,4.5,4.8,7.5,1.7,9.2,1.6,4.4,6,1.5
Jalen McDaniels,PF,22,CHO,1,0,3,16.1,32.2,0.5,0,0,0,16.1,32.2,0.5,0,0,0,16.1,0,16.1,0,0,0,0,0,32.2,118,121,26.8,0.5,0,0,35.3,0,18.5,0,0,0,0,28.8,0,0,0,0.124,1,-12.3,-11.4,0,,Hornets,3,12.7,-24.4,-11.7,4.5,-6,-1.6,12,-22.2,-10.2,0
James Ennis,SF,29,PHI,18,0,286,7.5,14.2,0.529,2.2,5.7,0.382,5.4,8.5,0.627,2.8,4,0.708,4,6.2,10.2,2,1.3,0.7,2,5.9,20.1,122,105,15.3,0.628,0.4,0.282,9.5,14.1,11.8,6,1.3,1.2,11.2,15.9,0.6,0.4,1,0.166,1.1,-0.4,0.7,0.2,"$1,882,867 ",76ers,286,1.4,-1.1,0.3,5.3,-2.3,3,2.2,-1.4,0.8,0.5
Jared Harper,PG,22,PHO,1,0,2,0,23.3,0,0,23.3,0,0,0,0,0,0,0,0,0,0,0,0,0,0,0,0,0,117,-19.6,0,1,0,0,0,0,0,0,0,0,21.3,0,0,0,-0.53,-15.9,-6.9,-22.8,0,,Suns,2,-12.9,-8.9,-21.7,-18,-1.9,-19.9,-14.6,-8.1,-22.8,0
Jaren Jackson,C,20,MEM,16,16,425,9.8,20.8,0.469,3.7,8.7,0.425,6.1,12.2,0.5,3.6,4.6,0.786,2.5,6.4,8.9,2.1,0.9,1.5,3.3,6.8,26.8,107,114,14.9,0.587,0.417,0.219,5.8,14.9,10.3,6.8,0.9,2.9,12.5,23.4,0.4,0.2,0.5,0.062,0.4,-2,-1.7,0,"$6,927,480 ",Grizzlies,425,-0.7,-1.4,-2.1,0.5,-10.2,-9.7,-0.5,-3,-3.5,-0.2
Jarrell Brantley,PF,23,UTA,1,0,5,0,0,0,0,0,0,0,0,0,0,0,0,0,28.7,28.7,9.6,0,9.6,0,0,0,232,84,21.6,0,0,0,0,61.7,32.5,25.5,0,16.7,0,0,0,0,0,0.281,-6.9,15.9,8.9,0,,Jazz,5,5,0.4,5.4,28.1,18,46.1,9.6,3.5,13.1,0
Jaylen Adams,PG,22,ATL,34,1,428,4.1,11.9,0.345,2.7,8,0.338,1.4,3.9,0.361,0.8,1,0.778,1.2,5.3,6.5,7,1.5,0.5,3,4.9,11.7,99,115,7.6,0.474,0.673,0.082,2.6,12.3,7.4,19.8,1.5,1,19.7,13.5,-0.1,0.2,0.1,0.011,-3.1,-1.3,-4.4,-0.3,"$100,000 ",,,,,,,,,,,,
Jaylen Hoard,SF,20,POR,3,0,11,4.2,8.5,0.5,0,0,0,4.2,8.5,0.5,0,0,0,4.2,12.7,17,4.2,4.2,0,0,4.2,8.5,137,102,16.6,0.5,0,0,9.3,27.4,18.4,11.7,4.2,0,0,7.6,0,0,0,0.182,-0.4,3.5,3.1,0,,Trail Blazers,11,6.6,-7.9,-1.3,-1,-15.2,-16.3,5.5,-9.7,-4.2,0
Jemerrio Jones,SF,23,LAL,6,2,143,3.9,10.7,0.364,0.7,3.3,0.2,3.3,7.5,0.435,0.3,0.7,0.5,5.2,10.7,15.9,4.2,2.3,1.6,1.6,3.3,8.8,102,105,12.1,0.398,0.303,0.061,11.8,23.4,17.7,11.4,2.3,2.9,12.9,11.3,0,0.2,0.2,0.084,-2.9,3.7,0.8,0.1,"$199,000 ",,,,,,,,,,,,
J.J. Redick,SG,35,NOP,17,13,479,7.6,17,0.444,5.6,11.8,0.48,1.9,5.3,0.364,4.1,4.9,0.843,0.4,4.4,4.8,3.1,0.8,0.5,2.3,2.5,24.9,121,118,15.3,0.649,0.691,0.287,0.9,10.6,5.5,9.4,0.8,0.9,10.7,19,1.1,0,1,0.105,2.9,-3.1,-0.2,0.2,"$13,486,300 ",Pelicans,479,2.5,-2,0.5,2.1,-1.6,0.6,2.5,-2,0.5,0.8
Joakim Noah,C,33,MEM,42,1,693,7.9,15.3,0.516,0,0.1,0,7.9,15.2,0.519,5.6,7.8,0.716,4.2,12.9,17.1,6.4,1.4,2.2,3.6,6.9,21.4,113,105,18.6,0.571,0.005,0.512,9.2,29.6,19.3,20.6,1.4,4.2,16.1,20,1,1.2,2.2,0.15,-1.9,3.5,1.6,0.6,"$6,431,666 ",,,,,,,,,,,,
John Konchar,SG,23,MEM,1,0,7,0,0,0,0,0,0,0,0,0,0,0,0,0,0,0,0,0,0,0,0,0,0,122,0,0,0,0,0,0,0,0,0,0,0,0,0,0,0,-0.026,-5.8,-0.7,-6.5,0,,Grizzlies,7,-3.8,-6.2,-10,-4.6,-13.8,-18.3,-4.2,-7.8,-12,0
John Wall,PG,28,WAS,32,32,1104,10.5,23.7,0.444,2.2,7.2,0.302,8.3,16.4,0.507,5.2,7.5,0.697,0.6,4.3,5,12,2.1,1.2,5.2,3,28.4,104,114,18,0.527,0.306,0.317,1.5,10.1,5.7,39.2,2.1,2.2,16.1,28.8,0.5,0.7,1.2,0.051,1.1,-1.2,-0.2,0.5,"$37,800,000 ",,,,,,,,,,,,
Johnathan Motley,PF,24,LAC,2,0,4,11.7,35.2,0.333,11.7,11.7,1,0,23.4,0,0,0,0,11.7,11.7,23.4,23.4,0,0,23.4,11.7,35.2,88,106,11.5,0.5,0.333,0,26.2,25.1,25.7,82.6,0,0,40,51.1,0,0,0,-0.134,2.4,5.1,7.5,0,,Clippers,4,-10.3,-33.8,-44.1,-9.1,-9.4,-18.5,-10.8,-31.2,-42,-0.1
Jon Leuer,PF,29,DET,41,1,402,8.1,13.9,0.584,0.1,1.3,0.091,8,12.5,0.637,2.8,3.8,0.742,3.3,8.6,11.9,1.7,1.5,0.5,2.8,7.4,19.1,113,109,13.2,0.616,0.097,0.274,7.1,19.8,13.2,5.5,1.5,0.8,15.4,16.1,0.4,0.5,0.9,0.11,-2.9,-0.1,-3,-0.1,"$3,169,348 ",,,,,,,,,,,,
Jonas Valančiūnas,C,27,MEM,17,17,412,10.4,18.9,0.55,1.1,3.1,0.357,9.3,15.8,0.589,2.9,3.4,0.867,4.4,13.6,17.9,3.6,0.6,1.5,4.3,4.9,24.9,109,111,18.6,0.609,0.166,0.178,10.1,31.6,20.8,12.1,0.6,2.7,17.3,22.1,0.5,0.3,0.8,0.094,-0.5,0,-0.5,0.2,"$16,000,000 ",Grizzlies,412,-1.3,1,-0.3,-1.5,0.8,-0.6,-1.4,1.1,-0.3,0.5
Jonathon Simmons,SG-SF,29,TOT,56,9,1064,6.1,16,0.38,1.3,4.7,0.269,4.8,11.2,0.427,3.3,4.4,0.742,1.2,4.5,5.8,5.8,1.3,0.7,3.1,4.1,16.7,95,111,8.5,0.466,0.297,0.277,2.7,10,6.3,16.7,1.3,1.2,14.8,18.7,-0.8,1.1,0.3,0.013,-4.1,-0.6,-4.8,-0.7,"$1,000,000 ",,,,,,,,,,,,
Jordan Bone,PG,22,DET,3,0,6,16.1,40.3,0.4,0,8.1,0,16.1,32.3,0.5,0,0,0,0,0,0,0,0,0,16.1,16.1,32.3,52,118,-16.4,0.4,0.2,0,0,0,0,0,0,0,28.6,50.7,-0.1,0,-0.1,-0.644,-23.8,-11,-34.8,0,,Pistons,6,-30.5,-11.2,-41.7,-20.2,6.2,-14,-30.2,-8.5,-38.7,-0.1
Jordan McLaughlin,PG,23,MIN,4,0,57,3.2,12.1,0.267,0.8,6.4,0.125,2.4,5.6,0.429,1.6,1.6,1,0.8,4.8,5.6,6.4,0.8,0,3.2,3.2,8.9,79,112,2.9,0.346,0.533,0.133,1.8,10.6,6.2,18.3,0.8,0,20.1,14.2,-0.1,0,-0.1,-0.062,-6.6,-1.7,-8.4,-0.1,,Timberwolves,57,-8.1,-4.9,-12.9,-11.5,-4.5,-16,-9.1,-5.1,-14.2,-0.3
Josh Gray,PG,26,NOP,2,0,23,2,4,0.5,0,0,0,2,4,0.5,0,0,0,2,2,4,4,0,0,10,2,4,47,121,-4.9,0.5,0,0,4.4,4.8,4.6,10.5,0,0,71.4,12.3,-0.1,0,-0.1,-0.244,-10.7,-2.2,-12.9,-0.1,,Pelicans,23,-8.3,0.6,-7.6,-18.5,9.3,-9.2,-10.6,2.3,-8.3,-0.1
Josh Jackson,SG,21,PHO,79,29,1988,8.3,20.2,0.413,1.8,5.4,0.324,6.6,14.8,0.445,3.4,5.1,0.671,1.6,6.7,8.3,4.4,1.8,1.3,4.2,5,21.9,91,114,10.6,0.487,0.268,0.253,3.6,15.9,9.7,14.1,1.8,2.3,15.6,23.9,-2.8,1.1,-1.7,-0.04,-4.3,-0.5,-4.8,-1.4,"$7,059,480 ",,,,,,,,,,,,
Josh Magette,PG,30,ORL,2,0,8,12.3,30.7,0.4,0,0,0,12.3,30.7,0.4,0,0,0,6.1,6.1,12.3,12.3,12.3,0,0,0,24.6,108,84,33.5,0.4,0,0,12.6,13.9,13.2,46.6,12.3,0,0,27.1,0,0,0,0.253,6.9,10,16.9,0,,Magic,8,5.1,8.9,14,3,-18.8,-15.7,5.1,4.3,9.4,0
Juan Hernangómez,PF,24,DEN,9,0,122,4.8,10.4,0.462,2.8,6.8,0.412,2,3.6,0.556,0.8,2,0.4,1.6,7.2,8.8,2.4,0,0.8,2.8,2.8,13.2,100,107,7.8,0.585,0.654,0.192,3.4,15.7,9.5,6.6,0,1.5,19.9,12.3,0,0.2,0.2,0.061,-3,0.1,-3,0,"$3,321,030 ",Nuggets,122,-2.5,0.9,-1.6,2,3.2,5.2,-1.7,1.2,-0.5,0.1
Jusuf Nurkic,C,24,POR,72,72,1974,10.3,20.3,0.508,0.1,0.7,0.103,10.2,19.6,0.523,6.9,9,0.773,6,12.4,18.4,5.7,1.7,2.5,4.1,6.1,27.6,116,105,23.4,0.57,0.035,0.442,13.4,26.7,20.2,17.9,1.7,4.2,14.6,24.7,4.4,3.3,7.8,0.189,1.6,3.6,5.1,3.5,"$12,000,000 ",,,,,,,,,,,,
Juwan Morgan,PF,22,UTA,1,0,3,0,0,0,0,0,0,0,0,0,0,0,0,0,15.9,15.9,0,0,0,0,15.9,0,0,103,-1.4,0,0,0,0,34.3,18,0,0,0,0,0,0,0,0,0.083,-9.2,0.2,-8.9,0,,Jazz,3,-1.9,-6.3,-8.2,-13.8,16.7,2.9,-4.1,-2.5,-6.6,0
Kelan Martin,SF,24,MIN,8,0,116,5.9,17.4,0.341,2,9.5,0.208,4,7.9,0.5,0,0,0,0.8,9.1,9.9,0.8,0.4,0.4,1.2,7.1,13.9,81,110,2.9,0.398,0.545,0,1.8,20.1,10.9,2.4,0.4,0.7,6.4,16.5,-0.2,0.1,-0.1,-0.04,-7,-2.7,-9.7,-0.2,,Timberwolves,116,-4.5,-2.5,-7,-9.3,4.6,-4.7,-5.6,-1.4,-7,-0.2
Kelly Oubre,SF,24,PHO,17,17,518,9.1,19.8,0.459,2.2,6.4,0.338,6.9,13.4,0.517,6,7.3,0.827,2.1,6.7,8.7,2.5,2,0.8,2.6,4.7,26.4,110,108,16.6,0.573,0.323,0.368,4.8,16,10.3,8.3,2,1.5,10.2,23.4,0.7,0.6,1.3,0.117,0.2,-0.1,0.1,0.3,"$15,625,000 ",Suns,518,1.2,1.6,2.9,-1.7,-2,-3.8,0.7,1,1.8,1.2
Kevin Durant,SF,30,GSW,78,78,2702,12.7,24.4,0.521,2.4,6.8,0.353,10.3,17.5,0.587,7.9,8.9,0.885,0.6,8.2,8.8,8,1,1.5,4,2.7,35.7,121,110,24.2,0.631,0.281,0.366,1.4,17.5,9.8,26.2,1,2.6,12.3,29,8.6,2.9,11.5,0.204,4.2,0.1,4.3,4.3,"$37,199,000 ",,,,,,,,,,,,
Kevin Knox,SF,20,NYK,18,1,357,6.2,16.1,0.385,3.3,8.7,0.381,2.9,7.4,0.389,3.7,5.8,0.643,1.2,5.9,7.1,3.6,1.4,0.5,1.8,4.3,19.4,108,114,11.7,0.52,0.538,0.359,2.5,13.5,7.7,11.2,1.4,1.1,8.8,17.6,0.3,0.1,0.4,0.06,-0.8,-1.8,-2.7,-0.1,"$4,380,120 ",Knicks,357,-1.3,-3.9,-5.2,-5.5,-1.2,-6.7,-2.1,-3.6,-5.7,-0.5
Kevin Porter,SF,19,CLE,17,1,355,5.8,14.8,0.394,1.1,5,0.216,4.8,9.8,0.486,2.6,3.4,0.76,0.8,6.1,6.9,4.6,1.9,0.5,3,6.1,15.4,93,112,8.3,0.471,0.339,0.229,1.8,13.9,7.7,14.4,1.9,1,15.5,17.1,-0.2,0.2,0,-0.003,-3.3,-0.1,-3.3,-0.1,"$1,290,960 ",Cavaliers,355,-2.1,-4.1,-6.2,-8.6,-3.9,-12.5,-3.4,-4.2,-7.6,-0.9
Klay Thompson,SG,28,GSW,78,78,2652,11.8,25.2,0.467,4.3,10.7,0.402,7.4,14.4,0.516,2.3,2.8,0.816,0.7,4.7,5.4,3.3,1.5,0.8,2.1,2.8,30.1,110,112,16.6,0.571,0.427,0.113,1.6,10.1,6,10.5,1.5,1.5,7.2,25.6,2.9,2.3,5.3,0.095,1.2,-2,-0.8,0.8,"$32,742,000 ",,,,,,,,,,,,
Kostas Antetokounmpo,PF,22,LAL,2,0,3,0,0,0,0,0,0,0,0,0,0,0,0,0,16,16,0,0,0,0,0,0,0,104,3.9,0,0,0,0,36.5,18.5,0,0,0,0,0,0,0,0,0.079,-9.6,-0.9,-10.5,0,,Lakers,3,-2.7,-14.1,-16.8,9.9,11,20.8,-0.5,-10.4,-10.8,0
Kristaps Porziņģis,PF,24,DAL,16,16,499,10.1,24.6,0.41,3.5,9.6,0.37,6.5,15,0.436,4.3,6.2,0.692,2.6,11.5,14.1,2.4,0.8,3.3,2.7,4.6,28,103,105,17.3,0.513,0.391,0.254,5.8,24.1,15.2,7.6,0.8,5.6,9,26.4,0.2,0.7,1,0.093,-2.2,0.6,-1.5,0.1,"$27,285,000 ",Mavericks,499,-2,0.5,-1.4,-4.4,2.8,-1.6,-2.7,1,-1.7,0.3
Ky Bowman,PG,22,GSW,19,6,421,7.5,16,0.472,2.3,5.3,0.426,5.3,10.7,0.495,1.6,1.7,0.933,0.9,3.9,4.8,5.5,2.1,0.2,2.1,4.1,18.9,111,115,13.4,0.565,0.331,0.106,2,9,5.5,17.9,2.1,0.4,11.3,16.7,0.5,0.1,0.6,0.063,-0.3,-2.2,-2.4,0,,Warriors,421,-1.4,-1.8,-3.3,1.3,3.5,4.8,-1,-0.8,-1.8,0.2
Larry Nance,C,27,CLE,16,3,414,7.6,14.6,0.52,2.2,6.1,0.365,5.4,8.5,0.63,2.4,3.4,0.724,4,10.1,14.1,2.4,2.2,0.7,1.6,3,19.8,124,109,19,0.617,0.416,0.232,8.7,23,15.7,8.1,2.2,1.2,9.2,15.6,1,0.4,1.4,0.157,2.3,0.8,3,0.5,"$12,727,273 ",Cavaliers,414,0.9,-1.6,-0.7,-3,-5,-8.1,0.2,-2.3,-2,0.2
Lonnie Walker,SG,21,SAS,12,0,64,7.4,20,0.37,0.7,3,0.25,6.7,17.1,0.391,0.7,5.2,0.143,1.5,6.7,8.2,3,0,0.7,2.2,3.7,16.3,77,117,3.5,0.366,0.148,0.259,3.3,15.4,9.2,8.6,0,1.3,9.1,21.8,-0.2,0,-0.2,-0.14,-8.1,-4,-12.1,-0.2,"$2,760,480 ",Spurs,64,-2.7,-4.7,-7.4,-5.2,3.9,-1.3,-3.3,-3.3,-6.6,-0.1
Luka Dončić,PG,20,DAL,17,17,578,13.7,28.2,0.485,4.3,13.1,0.329,9.4,15.1,0.621,10.8,13.1,0.823,2.1,12,14.1,13.4,2.1,0.2,6.5,3.6,42.4,121,106,32.1,0.625,0.465,0.465,4.6,25.1,15.2,48.1,2.1,0.4,16.2,35.6,2.8,0.8,3.6,0.298,11.3,2.4,13.7,2.3,"$7,683,360 ",Mavericks,578,10.2,1.4,11.6,7.2,-5.1,2.2,10,0.3,10.3,3.9
Luol Deng,SF,33,MIN,22,2,392,7.2,14.4,0.5,1.7,5.4,0.318,5.5,9,0.608,3.1,4.3,0.714,2.4,6.5,8.9,2.2,1.8,1,1.7,2.9,19.2,117,113,14.6,0.588,0.373,0.297,5.4,14.6,10,6.5,1.8,1.7,9.5,15.8,0.5,0.3,0.8,0.101,-0.2,-0.5,-0.6,0.1,"$4,990,000 ",,,,,,,,,,,,
Marcus Morris,SF,30,NYK,18,18,594,8.9,21.2,0.42,4.2,8.2,0.515,4.7,13,0.361,5.6,6.7,0.84,1.8,7.3,9.1,2,1.5,0.9,2.9,4.6,27.7,111,112,16.3,0.572,0.385,0.315,3.7,16.6,9.8,6.8,1.5,1.8,10.7,23.4,0.9,0.3,1.2,0.097,0.4,-1.8,-1.4,0.1,"$15,000,000 ",Knicks,594,0.9,0.1,1,3.2,-0.9,2.3,1.4,0,1.4,1.2
Marvin Bagley,PF,20,SAC,1,1,28,10.5,28.1,0.375,0,0,0,10.5,28.1,0.375,3.5,7,0.5,7,10.5,17.5,0,1.8,1.8,1.8,1.8,24.5,88,107,14.1,0.394,0,0.25,16,25.2,20.5,0,1.8,3.3,5.3,29.2,-0.1,0,0,-0.038,-10.3,-6.8,-17.2,-0.1,"$8,556,120 ",Kings,28,-7,0.7,-6.3,-12,-6.1,-18.1,-8.2,-0.5,-8.8,-0.1
Melvin Frazier,SG,23,ORL,2,0,8,6.1,30.7,0.2,0,6.1,0,6.1,24.6,0.25,0,0,0,6.1,0,6.1,6.1,0,0,0,0,12.3,66,115,-0.9,0.2,0.2,0,12.6,0,6.6,18.9,0,0,0,27.1,0,0,0,-0.253,-8.8,-4.8,-13.6,0,"$1,416,852 ",Magic,8,-4,-24.1,-28.1,3,-18.8,-15.7,-2.8,-24.4,-27.2,-0.1
Michael Porter,PF,21,DEN,10,0,90,8.1,18.5,0.441,1.1,5.4,0.2,7.1,13,0.542,2.7,4.3,0.625,4.3,8.1,12.5,2.2,0,1.6,3.3,7.1,20.1,97,105,10.3,0.493,0.294,0.235,9.2,17.8,13.4,6.6,0,3.1,13.8,20.6,0,0.1,0.1,0.054,-4.2,-0.5,-4.7,-0.1,"$3,389,400 ",Nuggets,90,-3.6,-0.1,-3.7,-10.3,-5.2,-15.5,-5,-1.2,-6.2,-0.2
Miles Plumlee,C,30,ATL,18,0,173,8.5,12.8,0.667,0,0,0,8.5,12.8,0.667,4.3,8,0.533,4.3,6.1,10.4,4.5,1.6,1.1,2.7,3.7,21.4,125,114,18.9,0.654,0,0.625,9.5,14.3,11.8,14.7,1.6,2,14,16.7,0.4,0.1,0.5,0.145,0.2,-0.3,-0.1,0.1,"$12,500,000 ",,,,,,,,,,,,
Moses Brown,C,20,POR,4,0,15,9.3,21.8,0.429,0,0,0,9.3,21.8,0.429,6.2,12.5,0.5,6.2,21.8,28,0,3.1,0,3.1,12.5,24.9,95,99,15.6,0.457,0,0.571,13.7,46.9,30.4,0,3.1,0,10.2,27,0,0,0,0.066,-10.5,-7.6,-18.1,-0.1,,Trail Blazers,15,-1.9,-7.5,-9.4,-5.1,-19.2,-24.3,-2.7,-10.2,-12.8,-0.1
Naz Mitrou-Long,SG,26,IND,3,0,43,6.7,18,0.375,2.2,12.4,0.182,4.5,5.6,0.8,0,0,0,0,6.7,6.7,7.9,1.1,1.1,2.2,1.1,15.7,96,105,10.6,0.438,0.688,0,0,15.1,7.6,21.6,1.1,2,11.1,17.9,0,0.1,0,0.048,-2.3,-0.2,-2.5,0,,Pacers,43,-1.1,6.4,5.4,-1.9,14.3,12.4,-1.3,8.2,6.9,0.2
Nenê Hilário,C,36,HOU,42,2,546,5.4,10.4,0.517,0,0.3,0,5.4,10.2,0.531,2.8,4.2,0.66,3.1,8,11.1,2.3,1.6,1.3,1,7.8,13.6,122,110,11.9,0.552,0.026,0.405,6.7,18.4,12.5,6.8,1.6,2.3,7.4,11.7,0.8,0.6,1.4,0.123,-3,1.1,-2,0,"$2,564,753 ",,,,,,,,,,,,
Nicolò Melli,C,29,NOP,16,3,263,5.9,12.9,0.459,3.3,8.7,0.38,2.6,4.2,0.625,2.8,3.5,0.8,2.1,6.3,8.4,3.7,1.7,0.5,2.1,5.4,17.9,121,114,13.7,0.622,0.676,0.27,4.7,15,9.7,10.7,1.7,1,12.7,14.6,0.5,0.1,0.6,0.107,1.5,-1.1,0.4,0.2,"$3,902,439 ",Pelicans,263,-0.2,-2.7,-2.9,-4,-4.8,-8.8,-0.9,-3.1,-4.1,-0.2
Nikola Jokić,C,24,DEN,16,16,490,10.5,22.4,0.467,1.6,6.6,0.242,8.9,15.8,0.56,3.2,4.1,0.78,3.4,13.2,16.5,9.6,1.9,0.8,4.1,5.3,25.7,109,99,20.5,0.531,0.293,0.182,7.2,28.7,17.8,31.3,1.9,1.5,14.4,24.7,0.7,1.1,1.8,0.172,2.3,3.9,6.2,1,"$26,573,595 ",Nuggets,490,1.6,-0.2,1.4,2.6,-1,1.6,1.8,-0.5,1.3,1
Nikola Vučević,C,29,ORL,14,14,431,10.8,24.1,0.45,1.8,5.7,0.32,9,18.4,0.491,3.8,4.4,0.846,4.7,13.8,18.5,5.6,1,1.7,2.3,3.1,27.3,111,103,22.3,0.524,0.237,0.185,9.6,31.2,19.9,20.1,1,3.1,8.1,25,0.7,0.7,1.5,0.164,1.5,2.6,4.1,0.7,"$28,000,000 ",Magic,431,-0.5,2.1,1.6,5.6,-0.4,5.2,0.7,1.7,2.4,1.1
Oshae Brissett,SF,21,TOR,3,0,13,3.7,11,0.333,3.7,3.7,1,0,7.3,0,0,0,0,0,3.7,3.7,3.7,3.7,0,0,0,11,115,103,11,0.5,0.333,0,0,7.4,3.9,10,3.7,0,0,9.9,0,0,0,0.124,-1.7,1.6,-0.1,0,,Raptors,13,-0.9,-0.6,-1.5,11.1,-13.1,-2.1,1.2,-3.1,-1.9,0
Otto Porter,SF,26,CHI,9,9,226,7.3,17.4,0.417,3.3,8.3,0.4,3.9,9.1,0.432,3.1,4.1,0.75,1.7,4.8,6.4,2.9,1.9,0.6,1.5,4.1,20.9,111,109,13.6,0.544,0.476,0.238,3.5,11,7.1,9.6,1.9,1.2,7,18.2,0.3,0.2,0.5,0.1,-0.3,-0.5,-0.8,0.1,"$27,250,576 ",Bulls,226,0.7,-0.3,0.4,2,-2.3,-0.3,1,-0.7,0.4,0.4
PJ Washington,PF,21,CHO,19,19,522,7.6,15.3,0.497,2.3,5.2,0.446,5.3,10.1,0.523,2.4,3.6,0.667,1.6,7.5,9.1,2.5,1.9,1.5,2.1,4.6,19.9,111,111,14.6,0.59,0.339,0.236,3.4,18.1,10.4,8,1.9,2.7,11.2,17,0.6,0.4,1,0.089,-0.8,0.6,-0.2,0.2,"$3,831,840 ",Hornets,522,-1.5,-2.5,-4,-1,-0.4,-1.4,-1.5,-2.1,-3.6,-0.2
Reggie Bullock,SG,27,TOT,63,60,1879,6.3,15.3,0.412,3.8,10.1,0.377,2.5,5.2,0.483,1.9,2.2,0.859,0.6,3.9,4.5,3.3,1,0.3,1.7,2.8,18.4,111,113,10.5,0.563,0.662,0.143,1.2,8.8,4.9,10.1,1,0.5,9.3,15.8,1.6,1.4,3.1,0.078,0.1,-1,-0.9,0.5,"$4,000,000 ",,,,,,,,,,,,
Robert Williams,C,22,BOS,15,1,213,6.3,8.6,0.737,0,0,0,6.3,8.6,0.737,1.4,2.5,0.545,3.8,11.3,15.1,4.5,3.2,3.8,2.7,6.3,14,128,95,20.1,0.724,0,0.289,8.2,23.9,16.1,13.5,3.2,7.5,21.9,10.9,0.4,0.6,1,0.228,-0.2,7.8,7.6,0.5,"$1,937,520 ",Celtics,213,-1.3,1.8,0.6,4.5,-8,-3.5,-0.3,0,-0.3,0.3
Shamorie Ponds,PG,21,TOR,1,0,6,15.8,23.8,0.667,0,7.9,0,15.8,15.8,1,0,0,0,0,7.9,7.9,15.8,0,0,0,15.8,31.7,153,107,27.1,0.667,0.333,0,0,16,8.5,65.1,0,0,0,21.4,0,0,0.1,0.413,10.6,-3.5,7.1,0,,Raptors,6,8.7,-47.5,-38.8,25.7,-19.3,6.4,12.2,-45.1,-32.9,-0.1
Skal Labissière,C,23,POR,19,0,317,8,13.8,0.574,0.3,0.9,0.333,7.7,13,0.591,2.2,3.2,0.682,6,8.1,14.1,3.1,0.6,3.1,3.2,7.5,18.4,117,110,17.3,0.603,0.064,0.234,13.3,17.4,15.4,9.5,0.6,5.5,17.5,16.5,0.6,0.3,0.9,0.132,-0.2,2.1,2,0.3,"$2,338,847 ",Trail Blazers,317,-0.7,0.9,0.3,-1.3,0.4,-0.8,-0.8,0.9,0.1,0.5
Sviatoslav Mykhailiuk,SF,22,DET,13,0,205,4.7,11.3,0.417,4.3,9,0.474,0.5,2.4,0.2,0.5,0.5,1,0.5,2.8,3.3,3.5,0.9,0.2,2.8,3.8,14.2,104,114,7.4,0.614,0.792,0.042,1.1,6.6,3.9,10.3,0.9,0.4,19.7,12.9,0.1,0.1,0.1,0.032,-1,-2.5,-3.5,-0.1,"$1,416,852 ",Pistons,205,-1.9,-3,-4.9,2.6,0.9,3.5,-1.2,-2.4,-3.6,-0.1
Tacko Fall,C,24,BOS,1,0,4,24,48.1,0.5,0,0,0,24,48.1,0.5,0,0,0,0,36.1,36.1,0,0,0,12,24,48.1,71,89,7.9,0.5,0,0,0,76.5,38.4,0,0,0,20,53.1,0,0,0,-0.221,-24.8,-14.3,-39.1,0,,Celtics,4,-31,-0.4,-31.4,-12.2,3.3,-8.9,-29.2,0,-29.2,-0.1
Taurean Waller-Prince,SF,25,BRK,18,18,540,7.2,17.7,0.41,4.2,10.5,0.402,3,7.1,0.422,1.6,2.2,0.72,1.2,8.2,9.4,2.8,1.3,0.4,3.4,4.4,20.2,98,110,10.5,0.544,0.595,0.122,2.7,18.1,10.5,8.7,1.3,0.7,15.3,19.6,-0.1,0.5,0.4,0.033,-1.7,-0.8,-2.5,-0.1,"$3,481,986 ",Nets,540,-1.8,0.5,-1.3,3.4,-1.5,1.9,-0.9,0.1,-0.8,0.6
Tim Hardaway,SG,27,DAL,17,4,396,8.5,20.8,0.407,4.5,12.3,0.363,4,8.5,0.471,3.6,4.7,0.769,0.6,3.5,4.1,4,0.8,0.2,0.8,4.2,25,117,114,14.2,0.547,0.593,0.227,1.3,7.3,4.4,12,0.8,0.4,3.6,20.8,0.8,0.2,1,0.116,1.8,-3.3,-1.6,0,"$18,150,000 ",Mavericks,396,2.2,0.5,2.7,2.9,3.4,6.3,2.3,1.1,3.4,1.2
Timothé Luwawu-Cabarrot,SG,24,BRK,2,0,6,0,15.5,0,0,7.8,0,0,7.8,0,7.8,15.5,0.5,0,0,0,0,0,0,0,0,7.8,41,118,-9,0.174,0.5,1,0,0,0,0,0,0,0,19.9,0,0,0,-0.305,-13.1,-6.5,-19.5,0,,Nets,6,-17.3,-9.3,-26.6,-20.9,1.5,-19.3,-18.8,-7.8,-26.6,-0.1
T.J. Leaf,PF,22,IND,15,1,158,8,17.7,0.448,1.5,3.4,0.455,6.4,14.4,0.447,1.5,2.4,0.625,6.1,11.3,17.4,1.8,2.1,0.9,1.8,4.3,19,109,100,16.6,0.504,0.19,0.138,13.8,25.3,19.6,5.2,2.1,1.7,8.9,18.3,0.2,0.3,0.5,0.145,-1.8,0.7,-1.1,0,"$2,813,280 ",Pacers,158,0.2,0.4,0.6,-7.2,5,-2.2,-1.1,1.2,0,0.2
Tomáš Satoranský,PG,28,CHI,19,19,495,6.2,13.5,0.462,2.4,5.4,0.439,3.9,8.1,0.477,1.7,2,0.857,1.6,4.4,6.1,9.2,2.7,0.3,3.9,4,16.6,110,108,14.5,0.575,0.399,0.147,3.4,10.3,6.7,29.3,2.7,0.6,21.2,16.1,0.5,0.5,1,0.102,-0.1,0.2,0.1,0.3,"$10,000,000 ",Bulls,495,0.7,2.3,3,6,-0.7,5.3,1.8,1.9,3.6,1.6
Tremont Waters,PG,22,BOS,1,0,20,4.8,16.8,0.286,2.4,12,0.2,2.4,4.8,0.5,4.8,4.8,1,0,4.8,4.8,7.2,2.4,4.8,4.8,4.8,16.8,87,99,10.8,0.444,0.714,0.286,0,10.2,5.1,20.6,2.4,9.4,20.2,21,0,0,0,0.02,-4.6,4,-0.6,0,,Celtics,20,3,6.6,9.6,19.9,3.4,23.3,6.3,6.3,12.5,0.2
Troy Brown,SG,20,WAS,13,9,275,6,13.9,0.434,1.2,3.8,0.304,4.8,10,0.483,1.5,1.7,0.9,2.8,7.2,10,4.5,2.3,0.2,2.5,2.3,14.7,104,114,12.3,0.503,0.277,0.12,6.6,17.5,11.9,12,2.3,0.3,14.6,15.3,0.1,0.1,0.2,0.04,-1.3,-0.1,-1.4,0,"$3,219,480 ",Wizards,275,-0.6,1.4,0.8,-0.8,0.5,-0.3,-0.7,1.4,0.7,0.5
Troy Williams,SF,24,SAC,21,0,312,6.6,14.6,0.449,2.1,6.6,0.318,4.5,8.1,0.556,1.3,2.2,0.6,1.8,7,8.8,1.6,1.5,1.2,1.3,5.5,16.6,106,111,10.5,0.531,0.449,0.153,3.9,15.9,9.7,4.7,1.5,2.2,7.9,15,0.1,0.3,0.4,0.064,-2.3,-0.3,-2.6,0,"$122,741 ",,,,,,,,,,,,
Tyler Cook,PF,22,CLE,6,0,17,14.2,17,0.833,0,0,0,14.2,17,0.833,5.7,5.7,1,8.5,5.7,14.2,0,2.8,0,2.8,2.8,34.1,154,111,34.9,0.872,0,0.333,18.6,12.9,15.8,0,2.8,0,12.7,19.8,0.1,0,0.1,0.322,5.6,-5.7,0,0,,Cavaliers,17,1.5,-1.5,0.1,-5.1,-0.4,-5.5,0.4,-1.3,-0.8,0
Tyler Lydon,PF,22,DEN,25,0,94,4.7,9.4,0.5,2.1,5.2,0.4,2.6,4.2,0.625,0.5,1.6,0.333,3.7,5.7,9.4,3.1,1,0,2.1,5.2,12,116,112,9.3,0.595,0.556,0.167,8,12.7,10.4,8.2,1,0,17.2,10.6,0.1,0.1,0.2,0.086,-1.4,-1.2,-2.5,0,"$50,000 ",,,,,,,,,,,,
Tyler Ulis,PG,23,CHI,1,0,1,0,0,0,0,0,0,0,0,0,0,0,0,0,0,0,0,0,0,0,0,0,0,122,0,0,0,0,0,0,0,0,0,0,0,0,0,0,0,-0.015,-6.7,-0.4,-7.1,0,"$50,000 ",,,,,,,,,,,,
Victor Oladipo,SG,26,IND,36,36,1147,10.6,25.1,0.423,3.2,9.2,0.343,7.5,15.9,0.47,4.4,6,0.73,0.9,7.7,8.6,7.9,2.6,0.5,3.5,3.1,28.8,104,105,17.6,0.519,0.367,0.24,2.1,17.1,9.8,25.2,2.6,0.9,11.2,27.9,0.4,1.9,2.3,0.097,1.3,1,2.3,1.3,"$21,000,000 ",,,,,,,,,,,,
Vlatko Čančar,SF,22,DEN,1,0,2,0,0,0,0,0,0,0,0,0,0,0,0,0,0,0,0,0,0,0,0,0,0,112,0,0,0,0,0,0,0,0,0,0,0,0,0,0,0,0.03,-6.3,1.4,-5,0,"$1,517,981 ",Nuggets,2,-10,-14.8,-24.9,-1,16.6,15.6,-8.7,-9.8,-18.6,0
Wendell Carter,C,20,CHI,19,19,545,7.9,13.6,0.582,0.2,1,0.167,7.7,12.6,0.616,4.5,6.4,0.693,6.1,9.8,15.9,1.5,0.9,1.4,2.2,6.6,20.5,123,107,18.1,0.623,0.076,0.475,12.8,22.7,17.5,4.9,0.9,2.7,12,16.4,1.3,0.7,1.9,0.17,-0.5,0.6,0.2,0.3,"$5,201,400 ",Bulls,545,-1.3,-1.9,-3.2,7.4,0.7,8.1,0.3,-1.5,-1.2,0.4
Wesley Iwundu,SF,25,ORL,9,3,132,3,11.5,0.258,0.4,3.4,0.111,2.6,8.2,0.318,4.8,6,0.813,1.1,6.3,7.4,2.6,1.5,0.7,1.5,3,11.2,88,107,6.1,0.394,0.29,0.516,2.3,14.3,8,7.3,1.5,1.4,9.5,13.8,-0.1,0.2,0,0.009,-6.1,0.7,-5.4,-0.1,"$1,618,520 ",Magic,132,-4.9,-0.2,-5.1,-1.4,-4.1,-5.5,-4.5,-1,-5.5,-0.2
Willy Hernangómez,C,25,CHO,6,0,48,7,17.1,0.412,2,4,0.5,5,13.1,0.385,3,6,0.5,5,7,12.1,2,1,3,3,2,19.1,97,111,13.9,0.484,0.235,0.353,11,17,13.9,6.3,1,5.5,13.3,20.3,0,0,0,0.02,-4.3,-0.2,-4.5,0,"$1,676,735 ",Hornets,48,-5.4,-2.2,-7.6,-12.1,-6.4,-18.5,-6.9,-2.9,-9.8,-0.2
Wilson Chandler,PF-SF,31,TOT,51,33,1177,4.6,11,0.418,2.4,6.3,0.373,2.2,4.6,0.478,0.7,1,0.72,1.9,6.7,8.6,3.3,1,0.8,1.8,4.9,12.2,107,112,8.5,0.537,0.579,0.092,4.4,14.6,9.7,9.1,1,1.4,13.9,11.8,0.5,1,1.5,0.062,-1.3,0.3,-1,0.3,"$2,564,753 ",,,,,,,,,,,,
Yante Maten,PF,22,MIA,2,0,13,3.8,15,0.25,0,3.8,0,3.8,11.3,0.333,0,0,0,3.8,7.5,11.3,0,3.8,0,0,0,7.5,70,104,5.7,0.25,0.25,0,8.2,16.4,12.3,0,3.8,0,0,13.2,0,0,0,-0.026,-8.9,-1.7,-10.6,0,"$100,000 ",,,,,,,,,,,,
Yuta Watanabe,SG,25,MEM,1,0,3,30.8,30.8,1,0,0,0,30.8,30.8,1,0,0,0,0,15.4,15.4,0,0,0,0,15.4,61.5,200,113,49.3,1,0,0,0,35.9,17.8,0,0,0,0,27.6,0,0,0,0.44,10.2,-10.9,-0.7,0,,Grizzlies,3,15,4,19,7.7,35.6,43.3,14.5,10.2,24.7,0
Zach Norvell,SG,22,LAL,2,0,5,0,9.6,0,0,0,0,0,9.6,0,0,0,0,0,9.6,9.6,0,0,0,0,0,0,0,107,-5.7,0,0,0,0,21.9,11.1,0,0,0,0,8.5,0,0,0,-0.148,-14.4,-2.7,-17.1,0,,Lakers,5,-10.1,-11.9,-22,-7.6,-9.6,-17.2,-10.2,-12.2,-22.3,0
Zhaire Smith,SG,19,PHI,6,2,111,6,14.5,0.412,2.6,6.8,0.375,3.4,7.7,0.444,2.6,3.4,0.75,1.3,4.3,5.5,4.3,0.9,0.9,2.6,3.4,17,105,113,9.5,0.533,0.471,0.235,2.9,9.3,6.2,12.3,0.9,1.4,13.8,16.4,0,0.1,0.1,0.048,-2.3,-1.7,-4,-0.1,"$3,058,800 ",,,,,,,,,,,,
Zylan Cheatham,SF,24,NOP,2,0,20,2.3,9.2,0.25,0,2.3,0,2.3,6.9,0.333,0,0,0,0,6.9,6.9,2.3,0,0,2.3,6.9,4.6,53,118,-3.4,0.25,0.25,0,0,16.5,7.9,6.1,0,0,20,10.1,-0.1,0,-0.1,-0.139,-9.4,-2.1,-11.5,0,,Pelicans,20,-8.2,-9.9,-18.2,-16.5,-17.9,-34.4,-10.2,-11.9,-22.1,-0.2
